Order ID,Order Date,Ship Date,Ship Mode,Customer ID,Customer Name,Last Name,Segment,City Type,Region,State,Postal Code,Category,Sub-Category,Sales,Quantity,Discount,Profit
ORD-000001,27-08-2019,30-08-2019,First Class,CUST-00408,Krishna,Iyer,Corporate,Tier 1,North,Delhi,585225.0,Clothing,Womenswear,4964.99,5.0,0.0,654.3
ORD-000002,15-02-2023,19-02-2023,Same Day,CUST-00596,Arjun,Patel,Consumer,Tier 1,East,Bihar,158758.0,Electronics,Accessories,80255.56,4.0,0.0,14238.38
ORD-000003,14-05-2020,20-05-2020,Same Day,CUST-00456,Vivaan,Chatterjee,Corporate,Tier 2,North,Rajasthan,254353.0,Electronics,Laptops,11988.36,1.0,0.05,2018.6
ORD-000004,17-02-2020,19-02-2020,First Class,CUST-00204,Rohan,Das,SMB,Village,South,Andhra Pradesh,135930.0,Clothing,Menswear,3258.82,2.0,0.3,552.42
ORD-000005,21-03-2023,25-03-2023,Standard Class,CUST-00041,Sai,Singh,SMB,Tier 2,South,Telangana,713499.0,Grocery,Snacks,2573.13,5.0,0.0,624.69
ORD-000006,08-03-2019,09-03-2019,Same Day,CUST-00558,Aarav,Singh,SMB,Tier 2,East,West Bengal,691369.0,Furniture,Furnishings,15241.87,2.0,0.2,1922.01
ORD-000007,25-01-2021,31-01-2021,Standard Class,CUST-00452,Saanvi,Menon,SMB,Tier 1,North,Rajasthan,312170.0,Furniture,Furnishings,7913.6,1.0,0.1,1560.84
ORD-000008,13-10-2022,16-10-2022,First Class,CUST-00528,Kavya,Patel,Corporate,Tier 2,North,Punjab,399575.0,Grocery,Beverages,1146.89,4.0,0.15,180.75
ORD-000009,12-02-2023,19-02-2023,Standard Class,CUST-00331,Sai,Verma,Corporate,Tier 1,North,Punjab,727776.0,Furniture,Tables,21818.95,2.0,0.0,4493.11
ORD-000010,07-07-2020,12-07-2020,First Class,CUST-00086,Meera,Das,SMB,Tier 2,East,Bihar,382600.0,Electronics,Cameras,26512.23,2.0,0.05,9981.93
ORD-000011,04-05-2019,08-05-2019,Second Class,CUST-00109,Aadhya,Gupta,Consumer,Village,East,West Bengal,630338.0,Grocery,Staples,1173.33,3.0,0.0,131.72
ORD-000012,31-08-2020,06-09-2020,Same Day,CUST-00537,Meera,Nair,Consumer,Tier 2,South,Kerala,677222.0,Electronics,Accessories,36785.77,3.0,0.1,3459.16
ORD-000013,10-06-2019,17-06-2019,First Class,CUST-00463,Diya,Das,Corporate,Tier 1,West,Madhya Pradesh,857993.0,Grocery,Household,160.71,1.0,0.2,16.8
ORD-000014,17-04-2023,19-04-2023,First Class,CUST-00272,Anika,Chatterjee,Corporate,Tier 1,East,Bihar,193199.0,Clothing,Footwear,4239.74,3.0,0.2,774.14
ORD-000015,28-09-2022,01-10-2022,Second Class,CUST-00480,Kavya,Bose,Corporate,Tier 2,North,Rajasthan,356128.0,Grocery,Household,1914.74,5.0,0.3,456.88
ORD-000016,27-04-2022,30-04-2022,Second Class,CUST-00179,Anika,Patel,Consumer,Tier 2,West,Maharashtra,363826.0,Clothing,Womenswear,1124.27,1.0,0.0,203.63
ORD-000017,08-12-2021,10-12-2021,First Class,CUST-00011,Myra,Iyer,Corporate,Tier 1,North,Uttar Pradesh,827837.0,Furniture,Tables,26909.35,5.0,0.0,5785.85
ORD-000018,04-02-2019,05-02-2019,First Class,CUST-00258,Vihaan,Sharma,Corporate,Tier 1,South,Tamil Nadu,123849.0,Grocery,Beverages,1205.84,3.0,0.15,185.42
ORD-000019,09-10-2022,14-10-2022,Standard Class,CUST-00556,Rohan,Verma,Consumer,Village,North,Rajasthan,129144.0,Clothing,Womenswear,3690.72,5.0,0.0,708.89
ORD-000020,26-06-2023,29-06-2023,Same Day,CUST-00517,Priya,Verma,SMB,Tier 1,South,Karnataka,495857.0,Electronics,Mobiles,40606.92,4.0,0.2,3134.35
ORD-000021,16-07-2022,21-07-2022,,CUST-00117,Isha,Nair,SMB,Village,West,Maharashtra,339299.0,Grocery,Staples,2127.85,4.0,0.15,235.78
ORD-000022,25-07-2020,31-07-2020,Second Class,CUST-00026,Aadhya,Menon,Consumer,Tier 1,West,Goa,173915.0,Grocery,Household,133.25,2.0,0.1,31.5
ORD-000023,21-12-2023,27-12-2023,Second Class,CUST-00380,Anika,Mukherjee,Corporate,Tier 1,North,Punjab,244564.0,Grocery,Snacks,419.35,1.0,0.0,91.51
ORD-000024,18-03-2023,19-03-2023,Second Class,CUST-00105,Rohan,Rao,SMB,Tier 2,South,Andhra Pradesh,334391.0,Clothing,Footwear,7325.68,5.0,0.0,1850.99
ORD-000025,27-06-2021,03-07-2021,Standard Class,CUST-00080,Krishna,Bose,Corporate,Village,East,Jharkhand,761409.0,Clothing,Womenswear,3616.83,3.0,0.05,694.61
ORD-000026,07-04-2022,08-04-2022,Second Class,CUST-00414,Vihaan,Gupta,SMB,Tier 2,South,Telangana,858701.0,Clothing,Kidswear,3358.84,2.0,0.0,927.77
ORD-000027,12-06-2019,15-06-2019,Same Day,CUST-00425,Aadhya,Rao,Corporate,Tier 2,North,Haryana,782903.0,Grocery,Staples,331.37,1.0,0.15,-11.55
ORD-000028,11-06-2023,18-06-2023,Second Class,CUST-00256,Meera,Iyer,Consumer,Village,South,Kerala,332439.0,Electronics,Accessories,58015.92,3.0,0.0,11738.9
ORD-000029,02-02-2021,03-02-2021,Same Day,CUST-00458,Saanvi,Joshi,SMB,Tier 2,West,Maharashtra,469781.0,Furniture,Furnishings,10864.33,2.0,0.05,2896.33
ORD-000030,22-01-2020,27-01-2020,,CUST-00151,Ananya,Gupta,Corporate,Tier 2,West,Maharashtra,178266.0,Grocery,Household,1619.86,3.0,0.0,174.67
ORD-000031,07-12-2023,09-12-2023,Same Day,CUST-00178,Aditya,Singh,SMB,Village,West,Gujarat,157489.0,Grocery,Staples,546.93,1.0,0.0,163.18
ORD-000032,08-11-2023,10-11-2023,First Class,CUST-00216,Reyansh,Joshi,Corporate,Tier 1,West,Goa,589475.0,Electronics,Cameras,45771.31,2.0,0.0,10983.13
ORD-000033,27-03-2020,31-03-2020,Same Day,CUST-00234,Aditya,Verma,SMB,Tier 2,South,Telangana,363827.0,Grocery,Staples,1336.08,3.0,0.3,285.91
ORD-000034,27-09-2020,28-09-2020,Same Day,CUST-00585,Meera,Bose,SMB,Tier 2,North,Punjab,780593.0,Grocery,Beverages,691.42,2.0,0.0,75.6
ORD-000035,02-07-2023,09-07-2023,Standard Class,CUST-00503,Sai,Bose,Consumer,Tier 1,West,Goa,653476.0,Electronics,Mobiles,70593.34,4.0,0.0,12947.56
ORD-000036,10-08-2023,15-08-2023,Second Class,CUST-00497,Aadhya,Joshi,Consumer,Tier 2,North,Haryana,430121.0,Furniture,Tables,2621.51,1.0,0.5,306.04
ORD-000037,11-09-2021,14-09-2021,Same Day,CUST-00004,Rohan,Iyer,SMB,Tier 2,West,Goa,139259.0,Electronics,Accessories,26732.53,3.0,0.0,4419.85
ORD-000038,04-06-2020,10-06-2020,Standard Class,CUST-00352,Rohan,Singh,Consumer,Tier 2,South,Tamil Nadu,722156.0,Electronics,Accessories,72095.68,4.0,0.15,6785.36
ORD-000039,14-06-2019,17-06-2019,Same Day,CUST-00333,Aadhya,Mukherjee,Corporate,Village,North,Delhi,687212.0,Clothing,Womenswear,1454.5,3.0,0.0,390.97
ORD-000040,07-03-2019,13-03-2019,Standard Class,CUST-00355,Vivaan,Iyer,Corporate,Tier 1,West,Maharashtra,726216.0,Grocery,Household,1233.97,2.0,0.15,152.24
ORD-000041,04-03-2020,11-03-2020,Same Day,CUST-00230,Aadhya,Verma,SMB,Tier 1,North,Haryana,752583.0,Clothing,Footwear,1631.58,1.0,0.0,307.06
ORD-000042,08-12-2019,11-12-2019,First Class,CUST-00482,Aadhya,Patel,Consumer,Tier 2,West,Maharashtra,619018.0,Grocery,Household,381.84,1.0,0.0,70.87
ORD-000043,03-03-2019,08-03-2019,First Class,CUST-00408,Krishna,Iyer,Corporate,Tier 1,North,Delhi,763319.0,Furniture,Chairs,30459.31,4.0,0.1,3760.92
ORD-000044,26-05-2023,30-05-2023,Standard Class,CUST-00565,Meera,Iyer,Corporate,Village,North,Uttar Pradesh,661679.0,Grocery,Snacks,568.26,4.0,0.1,13.64
ORD-000045,28-01-2020,31-01-2020,Second Class,CUST-00549,Vihaan,Das,SMB,Tier 1,West,Madhya Pradesh,394474.0,Clothing,Footwear,1755.45,1.0,0.3,222.77
ORD-000046,10-04-2020,15-04-2020,Standard Class,CUST-00091,Aadhya,Nair,Corporate,Tier 1,South,Karnataka,521284.0,Grocery,Household,1288.92,3.0,0.15,264.0
ORD-000047,23-01-2019,29-01-2019,Standard Class,CUST-00086,Meera,Das,SMB,Tier 2,East,Bihar,449590.0,Furniture,Tables,18674.76,3.0,0.0,5419.77
ORD-000048,28-01-2022,31-01-2022,First Class,CUST-00317,Priya,Verma,Consumer,Tier 1,South,Telangana,187257.0,Furniture,Chairs,41451.93,5.0,0.05,14052.57
ORD-000049,23-04-2020,25-04-2020,Standard Class,CUST-00596,Arjun,Patel,Consumer,Tier 1,East,Bihar,594134.0,Electronics,Mobiles,52630.14,3.0,0.3,9341.2
ORD-000050,18-08-2022,19-08-2022,First Class,CUST-00310,Arjun,Bose,SMB,Village,South,Andhra Pradesh,626906.0,Furniture,Chairs,23070.75,3.0,0.2,3504.89
ORD-000051,25-06-2022,01-07-2022,Second Class,CUST-00096,Arjun,Singh,SMB,Tier 2,West,Maharashtra,768958.0,Clothing,Womenswear,5551.03,5.0,0.05,1747.86
ORD-000052,01-01-2020,05-01-2020,First Class,CUST-00003,Aadhya,Chatterjee,Corporate,Tier 1,North,Rajasthan,724171.0,Electronics,Mobiles,16284.58,1.0,0.1,2808.72
ORD-000053,12-01-2021,19-01-2021,First Class,CUST-00298,Ishaan,Mukherjee,Consumer,Tier 2,South,Kerala,428962.0,Electronics,Laptops,87606.33,5.0,0.1,12170.37
ORD-000054,06-01-2023,08-01-2023,Same Day,CUST-00453,Aditya,Patel,SMB,Village,South,Andhra Pradesh,836956.0,Furniture,Storage,9895.47,4.0,0.2,1356.4
ORD-000055,27-12-2019,30-12-2019,Second Class,CUST-00082,Arjun,Rao,Corporate,Tier 1,West,Gujarat,821718.0,Furniture,Tables,45646.31,5.0,0.5,4192.26
ORD-000056,27-07-2022,31-07-2022,Standard Class,CUST-00138,Priya,Iyer,Corporate,Tier 2,West,Maharashtra,894712.0,Electronics,Laptops,34928.29,2.0,0.05,12006.51
ORD-000057,21-02-2021,23-02-2021,Same Day,CUST-00420,Isha,Mukherjee,Consumer,Tier 1,West,Goa,758347.0,Clothing,Menswear,5195.54,3.0,0.0,523.25
ORD-000058,21-02-2023,28-02-2023,Same Day,CUST-00456,Vivaan,Chatterjee,Corporate,Tier 2,North,Rajasthan,235912.0,Furniture,Tables,13299.53,2.0,0.2,2446.42
ORD-000059,06-04-2021,13-04-2021,Second Class,CUST-00237,Vivaan,Das,Consumer,Tier 1,North,Rajasthan,552372.0,Clothing,Menswear,6602.47,5.0,0.1,1563.18
ORD-000060,01-12-2019,05-12-2019,First Class,CUST-00505,Vihaan,Verma,Corporate,Tier 1,North,Delhi,691280.0,Clothing,Menswear,3352.41,3.0,0.3,577.69
ORD-000061,11-05-2021,14-05-2021,Standard Class,CUST-00172,Priya,Mukherjee,Corporate,Tier 2,West,Gujarat,477715.0,Furniture,Tables,17952.33,3.0,0.0,2123.79
ORD-000062,07-06-2019,12-06-2019,First Class,CUST-00205,Sai,Chatterjee,Corporate,Tier 1,North,Delhi,693853.0,Furniture,Chairs,35365.82,4.0,0.05,9988.42
ORD-000063,18-05-2023,20-05-2023,Same Day,CUST-00234,Aditya,Verma,SMB,Tier 2,South,Telangana,125719.0,Furniture,Chairs,42677.96,5.0,0.15,5908.81
ORD-000064,18-10-2021,23-10-2021,Standard Class,CUST-00414,Vihaan,Gupta,SMB,Tier 2,South,Telangana,381902.0,Clothing,Footwear,1134.3,1.0,0.1,317.72
ORD-000065,12-09-2019,13-09-2019,Second Class,CUST-00181,Sai,Joshi,Corporate,Tier 1,West,Maharashtra,,Electronics,Cameras,53296.26,5.0,0.05,6740.39
ORD-000066,2022/05/03,06-05-2022,Standard Class,CUST-00334,Aditya,Nair,SMB,Tier 2,East,Bihar,346266.0,Furniture,Tables,8998.46,3.0,0.0,1315.53
ORD-000067,09-10-2021,10-10-2021,Second Class,CUST-00425,Aadhya,Rao,Corporate,Tier 2,North,Haryana,468029.0,Furniture,Chairs,10049.6,2.0,0.15,1373.84
ORD-000068,31-08-2021,02-09-2021,Standard Class,CUST-00425,Aadhya,Rao,Corporate,Tier 2,North,Haryana,241541.0,Furniture,Furnishings,16181.67,2.0,0.3,1413.53
ORD-000069,14-08-2022,18-08-2022,First Class,CUST-00568,Arjun,Singh,SMB,Tier 2,North,Punjab,805661.0,Electronics,Mobiles,47909.15,5.0,0.15,6138.66
ORD-000070,02-10-2022,09-10-2022,Same Day,CUST-00420,Isha,Mukherjee,Consumer,Tier 1,West,Goa,573041.0,Furniture,Storage,14658.83,4.0,0.0,3618.24
ORD-000071,23-10-2019,26-10-2019,First Class,CUST-00490,Myra,Rao,SMB,Tier 1,South,Andhra Pradesh,139100.0,Grocery,Beverages,1571.65,4.0,0.0,273.5
ORD-000072,18-05-2021,19-05-2021,Standard Class,CUST-00390,Isha,Chatterjee,Corporate,Tier 2,North,Delhi,351407.0,Clothing,Menswear,5095.18,4.0,0.0,1442.93
ORD-000073,04-12-2020,08-12-2020,Standard Class,CUST-00348,Krishna,Verma,Corporate,Tier 2,North,Punjab,691864.0,Grocery,Beverages,1114.9,5.0,0.1,76.1
ORD-000074,06-10-2022,12-10-2022,First Class,CUST-00348,Krishna,Verma,Corporate,Tier 2,North,Punjab,460928.0,Clothing,Kidswear,3569.34,2.0,0.5,199.46
ORD-000075,02-12-2019,09-12-2019,Second Class,CUST-00343,Rohan,Rao,SMB,Tier 2,South,Tamil Nadu,798591.0,Clothing,Footwear,1129.95,1.0,0.0,108.29
ORD-000076,09-04-2020,13-04-2020,Standard Class,CUST-00017,Diya,Patel,Corporate,Tier 1,East,West Bengal,587740.0,Grocery,Snacks,446.42,1.0,0.5,53.57
ORD-000077,06-02-2020,12-02-2020,Standard Class,CUST-00035,Reyansh,Rao,Consumer,Tier 1,East,West Bengal,277563.0,Furniture,Chairs,10875.82,5.0,0.0,2676.07
ORD-000078,21-06-2021,23-06-2021,Second Class,CUST-00496,Vivaan,Das,Consumer,Tier 2,East,Jharkhand,404577.0,Grocery,Snacks,1433.48,3.0,0.05,194.6
ORD-000079,29-02-2020,05-03-2020,Second Class,CUST-00223,Rohan,Iyer,SMB,Tier 1,West,Madhya Pradesh,401175.0,Clothing,Footwear,1239.68,1.0,0.2,174.04
ORD-000080,25-04-2021,30-04-2021,First Class,CUST-00490,Myra,Rao,SMB,Tier 1,South,Andhra Pradesh,647273.0,Furniture,Furnishings,37093.87,5.0,0.1,7505.71
ORD-000081,19-01-2021,24-01-2021,Standard Class,CUST-00501,Vivaan,Rao,Consumer,Tier 2,North,Delhi,128977.0,Electronics,Cameras,31525.46,3.0,0.0,10027.95
ORD-000082,06-08-2019,08-08-2019,Standard Class,CUST-00013,Priya,Menon,Consumer,Tier 2,South,Kerala,199897.0,Grocery,Staples,325.27,1.0,0.1,52.86
ORD-000083,09-02-2020,12-02-2020,Same Day,CUST-00282,Aadhya,Mukherjee,Consumer,Tier 1,West,Madhya Pradesh,186646.0,Clothing,Womenswear,1483.91,1.0,0.1,241.37
ORD-000084,30-08-2022,31-08-2022,Second Class,CUST-00589,Aarav,Verma,Consumer,Tier 1,North,Uttar Pradesh,550056.0,Clothing,Footwear,3215.22,2.0,0.5,161.32
ORD-000085,22-11-2020,27-11-2020,First Class,CUST-00257,Reyansh,Nair,Corporate,Tier 2,North,Rajasthan,146080.0,Grocery,Beverages,2213.8,4.0,0.15,448.88
ORD-000086,2019/08/04,08-08-2019,Standard Class,CUST-00423,Sai,Bose,Consumer,Tier 1,South,Telangana,801892.0,Electronics,Accessories,45024.65,2.0,0.0,13033.63
ORD-000087,15-05-2022,20-05-2022,Second Class,CUST-00525,Ishaan,Reddy,Consumer,Tier 1,North,Haryana,647199.0,Electronics,Mobiles,7289.64,1.0,0.05,812.51
ORD-000088,03-08-2022,10-08-2022,Standard Class,CUST-00419,Priya,Nair,Consumer,Tier 1,East,West Bengal,669424.0,Grocery,Snacks,709.52,5.0,0.2,71.41
ORD-000089,27-01-2023,03-02-2023,Standard Class,CUST-00501,Vivaan,Rao,Consumer,Tier 2,North,Delhi,434621.0,Electronics,Mobiles,17081.14,1.0,0.2,3436.78
ORD-000090,09-12-2019,11-12-2019,Standard Class,CUST-00575,Vihaan,Menon,Consumer,Tier 1,North,Haryana,,Electronics,Cameras,39764.03,3.0,0.5,2278.39
ORD-000091,05-11-2023,12-11-2023,Same Day,CUST-00088,Ananya,Mukherjee,Corporate,Tier 2,West,Gujarat,305720.0,Grocery,Snacks,537.04,1.0,0.0,59.6
ORD-000092,31-12-2019,05-01-2020,Same Day,CUST-00171,Ishaan,Nair,Consumer,Village,East,Bihar,420365.0,Furniture,Tables,16798.87,2.0,0.0,3050.72
ORD-000093,24-01-2022,30-01-2022,Second Class,CUST-00368,Priya,Mukherjee,SMB,Tier 1,East,Odisha,584999.0,Grocery,Staples,1344.49,2.0,0.2,351.16
ORD-000094,08-01-2022,14-01-2022,First Class,CUST-00037,Vihaan,Nair,Corporate,Tier 2,North,Uttar Pradesh,793610.0,Electronics,Accessories,98587.08,5.0,0.3,16842.64
ORD-000095,28-06-2019,03-07-2019,Second Class,CUST-00513,Myra,Reddy,Corporate,Tier 1,East,Bihar,295883.0,Grocery,Household,1471.35,5.0,0.1,51.17
ORD-000096,15-10-2022,21-10-2022,First Class,CUST-00465,Aditya,Gupta,Corporate,Tier 1,East,West Bengal,459061.0,Furniture,Chairs,11445.17,2.0,0.05,2154.72
ORD-000097,18-08-2020,22-08-2020,Standard Class,CUST-00150,Anika,Menon,Consumer,Tier 1,North,Uttar Pradesh,693865.0,Electronics,Accessories,26554.75,2.0,0.05,245.87
ORD-000098,09-01-2019,14-01-2019,Second Class,CUST-00189,Aadhya,Das,Corporate,Village,South,Karnataka,398005.0,Grocery,Household,1770.48,4.0,0.1,192.96
ORD-000099,10-01-2019,13-01-2019,Second Class,CUST-00431,Krishna,Singh,Consumer,Tier 1,East,Odisha,403775.0,Clothing,Footwear,1177.61,1.0,0.5,78.47
ORD-000100,28-07-2020,02-08-2020,Standard Class,CUST-00269,Arjun,Joshi,SMB,Tier 2,North,Punjab,490295.0,Electronics,Laptops,108292.95,4.0,0.5,9357.68
ORD-000101,31-01-2022,02-02-2022,Standard Class,CUST-00519,Myra,Reddy,SMB,Tier 2,West,Gujarat,315919.0,Furniture,Tables,9330.61,1.0,0.15,2305.53
ORD-000102,26-07-2023,29-07-2023,Standard Class,CUST-00147,Anika,Mukherjee,SMB,Tier 1,North,Delhi,353363.0,Electronics,Laptops,108951.52,4.0,0.0,26753.68
ORD-000103,13-07-2023,18-07-2023,Standard Class,CUST-00058,Vihaan,Bose,SMB,Tier 2,South,Andhra Pradesh,587045.0,Grocery,Staples,247.37,2.0,0.0,39.18
ORD-000104,11-09-2021,14-09-2021,Same Day,CUST-00069,Saanvi,Sharma,Corporate,Tier 2,North,Punjab,739610.0,Grocery,Household,1558.33,5.0,0.0,412.3
ORD-000105,29-04-2021,06-05-2021,Standard Class,CUST-00235,Vihaan,Nair,SMB,Tier 1,North,Haryana,412220.0,Grocery,Staples,293.29,1.0,0.05,50.45
ORD-000106,20-04-2019,25-04-2019,Same Day,CUST-00118,Aditya,Sharma,Corporate,Tier 1,North,Uttar Pradesh,118853.0,Furniture,Storage,20249.91,3.0,0.05,5142.67
ORD-000107,03-04-2021,07-04-2021,First Class,CUST-00358,Anika,Menon,Consumer,Tier 1,West,Maharashtra,638661.0,Clothing,Menswear,3305.13,4.0,0.3,453.62
ORD-000108,25-04-2019,27-04-2019,First Class,CUST-00098,Vivaan,Menon,Consumer,Tier 2,West,Madhya Pradesh,599437.0,Grocery,Beverages,1094.02,4.0,0.0,190.29
ORD-000109,20-03-2019,22-03-2019,Standard Class,CUST-00324,Meera,Sharma,Corporate,Tier 2,North,Delhi,774445.0,Electronics,Accessories,64184.0,4.0,0.15,10564.34
ORD-000110,2019/05/09,10-05-2019,First Class,CUST-00226,Saanvi,Das,SMB,Tier 1,North,Uttar Pradesh,153940.0,Furniture,Furnishings,12872.55,2.0,0.3,489.4
ORD-000111,07-10-2020,13-10-2020,Same Day,CUST-00100,Myra,Verma,Consumer,Tier 1,East,Bihar,365399.0,Clothing,Womenswear,1004.11,1.0,0.1,179.25
ORD-000112,19-09-2023,20-09-2023,Standard Class,CUST-00550,Rohan,Joshi,Corporate,Tier 1,West,Gujarat,285363.0,Electronics,Cameras,21500.34,1.0,0.2,2180.91
ORD-000113,11-05-2022,13-05-2022,,CUST-00179,Anika,Patel,Consumer,Tier 2,West,Maharashtra,642408.0,Grocery,Snacks,1931.14,4.0,0.1,240.23
ORD-000114,18-10-2022,20-10-2022,Standard Class,CUST-00219,Reyansh,Iyer,Consumer,Tier 1,West,Maharashtra,892706.0,Clothing,Footwear,4292.75,5.0,0.1,768.1
ORD-000115,22-12-2019,27-12-2019,Second Class,CUST-00346,Priya,Rao,Consumer,Tier 2,South,Telangana,659937.0,Furniture,Tables,4269.33,1.0,0.1,794.16
ORD-000116,07-09-2021,13-09-2021,,CUST-00334,Aditya,Nair,SMB,Tier 2,East,Bihar,520000.0,Clothing,Footwear,1790.04,2.0,0.5,187.58
ORD-000117,2019/06/24,29-06-2019,Same Day,CUST-00127,Ishaan,Iyer,SMB,Tier 1,East,West Bengal,732518.0,Electronics,Cameras,41189.69,2.0,0.5,6956.44
ORD-000118,17-05-2019,20-05-2019,First Class,CUST-00449,Diya,Singh,Corporate,Tier 2,South,Telangana,330954.0,Grocery,Beverages,2584.93,5.0,0.05,419.64
ORD-000119,28-03-2022,31-03-2022,First Class,CUST-00280,Priya,Bose,Corporate,Tier 1,East,Bihar,189698.0,Electronics,Laptops,32770.53,3.0,0.0,5207.95
ORD-000120,18-03-2020,21-03-2020,Same Day,CUST-00099,Ishaan,Das,Corporate,Village,West,Madhya Pradesh,670590.0,Electronics,Laptops,67149.25,4.0,0.05,7011.69
ORD-000121,03-01-2023,08-01-2023,Same Day,CUST-00178,Aditya,Singh,SMB,Village,West,Gujarat,877086.0,Furniture,Tables,38156.48,5.0,0.0,9502.76
ORD-000122,17-01-2023,20-01-2023,First Class,CUST-00294,Isha,Gupta,SMB,Tier 2,East,Odisha,226824.0,Electronics,Mobiles,37245.96,2.0,0.15,2234.01
ORD-000123,11-12-2019,18-12-2019,Standard Class,CUST-00039,Ishaan,Gupta,Corporate,Village,East,Odisha,212143.0,Electronics,Laptops,35207.52,4.0,0.05,8852.93
ORD-000124,24-11-2019,28-11-2019,First Class,CUST-00385,Priya,Bose,SMB,Tier 1,East,Jharkhand,608245.0,Clothing,Footwear,4991.66,3.0,0.15,909.33
ORD-000125,11-03-2022,12-03-2022,First Class,CUST-00097,Priya,Verma,Corporate,Village,East,Bihar,172137.0,Electronics,Cameras,74787.11,4.0,0.0,19546.22
ORD-000126,19-01-2019,26-01-2019,Standard Class,CUST-00433,Krishna,Rao,Consumer,Tier 1,East,West Bengal,205831.0,Electronics,Laptops,12554.2,2.0,0.3,285.35
ORD-000127,04-08-2022,07-08-2022,Standard Class,CUST-00523,Isha,Singh,Corporate,Tier 2,West,Gujarat,120401.0,Grocery,Staples,196.61,1.0,0.0,59.14
ORD-000128,07-03-2021,10-03-2021,Standard Class,CUST-00561,Kavya,Rao,Corporate,Tier 1,South,Kerala,177525.0,Grocery,Snacks,716.33,3.0,0.0,192.76
ORD-000129,02-01-2023,06-01-2023,First Class,CUST-00479,Priya,Verma,Consumer,Tier 2,West,Maharashtra,425201.0,Clothing,Menswear,6265.55,4.0,0.5,851.96
ORD-000130,26-05-2019,28-05-2019,Same Day,CUST-00134,Diya,Reddy,Corporate,Tier 1,South,Andhra Pradesh,550192.0,Clothing,Menswear,2495.53,3.0,0.05,362.74
ORD-000131,15-10-2019,17-10-2019,Same Day,CUST-00446,Kavya,Rao,Corporate,Village,North,Rajasthan,637509.0,Grocery,Beverages,394.55,1.0,0.1,40.67
ORD-000132,21-06-2023,22-06-2023,First Class,CUST-00465,Aditya,Gupta,Corporate,Tier 1,East,West Bengal,551937.0,Clothing,Menswear,313.82,1.0,0.05,35.39
ORD-000133,23-09-2020,25-09-2020,Second Class,CUST-00518,Ishaan,Bose,Consumer,Tier 2,South,Telangana,351759.0,Furniture,Chairs,9439.07,3.0,0.0,1392.35
ORD-000134,21-08-2021,22-08-2021,Second Class,CUST-00389,Ishaan,Menon,Corporate,Tier 1,North,Uttar Pradesh,,Electronics,Cameras,86608.33,5.0,0.3,10617.17
ORD-000135,07-06-2020,08-06-2020,Same Day,CUST-00179,Anika,Patel,Consumer,Tier 2,West,Maharashtra,545465.0,Grocery,Staples,2361.17,5.0,0.2,446.4
ORD-000136,24-05-2023,25-05-2023,First Class,CUST-00330,Aditya,Joshi,Consumer,Tier 2,South,Karnataka,297737.0,Electronics,Laptops,39063.08,2.0,0.2,5220.78
ORD-000137,28-03-2022,03-04-2022,Same Day,CUST-00046,Sai,Menon,SMB,Tier 1,West,Madhya Pradesh,518738.0,Clothing,Womenswear,1582.24,1.0,0.1,323.0
ORD-000138,13-08-2022,14-08-2022,Standard Class,CUST-00488,Priya,Verma,SMB,Tier 1,North,Delhi,530719.0,Grocery,Snacks,1631.48,4.0,0.2,205.55
ORD-000139,15-04-2019,16-04-2019,Second Class,CUST-00039,Ishaan,Gupta,Corporate,Village,East,Odisha,373814.0,Grocery,Snacks,2547.49,5.0,0.1,370.07
ORD-000140,16-06-2022,23-06-2022,Same Day,CUST-00093,Myra,Nair,Corporate,Tier 2,East,Jharkhand,821078.0,Grocery,Household,861.6,3.0,0.3,91.91
ORD-000141,11-08-2020,15-08-2020,Same Day,CUST-00595,Vihaan,Sharma,Corporate,Tier 2,South,Telangana,311226.0,Furniture,Tables,1255.65,1.0,0.05,126.13
ORD-000142,30-06-2022,06-07-2022,First Class,CUST-00219,Reyansh,Iyer,Consumer,Tier 1,West,Maharashtra,,Electronics,Accessories,13869.14,2.0,0.05,814.57
ORD-000143,08-09-2023,10-09-2023,Second Class,CUST-00381,Ishaan,Chatterjee,Consumer,Village,South,Tamil Nadu,733477.0,Grocery,Beverages,2158.1,5.0,0.0,712.76
ORD-000144,09-05-2019,14-05-2019,Second Class,CUST-00005,Ananya,Patel,Corporate,Tier 1,North,Delhi,752638.0,Electronics,Cameras,18726.12,2.0,0.05,744.89
ORD-000145,28-02-2021,06-03-2021,Second Class,CUST-00226,Saanvi,Das,SMB,Tier 1,North,Uttar Pradesh,845687.0,Clothing,Kidswear,4961.89,5.0,0.0,1220.6
ORD-000146,30-12-2019,05-01-2020,,CUST-00424,Rohan,Bose,Consumer,Tier 1,East,Bihar,593947.0,Clothing,Kidswear,3803.74,2.0,0.2,667.86
ORD-000147,2019/08/24,29-08-2019,Same Day,CUST-00318,Meera,Bose,Consumer,Tier 2,North,Haryana,706638.0,Clothing,Womenswear,3677.75,5.0,0.2,556.7
ORD-000148,03-11-2023,09-11-2023,First Class,CUST-00249,Ananya,Verma,Consumer,Tier 1,North,Haryana,589096.0,Clothing,Kidswear,2382.07,1.0,0.15,425.24
ORD-000149,08-11-2023,12-11-2023,Same Day,CUST-00075,Rohan,Das,Corporate,Tier 1,North,Delhi,587542.0,Grocery,Staples,2075.01,5.0,0.5,230.43
ORD-000150,23-12-2021,26-12-2021,Standard Class,CUST-00460,Sai,Das,Consumer,Tier 1,North,Haryana,845887.0,Grocery,Staples,1390.87,4.0,0.15,317.41
ORD-000151,14-05-2021,15-05-2021,Same Day,CUST-00588,Saanvi,Sharma,Corporate,Tier 2,North,Rajasthan,736257.0,Electronics,Mobiles,25189.55,1.0,0.05,7105.89
ORD-000152,13-09-2021,20-09-2021,Second Class,CUST-00093,Myra,Nair,Corporate,Tier 2,East,Jharkhand,437425.0,Clothing,Kidswear,1943.06,3.0,0.0,135.06
ORD-000153,06-10-2021,08-10-2021,First Class,CUST-00276,Ishaan,Gupta,Consumer,Tier 2,North,Rajasthan,333973.0,Grocery,Snacks,715.1,2.0,0.05,152.2
ORD-000154,07-01-2022,11-01-2022,Same Day,CUST-00556,Rohan,Verma,Consumer,Village,North,Rajasthan,356849.0,Clothing,Kidswear,1573.53,1.0,0.5,202.97
ORD-000155,22-10-2022,29-10-2022,Standard Class,CUST-00135,Rohan,Singh,SMB,Tier 1,South,Andhra Pradesh,456585.0,Furniture,Chairs,3454.03,1.0,0.5,271.9
ORD-000156,24-03-2019,30-03-2019,Same Day,CUST-00493,Kavya,Menon,Consumer,Tier 1,East,Bihar,419075.0,Electronics,Mobiles,54885.91,4.0,0.3,10979.36
ORD-000157,17-06-2020,21-06-2020,Second Class,CUST-00448,Kavya,Gupta,Corporate,Tier 1,West,Maharashtra,744791.0,Grocery,Beverages,1274.36,5.0,0.0,87.28
ORD-000158,11-03-2020,15-03-2020,,CUST-00599,Sai,Reddy,Consumer,Tier 1,West,Gujarat,889405.0,Furniture,Furnishings,23495.23,4.0,0.05,4040.14
ORD-000159,30-12-2019,01-01-2020,Same Day,CUST-00149,Kavya,Sharma,Corporate,Tier 1,West,Goa,362009.0,Electronics,Accessories,34039.59,2.0,0.1,1739.24
ORD-000160,16-03-2023,19-03-2023,Second Class,CUST-00362,Reyansh,Verma,Corporate,Tier 1,West,Madhya Pradesh,682670.0,Furniture,Chairs,15937.6,2.0,0.5,1220.86
ORD-000161,12-05-2022,19-05-2022,Same Day,CUST-00466,Krishna,Iyer,Consumer,Tier 2,East,Odisha,185110.0,Grocery,Staples,1236.53,4.0,0.0,326.34
ORD-000162,14-05-2019,16-05-2019,Standard Class,CUST-00250,Aadhya,Reddy,SMB,Tier 2,West,Gujarat,670835.0,Clothing,Footwear,2187.71,2.0,0.3,249.73
ORD-000163,30-09-2020,02-10-2020,Same Day,CUST-00404,Aadhya,Verma,SMB,Village,East,Jharkhand,787341.0,Grocery,Beverages,1186.76,2.0,0.1,253.55
ORD-000164,05-07-2021,07-07-2021,Standard Class,CUST-00186,Aarav,Reddy,SMB,Tier 1,East,West Bengal,276577.0,Grocery,Staples,1968.49,5.0,0.1,232.67
ORD-000165,05-02-2021,08-02-2021,Same Day,CUST-00236,Diya,Gupta,Corporate,Tier 1,West,Madhya Pradesh,403998.0,Electronics,Laptops,30823.73,2.0,0.5,3155.12
ORD-000166,02-12-2022,09-12-2022,Standard Class,CUST-00367,Isha,Patel,Corporate,Village,South,Andhra Pradesh,801822.0,Grocery,Household,1304.28,2.0,0.05,267.45
ORD-000167,03-12-2019,09-12-2019,First Class,CUST-00437,Myra,Gupta,SMB,Tier 1,South,Andhra Pradesh,861827.0,Furniture,Chairs,11077.39,1.0,0.05,3121.84
ORD-000168,09-03-2020,15-03-2020,Standard Class,CUST-00024,Myra,Patel,Corporate,Tier 1,South,Andhra Pradesh,486742.0,Grocery,Snacks,1464.15,5.0,0.1,176.11
ORD-000169,02-06-2022,06-06-2022,Same Day,CUST-00253,Diya,Bose,Corporate,Tier 1,South,Karnataka,365021.0,Clothing,Footwear,1346.25,1.0,0.2,222.14
ORD-000170,20-11-2021,26-11-2021,Same Day,CUST-00441,Ishaan,Mukherjee,Consumer,Tier 1,North,Punjab,428350.0,Grocery,Household,2858.86,5.0,0.3,461.21
ORD-000171,03-04-2023,05-04-2023,First Class,CUST-00340,Saanvi,Menon,SMB,Tier 2,West,Maharashtra,739482.0,Clothing,Kidswear,5283.84,3.0,0.3,267.47
ORD-000172,28-03-2021,02-04-2021,Second Class,CUST-00426,Meera,Singh,SMB,Tier 1,South,Telangana,276094.0,Electronics,Cameras,51745.89,4.0,0.15,12728.62
ORD-000173,11-12-2019,12-12-2019,Same Day,CUST-00388,Reyansh,Sharma,Consumer,Tier 2,West,Goa,172109.0,Electronics,Laptops,68887.67,5.0,0.0,7401.64
ORD-000174,20-09-2022,24-09-2022,Second Class,CUST-00526,Aarav,Gupta,SMB,Tier 1,East,Bihar,398180.0,Grocery,Staples,1605.35,4.0,0.1,132.86
ORD-000175,09-12-2023,13-12-2023,Same Day,CUST-00142,Isha,Reddy,SMB,Tier 1,South,Telangana,298952.0,Electronics,Mobiles,50721.98,2.0,0.05,11028.17
ORD-000176,11-04-2022,18-04-2022,Same Day,CUST-00308,Kavya,Nair,Consumer,Tier 2,West,Goa,475288.0,Furniture,Storage,13124.65,2.0,0.5,544.56
ORD-000177,22-10-2023,27-10-2023,First Class,CUST-00486,Vihaan,Patel,SMB,Village,North,Uttar Pradesh,846383.0,Grocery,Staples,579.59,1.0,0.05,68.31
ORD-000178,06-02-2022,11-02-2022,Standard Class,CUST-00557,Ishaan,Reddy,Corporate,Village,West,Goa,761156.0,Grocery,Beverages,473.13,1.0,0.0,76.38
ORD-000179,27-01-2021,28-01-2021,Second Class,CUST-00295,Krishna,Patel,SMB,Tier 2,East,West Bengal,265303.0,Grocery,Snacks,822.57,2.0,0.05,86.85
ORD-000180,30-01-2022,06-02-2022,First Class,CUST-00013,Priya,Menon,Consumer,Tier 2,South,Kerala,803025.0,Grocery,Snacks,1055.14,2.0,0.3,126.99
ORD-000181,25-05-2020,27-05-2020,First Class,CUST-00595,Vihaan,Sharma,Corporate,Tier 2,South,Telangana,714812.0,Furniture,Chairs,47900.47,4.0,0.2,7115.31
ORD-000182,25-08-2019,28-08-2019,First Class,CUST-00019,Vivaan,Chatterjee,Corporate,Tier 2,East,Bihar,438428.0,Furniture,Tables,12061.8,5.0,0.5,1390.39
ORD-000183,05-06-2022,12-06-2022,First Class,CUST-00048,Aarav,Das,Corporate,Tier 2,South,Andhra Pradesh,326383.0,Furniture,Storage,4673.19,1.0,0.1,1012.03
ORD-000184,13-11-2020,19-11-2020,Second Class,CUST-00392,Aditya,Singh,Corporate,Village,North,Delhi,523198.0,Grocery,Snacks,599.43,4.0,0.2,69.28
ORD-000185,06-02-2020,09-02-2020,Same Day,CUST-00267,Saanvi,Gupta,SMB,Tier 2,South,Karnataka,664994.0,Clothing,Womenswear,7947.85,5.0,0.2,920.95
ORD-000186,09-10-2021,12-10-2021,Second Class,CUST-00017,Diya,Patel,Corporate,Tier 1,East,West Bengal,635378.0,Electronics,Cameras,29252.75,2.0,0.15,724.54
ORD-000187,29-12-2023,03-01-2024,Second Class,CUST-00491,Arjun,Chatterjee,Consumer,Tier 2,South,Tamil Nadu,862342.0,Electronics,Accessories,45671.3,3.0,0.0,6420.04
ORD-000188,02-06-2020,09-06-2020,Same Day,CUST-00431,Krishna,Singh,Consumer,Tier 1,East,Odisha,764345.0,Grocery,Beverages,335.31,2.0,0.0,32.04
ORD-000189,12-08-2021,18-08-2021,First Class,CUST-00290,Isha,Verma,Corporate,Tier 1,East,Jharkhand,348850.0,Clothing,Kidswear,487.19,5.0,0.2,75.12
ORD-000190,05-03-2020,09-03-2020,Same Day,CUST-00116,Kavya,Das,Consumer,Village,South,Andhra Pradesh,467123.0,Grocery,Snacks,340.66,1.0,0.05,39.3
ORD-000191,29-04-2023,01-05-2023,Second Class,CUST-00018,Aditya,Patel,SMB,Tier 2,East,Odisha,343928.0,Furniture,Furnishings,11114.98,2.0,0.0,1773.22
ORD-000192,16-11-2019,19-11-2019,First Class,CUST-00397,Arjun,Menon,Corporate,Tier 1,South,Telangana,299182.0,Grocery,Household,583.06,2.0,0.5,85.85
ORD-000193,05-12-2021,07-12-2021,Second Class,CUST-00392,Aditya,Singh,Corporate,Village,North,Delhi,497672.0,Clothing,Footwear,3973.0,3.0,0.15,631.1
ORD-000194,20-08-2023,22-08-2023,Same Day,CUST-00390,Isha,Chatterjee,Corporate,Tier 2,North,Delhi,270496.0,Furniture,Chairs,15785.02,5.0,0.0,2401.38
ORD-000195,15-02-2021,18-02-2021,Standard Class,CUST-00514,Kavya,Bose,Corporate,Tier 2,North,Punjab,671932.0,Furniture,Chairs,37498.19,5.0,0.3,8174.35
ORD-000196,10-09-2020,13-09-2020,Second Class,CUST-00594,Krishna,Joshi,SMB,Tier 1,North,Delhi,845542.0,Electronics,Laptops,28834.22,3.0,0.0,4059.54
ORD-000197,19-09-2019,24-09-2019,First Class,CUST-00114,Aarav,Menon,SMB,Tier 2,South,Tamil Nadu,517509.0,Furniture,Chairs,33112.02,5.0,0.5,4843.12
ORD-000198,01-11-2023,06-11-2023,Standard Class,CUST-00122,Aarav,Mukherjee,Corporate,Tier 1,West,Madhya Pradesh,267995.0,Clothing,Womenswear,1790.28,2.0,0.0,148.16
ORD-000199,13-12-2023,17-12-2023,Standard Class,CUST-00081,Ananya,Sharma,Corporate,Tier 1,North,Rajasthan,438468.0,Furniture,Chairs,23316.79,5.0,0.15,4585.89
ORD-000200,03-08-2022,06-08-2022,Same Day,CUST-00143,Ananya,Rao,Corporate,Tier 2,South,Andhra Pradesh,856042.0,Grocery,Beverages,254.32,1.0,0.0,15.33
ORD-000201,06-10-2019,09-10-2019,First Class,CUST-00040,Aarav,Patel,Corporate,Tier 1,South,Kerala,311028.0,Furniture,Furnishings,4632.28,1.0,0.05,931.24
ORD-000202,22-01-2023,26-01-2023,Standard Class,CUST-00026,Aadhya,Menon,Consumer,Tier 1,West,Goa,884199.0,Clothing,Womenswear,3014.3,5.0,0.0,196.72
ORD-000203,04-04-2022,09-04-2022,Same Day,CUST-00153,Myra,Gupta,SMB,Tier 1,East,Odisha,824148.0,Grocery,Beverages,2271.85,4.0,0.2,337.05
ORD-000204,13-04-2022,16-04-2022,Second Class,CUST-00385,Priya,Bose,SMB,Tier 1,East,Jharkhand,816225.0,Electronics,Laptops,73672.08,5.0,0.3,14678.67
ORD-000205,19-04-2020,24-04-2020,Standard Class,CUST-00451,Aadhya,Reddy,Consumer,Village,West,Maharashtra,674014.0,Furniture,Storage,12109.04,2.0,0.0,1443.53
ORD-000206,04-12-2019,07-12-2019,Same Day,CUST-00329,Vihaan,Singh,Consumer,Village,West,Gujarat,488719.0,Furniture,Furnishings,10994.22,2.0,0.5,635.84
ORD-000207,11-12-2022,16-12-2022,Second Class,CUST-00126,Aditya,Das,SMB,Village,East,Bihar,828070.0,Electronics,Mobiles,47858.32,2.0,0.3,6823.72
ORD-000208,25-01-2023,28-01-2023,Second Class,CUST-00389,Ishaan,Menon,Corporate,Tier 1,North,Uttar Pradesh,845629.0,Electronics,Mobiles,23457.88,3.0,0.2,2168.01
ORD-000209,12-09-2021,19-09-2021,Second Class,CUST-00065,Ananya,Nair,SMB,Tier 2,West,Gujarat,593617.0,Furniture,Tables,26798.32,5.0,0.0,6114.08
ORD-000210,04-10-2019,06-10-2019,First Class,CUST-00061,Kavya,Menon,SMB,Tier 2,East,Odisha,367279.0,Furniture,Chairs,13147.95,2.0,0.05,4485.44
ORD-000211,12-07-2020,15-07-2020,Second Class,CUST-00264,Diya,Mukherjee,SMB,Tier 2,East,Bihar,669600.0,Clothing,Womenswear,6538.56,5.0,0.5,1039.06
ORD-000212,17-01-2022,21-01-2022,Same Day,CUST-00312,Myra,Rao,Corporate,Tier 2,East,West Bengal,383375.0,Grocery,Household,901.31,2.0,0.3,45.09
ORD-000213,07-06-2023,10-06-2023,First Class,CUST-00330,Aditya,Joshi,Consumer,Tier 2,South,Karnataka,222052.0,Grocery,Snacks,457.2,2.0,0.15,88.21
ORD-000214,02-04-2019,05-04-2019,First Class,CUST-00480,Kavya,Bose,Corporate,Tier 2,North,Rajasthan,199899.0,Grocery,Snacks,412.9,1.0,0.15,58.93
ORD-000215,23-08-2021,29-08-2021,Standard Class,CUST-00381,Ishaan,Chatterjee,Consumer,Village,South,Tamil Nadu,479532.0,Furniture,Chairs,6128.13,1.0,0.15,896.26
ORD-000216,15-06-2021,19-06-2021,Standard Class,CUST-00415,Myra,Reddy,Corporate,Village,West,Madhya Pradesh,142720.0,Grocery,Staples,999.77,2.0,0.1,204.34
ORD-000217,13-08-2021,18-08-2021,First Class,CUST-00139,Priya,Nair,SMB,Tier 2,North,Punjab,417087.0,Electronics,Accessories,21346.88,2.0,0.05,3497.82
ORD-000218,02-06-2023,09-06-2023,Same Day,CUST-00012,Rohan,Das,SMB,Tier 2,West,Gujarat,671390.0,Clothing,Womenswear,205.76,2.0,0.2,23.3
ORD-000219,29-06-2023,01-07-2023,Same Day,CUST-00561,Kavya,Rao,Corporate,Tier 1,South,Kerala,659538.0,Clothing,Kidswear,4766.81,4.0,0.5,101.77
ORD-000220,26-09-2023,30-09-2023,Same Day,CUST-00485,Sai,Menon,Consumer,Tier 2,East,Jharkhand,585705.0,Electronics,Mobiles,11471.53,2.0,0.0,2569.94
ORD-000221,16-11-2019,23-11-2019,Standard Class,CUST-00059,Ishaan,Iyer,SMB,Tier 1,North,Delhi,744984.0,Grocery,Snacks,350.76,1.0,0.0,-4.73
ORD-000222,08-09-2021,12-09-2021,Second Class,CUST-00448,Kavya,Gupta,Corporate,Tier 1,West,Maharashtra,152811.0,Clothing,Menswear,3441.5,4.0,0.0,451.87
ORD-000223,10-05-2019,12-05-2019,Second Class,CUST-00050,Sai,Joshi,Consumer,Tier 1,West,Madhya Pradesh,245383.0,Clothing,Womenswear,6749.1,5.0,0.1,1050.47
ORD-000224,09-06-2023,11-06-2023,Standard Class,CUST-00092,Isha,Chatterjee,SMB,Tier 2,East,Jharkhand,652089.0,Clothing,Kidswear,5850.24,5.0,0.15,476.27
ORD-000225,02-12-2020,08-12-2020,Standard Class,CUST-00335,Aarav,Verma,Corporate,Tier 1,South,Telangana,624244.0,Electronics,Laptops,69458.35,5.0,0.2,8310.0
ORD-000226,15-04-2021,21-04-2021,Second Class,CUST-00286,Priya,Das,SMB,Tier 1,South,Tamil Nadu,319572.0,Furniture,Tables,18108.98,2.0,0.0,3804.44
ORD-000227,09-05-2019,15-05-2019,First Class,CUST-00010,Aadhya,Patel,Consumer,Tier 2,West,Gujarat,864948.0,Grocery,Snacks,213.57,1.0,0.15,40.42
ORD-000228,13-07-2022,17-07-2022,Same Day,CUST-00533,Aarav,Bose,Consumer,Village,East,Odisha,121889.0,Grocery,Snacks,1097.23,2.0,0.1,225.71
ORD-000229,22-01-2020,29-01-2020,Same Day,CUST-00421,Aadhya,Bose,SMB,Tier 2,North,Rajasthan,785388.0,Grocery,Staples,447.13,1.0,0.5,26.19
ORD-000230,16-03-2019,23-03-2019,Same Day,CUST-00005,Ananya,Patel,Corporate,Tier 1,North,Delhi,563027.0,Grocery,Staples,1742.68,5.0,0.0,212.25
ORD-000231,12-12-2021,16-12-2021,Second Class,CUST-00118,Aditya,Sharma,Corporate,Tier 1,North,Uttar Pradesh,455868.0,Electronics,Cameras,82436.28,5.0,0.0,1379.27
ORD-000232,03-08-2020,06-08-2020,Second Class,CUST-00413,Krishna,Iyer,SMB,Tier 2,North,Delhi,243687.0,Electronics,Cameras,60185.75,4.0,0.0,15107.62
ORD-000233,16-04-2020,22-04-2020,Standard Class,CUST-00528,Kavya,Patel,Corporate,Tier 2,North,Punjab,595741.0,Grocery,Staples,2035.71,5.0,0.1,507.07
ORD-000234,17-03-2019,22-03-2019,Standard Class,CUST-00513,Myra,Reddy,Corporate,Tier 1,East,Bihar,357701.0,Grocery,Snacks,1213.97,4.0,0.0,259.19
ORD-000235,11-09-2023,14-09-2023,Same Day,CUST-00565,Meera,Iyer,Corporate,Village,North,Uttar Pradesh,,Electronics,Accessories,22390.73,1.0,0.0,5104.34
ORD-000236,02-02-2019,03-02-2019,Same Day,CUST-00015,Priya,Iyer,SMB,Tier 2,North,Rajasthan,374724.0,Grocery,Staples,1124.83,4.0,0.15,91.89
ORD-000237,30-11-2019,07-12-2019,Same Day,CUST-00267,Saanvi,Gupta,SMB,Tier 2,South,Karnataka,141561.0,Grocery,Snacks,362.52,1.0,0.15,67.36
ORD-000238,20-07-2022,22-07-2022,First Class,CUST-00572,Reyansh,Menon,Corporate,Tier 1,South,Andhra Pradesh,895605.0,Clothing,Kidswear,5290.25,4.0,0.15,1211.99
ORD-000239,27-02-2021,28-02-2021,Standard Class,CUST-00264,Diya,Mukherjee,SMB,Tier 2,East,Bihar,509633.0,Electronics,Accessories,42158.68,2.0,0.1,2970.92
ORD-000240,18-02-2020,19-02-2020,Second Class,CUST-00102,Diya,Singh,Corporate,Tier 2,East,Bihar,273616.0,Clothing,Footwear,5205.6,5.0,0.15,457.18
ORD-000241,07-08-2022,09-08-2022,Standard Class,CUST-00309,Ishaan,Rao,SMB,Village,South,Andhra Pradesh,708235.0,Electronics,Cameras,34288.91,3.0,0.0,7307.23
ORD-000242,31-08-2020,02-09-2020,Standard Class,CUST-00216,Reyansh,Joshi,Corporate,Tier 1,West,Goa,507543.0,Furniture,Furnishings,23075.27,5.0,0.3,5075.26
ORD-000243,16-11-2020,19-11-2020,Standard Class,CUST-00331,Sai,Verma,Corporate,Tier 1,North,Punjab,397024.0,Grocery,Beverages,2181.73,5.0,0.1,406.26
ORD-000244,09-09-2023,10-09-2023,Standard Class,CUST-00091,Aadhya,Nair,Corporate,Tier 1,South,Karnataka,615004.0,Grocery,Snacks,785.27,2.0,0.0,179.86
ORD-000245,07-12-2019,11-12-2019,Same Day,CUST-00153,Myra,Gupta,SMB,Tier 1,East,Odisha,123865.0,Furniture,Storage,4040.23,1.0,0.05,1011.77
ORD-000246,08-01-2023,14-01-2023,Standard Class,CUST-00499,Reyansh,Bose,Corporate,Tier 2,East,West Bengal,465756.0,Electronics,Accessories,36061.99,2.0,0.0,4024.56
ORD-000247,15-04-2021,20-04-2021,First Class,CUST-00337,Aadhya,Patel,Consumer,Tier 1,South,Telangana,543775.0,Electronics,Cameras,24909.6,2.0,0.05,4938.15
ORD-000248,05-03-2020,08-03-2020,Same Day,CUST-00585,Meera,Bose,SMB,Tier 2,North,Punjab,663699.0,Furniture,Storage,11697.93,4.0,0.0,1144.31
ORD-000249,16-11-2019,23-11-2019,Standard Class,CUST-00127,Ishaan,Iyer,SMB,Tier 1,East,West Bengal,626821.0,Grocery,Snacks,348.24,1.0,0.05,1.68
ORD-000250,07-09-2023,11-09-2023,Same Day,CUST-00544,Vivaan,Mukherjee,Consumer,Tier 1,North,Rajasthan,617200.0,Electronics,Mobiles,9034.41,1.0,0.2,2325.25
ORD-000251,16-03-2020,19-03-2020,Same Day,CUST-00522,Ananya,Bose,SMB,Tier 2,North,Delhi,720663.0,Grocery,Snacks,2218.78,5.0,0.05,262.72
ORD-000252,2022/09/23,24-09-2022,Second Class,CUST-00321,Arjun,Rao,Corporate,Tier 1,North,Uttar Pradesh,119123.0,Electronics,Cameras,21724.96,1.0,0.05,1939.35
ORD-000253,01-02-2022,07-02-2022,Second Class,CUST-00404,Aadhya,Verma,SMB,Village,East,Jharkhand,417978.0,Furniture,Furnishings,17694.55,3.0,0.1,1993.05
ORD-000254,18-04-2023,25-04-2023,Second Class,CUST-00454,Priya,Patel,Corporate,Tier 1,West,Goa,616914.0,Grocery,Snacks,2999.84,5.0,0.0,507.54
ORD-000255,25-01-2021,01-02-2021,Same Day,CUST-00441,Ishaan,Mukherjee,Consumer,Tier 1,North,Punjab,686675.0,Electronics,Accessories,88521.87,4.0,0.1,19218.51
ORD-000256,13-03-2022,16-03-2022,Standard Class,CUST-00409,Diya,Chatterjee,SMB,Tier 2,South,Karnataka,191536.0,Clothing,Footwear,2289.89,4.0,0.2,321.95
ORD-000257,30-03-2019,01-04-2019,First Class,CUST-00061,Kavya,Menon,SMB,Tier 2,East,Odisha,494776.0,Furniture,Furnishings,7717.95,1.0,0.2,635.97
ORD-000258,05-02-2020,06-02-2020,Second Class,CUST-00589,Aarav,Verma,Consumer,Tier 1,North,Uttar Pradesh,375997.0,Furniture,Tables,18121.76,3.0,0.2,4233.67
ORD-000259,08-07-2022,13-07-2022,First Class,CUST-00239,Myra,Menon,Corporate,Tier 2,East,Jharkhand,319390.0,Electronics,Laptops,58676.81,5.0,0.0,7859.13
ORD-000260,10-08-2023,15-08-2023,Second Class,CUST-00397,Arjun,Menon,Corporate,Tier 1,South,Telangana,663112.0,Clothing,Kidswear,3584.84,3.0,0.05,527.2
ORD-000261,11-06-2021,16-06-2021,First Class,CUST-00551,Aadhya,Sharma,Consumer,Tier 1,South,Telangana,732480.0,Electronics,Cameras,17691.12,1.0,0.2,1962.58
ORD-000262,13-05-2019,18-05-2019,First Class,CUST-00404,Aadhya,Verma,SMB,Village,East,Jharkhand,876834.0,Furniture,Furnishings,4653.87,1.0,0.5,734.15
ORD-000263,28-11-2019,05-12-2019,Second Class,CUST-00522,Ananya,Bose,SMB,Tier 2,North,Delhi,598467.0,Furniture,Chairs,13358.55,2.0,0.1,1703.83
ORD-000264,21-06-2023,23-06-2023,Second Class,CUST-00392,Aditya,Singh,Corporate,Village,North,Delhi,444642.0,Grocery,Household,1207.42,4.0,0.0,372.04
ORD-000265,06-09-2019,10-09-2019,Same Day,CUST-00332,Aarav,Mukherjee,SMB,Tier 2,North,Delhi,509748.0,Furniture,Storage,13283.26,3.0,0.2,2724.35
ORD-000266,21-05-2020,27-05-2020,Second Class,CUST-00384,Krishna,Gupta,SMB,Tier 2,East,Odisha,392629.0,Clothing,Kidswear,6668.55,5.0,0.05,1070.44
ORD-000267,07-04-2019,13-04-2019,Standard Class,CUST-00423,Sai,Bose,Consumer,Tier 1,South,Telangana,240679.0,Clothing,Footwear,3163.21,2.0,0.0,1023.42
ORD-000268,08-11-2021,15-11-2021,Second Class,CUST-00001,Vivaan,Chatterjee,Corporate,Tier 2,South,Telangana,779015.0,Furniture,Tables,32885.81,4.0,0.5,3317.96
ORD-000269,30-01-2021,05-02-2021,Second Class,CUST-00409,Diya,Chatterjee,SMB,Tier 2,South,Karnataka,185892.0,Electronics,Accessories,78587.23,5.0,0.0,20400.97
ORD-000270,10-03-2021,15-03-2021,Same Day,CUST-00412,Ananya,Joshi,SMB,Tier 1,North,Punjab,413381.0,Electronics,Mobiles,19155.37,1.0,0.1,1369.55
ORD-000271,28-05-2020,29-05-2020,Same Day,CUST-00596,Arjun,Patel,Consumer,Tier 1,East,Bihar,189091.0,Electronics,Cameras,62480.17,4.0,0.0,12140.61
ORD-000272,11-09-2020,17-09-2020,Second Class,CUST-00525,Ishaan,Reddy,Consumer,Tier 1,North,Haryana,324423.0,Furniture,Furnishings,12706.39,4.0,0.5,1301.83
ORD-000273,19-08-2022,25-08-2022,Standard Class,CUST-00438,Aditya,Reddy,Consumer,Tier 2,South,Karnataka,634867.0,Electronics,Laptops,65731.22,5.0,0.1,11352.34
ORD-000274,25-10-2022,28-10-2022,Standard Class,CUST-00315,Diya,Iyer,Corporate,Tier 2,North,Delhi,750654.0,Grocery,Beverages,1874.06,5.0,0.05,441.32
ORD-000275,24-03-2020,26-03-2020,Second Class,CUST-00283,Diya,Sharma,SMB,Tier 2,South,Karnataka,553542.0,Grocery,Beverages,1398.59,4.0,0.1,345.45
ORD-000276,07-12-2019,11-12-2019,Second Class,CUST-00355,Vivaan,Iyer,Corporate,Tier 1,West,Maharashtra,713974.0,Furniture,Tables,15113.84,4.0,0.05,4074.33
ORD-000277,31-07-2020,03-08-2020,Same Day,CUST-00465,Aditya,Gupta,Corporate,Tier 1,East,West Bengal,289340.0,Furniture,Chairs,47418.42,5.0,0.2,3785.16
ORD-000278,10-12-2021,12-12-2021,Standard Class,CUST-00410,Kavya,Verma,Consumer,Tier 1,South,Karnataka,541079.0,Furniture,Storage,6815.96,1.0,0.0,932.54
ORD-000279,22-07-2019,29-07-2019,Standard Class,CUST-00238,Anika,Rao,Corporate,Tier 1,North,Haryana,391286.0,Grocery,Household,443.85,1.0,0.0,-31.73
ORD-000280,30-07-2023,06-08-2023,First Class,CUST-00327,Reyansh,Chatterjee,SMB,Tier 1,West,Madhya Pradesh,763043.0,Furniture,Chairs,11822.32,2.0,0.15,1137.24
ORD-000281,27-01-2020,31-01-2020,Same Day,CUST-00052,Meera,Verma,SMB,Village,West,Madhya Pradesh,417866.0,Clothing,Kidswear,4047.25,4.0,0.05,666.3
ORD-000282,07-10-2022,09-10-2022,Same Day,CUST-00004,Rohan,Iyer,SMB,Tier 2,West,Goa,838500.0,Furniture,Chairs,18164.86,4.0,0.2,5546.19
ORD-000283,30-09-2022,03-10-2022,Same Day,CUST-00098,Vivaan,Menon,Consumer,Tier 2,West,Madhya Pradesh,492864.0,Furniture,Storage,5063.14,1.0,0.1,875.46
ORD-000284,25-03-2021,29-03-2021,Standard Class,CUST-00574,Aditya,Menon,Corporate,Tier 1,South,Karnataka,226199.0,Grocery,Staples,1656.5,4.0,0.3,150.91
ORD-000285,15-01-2021,21-01-2021,Same Day,CUST-00581,Aditya,Sharma,Corporate,Tier 1,East,Jharkhand,563212.0,Clothing,Menswear,4995.02,3.0,0.1,904.61
ORD-000286,09-02-2020,11-02-2020,First Class,CUST-00305,Vivaan,Nair,SMB,Tier 2,West,Goa,386544.0,Electronics,Mobiles,76649.79,4.0,0.15,9174.22
ORD-000287,03-01-2021,09-01-2021,Standard Class,CUST-00589,Aarav,Verma,Consumer,Tier 1,North,Uttar Pradesh,729452.0,Furniture,Tables,7158.63,1.0,0.3,677.13
ORD-000288,19-05-2022,25-05-2022,Standard Class,CUST-00180,Ishaan,Rao,Consumer,Tier 2,North,Haryana,757717.0,Electronics,Laptops,79063.3,5.0,0.0,-3134.79
ORD-000289,21-12-2020,22-12-2020,Standard Class,CUST-00415,Myra,Reddy,Corporate,Village,West,Madhya Pradesh,624731.0,Furniture,Tables,13364.38,2.0,0.0,2238.73
ORD-000290,25-04-2023,26-04-2023,Standard Class,CUST-00122,Aarav,Mukherjee,Corporate,Tier 1,West,Madhya Pradesh,590846.0,Furniture,Chairs,7707.84,1.0,0.5,678.98
ORD-000291,15-11-2022,22-11-2022,Same Day,CUST-00171,Ishaan,Nair,Consumer,Village,East,Bihar,334699.0,Furniture,Furnishings,13665.81,4.0,0.15,466.01
ORD-000292,19-03-2020,24-03-2020,First Class,CUST-00382,Ananya,Verma,SMB,Tier 1,West,Madhya Pradesh,559741.0,Clothing,Kidswear,6235.37,4.0,0.15,535.53
ORD-000293,04-01-2022,07-01-2022,Same Day,CUST-00556,Rohan,Verma,Consumer,Village,North,Rajasthan,776365.0,Clothing,Footwear,1569.08,2.0,0.0,94.38
ORD-000294,12-05-2021,16-05-2021,Standard Class,CUST-00237,Vivaan,Das,Consumer,Tier 1,North,Rajasthan,145888.0,Grocery,Beverages,1500.3,3.0,0.05,159.63
ORD-000295,10-06-2020,17-06-2020,First Class,CUST-00428,Myra,Patel,Corporate,Tier 2,North,Rajasthan,668132.0,Furniture,Storage,6142.74,1.0,0.0,457.5
ORD-000296,04-02-2020,08-02-2020,Same Day,CUST-00074,Arjun,Mukherjee,SMB,Tier 1,West,Maharashtra,151896.0,Grocery,Staples,559.78,1.0,0.1,55.19
ORD-000297,12-12-2020,17-12-2020,Same Day,CUST-00062,Vihaan,Sharma,SMB,Tier 1,North,Uttar Pradesh,803820.0,Furniture,Furnishings,7139.62,1.0,0.15,1565.23
ORD-000298,23-08-2021,29-08-2021,First Class,CUST-00130,Aarav,Patel,SMB,Tier 1,South,Karnataka,487187.0,Furniture,Tables,25939.82,5.0,0.2,3706.39
ORD-000299,09-12-2019,12-12-2019,First Class,CUST-00590,Kavya,Chatterjee,Corporate,Tier 1,North,Delhi,576171.0,Clothing,Kidswear,5010.9,5.0,0.0,1491.13
ORD-000300,14-04-2022,19-04-2022,Same Day,CUST-00481,Meera,Chatterjee,Consumer,Tier 1,West,Maharashtra,802285.0,Grocery,Snacks,647.42,3.0,0.0,15.68
ORD-000301,20-10-2020,25-10-2020,,CUST-00313,Priya,Nair,Consumer,Tier 1,South,Telangana,227257.0,Electronics,Mobiles,68475.35,4.0,0.2,5465.85
ORD-000302,26-11-2021,27-11-2021,Second Class,CUST-00142,Isha,Reddy,SMB,Tier 1,South,Telangana,235061.0,Electronics,Laptops,60515.55,4.0,0.15,7936.54
ORD-000303,16-01-2020,22-01-2020,Same Day,CUST-00036,Priya,Chatterjee,Corporate,Tier 2,West,Maharashtra,828530.0,Furniture,Storage,24445.1,5.0,0.0,1279.05
ORD-000304,07-10-2021,09-10-2021,Same Day,CUST-00097,Priya,Verma,Corporate,Village,East,Bihar,374122.0,Clothing,Kidswear,4208.91,2.0,0.5,394.91
ORD-000305,04-11-2019,11-11-2019,Second Class,CUST-00191,Ishaan,Menon,Corporate,Tier 1,West,Goa,592183.0,Electronics,Cameras,54109.77,3.0,0.15,4235.34
ORD-000306,08-04-2022,14-04-2022,Standard Class,CUST-00461,Isha,Reddy,SMB,Tier 1,West,Goa,262258.0,Clothing,Womenswear,7475.78,4.0,0.2,994.29
ORD-000307,15-06-2020,21-06-2020,Second Class,CUST-00453,Aditya,Patel,SMB,Village,South,Andhra Pradesh,580678.0,Electronics,Mobiles,54680.64,3.0,0.1,10071.55
ORD-000308,18-08-2020,23-08-2020,Standard Class,CUST-00504,Kavya,Mukherjee,Consumer,Tier 1,South,Tamil Nadu,,Furniture,Storage,30594.51,4.0,0.1,2837.04
ORD-000309,27-01-2022,29-01-2022,Standard Class,CUST-00469,Vivaan,Reddy,SMB,Tier 1,East,West Bengal,252076.0,Clothing,Womenswear,1242.97,1.0,0.3,153.04
ORD-000310,06-02-2021,08-02-2021,Standard Class,CUST-00145,Aadhya,Singh,Consumer,Tier 2,West,Maharashtra,873422.0,Clothing,Womenswear,1671.48,1.0,0.5,230.4
ORD-000311,08-08-2019,12-08-2019,First Class,CUST-00294,Isha,Gupta,SMB,Tier 2,East,Odisha,539415.0,Clothing,Footwear,5189.74,5.0,0.0,1040.76
ORD-000312,03-03-2021,05-03-2021,Second Class,CUST-00034,Vihaan,Sharma,SMB,Tier 1,South,Kerala,133312.0,Grocery,Beverages,754.86,2.0,0.5,124.99
ORD-000313,06-04-2021,13-04-2021,Standard Class,CUST-00248,Diya,Chatterjee,SMB,Tier 2,East,Jharkhand,278657.0,Furniture,Chairs,6521.66,3.0,0.15,1913.6
ORD-000314,03-03-2021,06-03-2021,Same Day,CUST-00210,Reyansh,Mukherjee,Consumer,Tier 1,East,Odisha,514266.0,Furniture,Storage,9949.94,2.0,0.0,1273.91
ORD-000315,16-10-2022,22-10-2022,Same Day,CUST-00491,Arjun,Chatterjee,Consumer,Tier 2,South,Tamil Nadu,895857.0,Furniture,Chairs,16154.07,2.0,0.0,2330.88
ORD-000316,03-02-2023,06-02-2023,Second Class,CUST-00387,Arjun,Mukherjee,Consumer,Village,South,Kerala,275022.0,Electronics,Accessories,24057.67,4.0,0.0,7988.19
ORD-000317,10-11-2019,13-11-2019,Standard Class,CUST-00412,Ananya,Joshi,SMB,Tier 1,North,Punjab,848837.0,Grocery,Beverages,1563.14,4.0,0.05,186.83
ORD-000318,24-06-2022,29-06-2022,First Class,CUST-00361,Ishaan,Sharma,Consumer,Village,South,Karnataka,737700.0,Furniture,Storage,16113.24,3.0,0.05,1902.23
ORD-000319,18-11-2023,20-11-2023,Same Day,CUST-00469,Vivaan,Reddy,SMB,Tier 1,East,West Bengal,275603.0,Grocery,Snacks,1018.66,2.0,0.2,54.66
ORD-000320,13-09-2020,19-09-2020,Same Day,CUST-00301,Kavya,Menon,Consumer,Tier 1,North,Rajasthan,695941.0,Grocery,Staples,2094.71,4.0,0.15,209.85
ORD-000321,21-06-2023,27-06-2023,,CUST-00466,Krishna,Iyer,Consumer,Tier 2,East,Odisha,170370.0,Furniture,Storage,15463.92,2.0,0.0,4220.87
ORD-000322,16-07-2020,20-07-2020,Standard Class,CUST-00038,Aditya,Chatterjee,Consumer,Tier 2,South,Andhra Pradesh,501041.0,Clothing,Kidswear,506.41,1.0,0.05,43.33
ORD-000323,23-09-2022,25-09-2022,Same Day,CUST-00301,Kavya,Menon,Consumer,Tier 1,North,Rajasthan,673145.0,Furniture,Tables,3880.42,1.0,0.2,558.04
ORD-000324,06-01-2022,07-01-2022,Second Class,CUST-00029,Reyansh,Verma,Corporate,Tier 2,West,Gujarat,,Electronics,Mobiles,13568.0,1.0,0.15,1716.26
ORD-000325,11-02-2019,17-02-2019,First Class,CUST-00075,Rohan,Das,Corporate,Tier 1,North,Delhi,557991.0,Grocery,Beverages,1350.4,3.0,0.05,322.35
ORD-000326,10-05-2022,14-05-2022,Second Class,CUST-00074,Arjun,Mukherjee,SMB,Tier 1,West,Maharashtra,894348.0,Electronics,Cameras,30409.97,2.0,0.05,6160.2
ORD-000327,05-02-2019,12-02-2019,Same Day,CUST-00223,Rohan,Iyer,SMB,Tier 1,West,Madhya Pradesh,158368.0,Electronics,Accessories,18728.94,1.0,0.0,1909.1
ORD-000328,19-11-2021,23-11-2021,Standard Class,CUST-00148,Sai,Singh,Consumer,Tier 2,East,Odisha,156257.0,Furniture,Tables,14138.84,2.0,0.1,2033.19
ORD-000329,26-05-2021,01-06-2021,Same Day,CUST-00261,Reyansh,Chatterjee,Consumer,Village,West,Madhya Pradesh,103559.0,Electronics,Laptops,42865.44,3.0,0.0,4915.66
ORD-000330,20-10-2022,25-10-2022,Second Class,CUST-00481,Meera,Chatterjee,Consumer,Tier 1,West,Maharashtra,663336.0,Furniture,Tables,23010.74,3.0,0.2,5738.32
ORD-000331,21-04-2020,28-04-2020,First Class,CUST-00066,Aarav,Iyer,Corporate,Tier 1,West,Maharashtra,507511.0,Furniture,Furnishings,15933.16,3.0,0.0,2217.31
ORD-000332,13-03-2019,19-03-2019,Second Class,CUST-00494,Rohan,Patel,Corporate,Tier 1,West,Madhya Pradesh,381734.0,Furniture,Tables,18082.24,3.0,0.3,894.02
ORD-000333,10-10-2019,17-10-2019,Standard Class,CUST-00199,Diya,Nair,SMB,Tier 2,West,Gujarat,139790.0,Clothing,Womenswear,250.0,5.0,0.05,63.25
ORD-000334,23-12-2021,29-12-2021,First Class,CUST-00551,Aadhya,Sharma,Consumer,Tier 1,South,Telangana,833842.0,Clothing,Footwear,5825.0,5.0,0.3,749.16
ORD-000335,06-07-2020,13-07-2020,First Class,CUST-00457,Isha,Iyer,SMB,Tier 1,North,Punjab,259778.0,Grocery,Beverages,1962.73,5.0,0.5,303.54
ORD-000336,02-03-2022,06-03-2022,First Class,CUST-00333,Aadhya,Mukherjee,Corporate,Village,North,Delhi,890977.0,Clothing,Womenswear,4515.26,3.0,0.3,545.65
ORD-000337,08-10-2021,09-10-2021,Standard Class,CUST-00501,Vivaan,Rao,Consumer,Tier 2,North,Delhi,368356.0,Electronics,Accessories,46015.0,4.0,0.15,6790.45
ORD-000338,24-11-2020,27-11-2020,Second Class,CUST-00600,Reyansh,Das,Corporate,Tier 1,East,West Bengal,654998.0,Grocery,Beverages,2526.93,5.0,0.05,453.26
ORD-000339,21-08-2020,25-08-2020,First Class,CUST-00022,Anika,Mukherjee,Consumer,Tier 1,West,Gujarat,791059.0,Furniture,Furnishings,6149.72,1.0,0.3,568.23
ORD-000340,25-09-2019,28-09-2019,Standard Class,CUST-00088,Ananya,Mukherjee,Corporate,Tier 2,West,Gujarat,457614.0,Grocery,Beverages,582.74,3.0,0.3,40.77
ORD-000341,22-02-2023,24-02-2023,Same Day,CUST-00433,Krishna,Rao,Consumer,Tier 1,East,West Bengal,133871.0,Clothing,Womenswear,1800.24,2.0,0.2,397.09
ORD-000342,21-08-2019,26-08-2019,First Class,CUST-00179,Anika,Patel,Consumer,Tier 2,West,Maharashtra,524276.0,Grocery,Snacks,1816.81,4.0,0.0,334.14
ORD-000343,30-01-2021,04-02-2021,Same Day,CUST-00377,Kavya,Das,Consumer,Village,North,Punjab,615683.0,Clothing,Womenswear,1874.09,2.0,0.1,184.51
ORD-000344,10-12-2020,16-12-2020,Same Day,CUST-00541,Vivaan,Reddy,Consumer,Tier 1,West,Madhya Pradesh,492093.0,Electronics,Laptops,20538.52,1.0,0.3,2749.5
ORD-000345,11-04-2020,17-04-2020,Same Day,CUST-00313,Priya,Nair,Consumer,Tier 1,South,Telangana,763229.0,Clothing,Womenswear,7672.02,4.0,0.15,1583.45
ORD-000346,22-04-2022,23-04-2022,First Class,CUST-00471,Ishaan,Patel,Consumer,Village,South,Karnataka,270213.0,Electronics,Cameras,17609.97,1.0,0.0,3918.69
ORD-000347,21-01-2021,24-01-2021,Second Class,CUST-00072,Ishaan,Joshi,Corporate,Village,North,Uttar Pradesh,650268.0,Furniture,Storage,16655.06,2.0,0.05,3595.22
ORD-000348,17-12-2020,23-12-2020,Same Day,CUST-00121,Sai,Rao,SMB,Tier 1,North,Delhi,501957.0,Electronics,Accessories,51030.22,3.0,0.05,4868.01
ORD-000349,20-08-2022,23-08-2022,Same Day,CUST-00357,Kavya,Rao,Corporate,Village,North,Rajasthan,867952.0,Electronics,Accessories,52564.85,3.0,0.0,10886.97
ORD-000350,11-08-2023,18-08-2023,Same Day,CUST-00231,Myra,Iyer,SMB,Tier 2,East,West Bengal,617065.0,Electronics,Mobiles,10976.46,1.0,0.2,1011.93
ORD-000351,18-02-2021,21-02-2021,Same Day,CUST-00487,Vihaan,Bose,Corporate,Tier 2,South,Tamil Nadu,763988.0,Clothing,Womenswear,5997.96,4.0,0.15,496.11
ORD-000352,2019/01/04,10-01-2019,Second Class,CUST-00094,Saanvi,Reddy,SMB,Tier 2,East,Bihar,422398.0,Electronics,Cameras,32660.68,2.0,0.5,3847.02
ORD-000353,26-09-2022,03-10-2022,Second Class,CUST-00024,Myra,Patel,Corporate,Tier 1,South,Andhra Pradesh,524319.0,Clothing,Kidswear,1421.15,1.0,0.15,254.9
ORD-000354,17-03-2019,18-03-2019,Same Day,CUST-00116,Kavya,Das,Consumer,Village,South,Andhra Pradesh,214733.0,Clothing,Menswear,5329.15,4.0,0.2,1153.29
ORD-000355,25-04-2019,30-04-2019,Standard Class,CUST-00223,Rohan,Iyer,SMB,Tier 1,West,Madhya Pradesh,646315.0,Clothing,Kidswear,9011.44,5.0,0.5,800.28
ORD-000356,11-06-2019,12-06-2019,Same Day,CUST-00271,Vihaan,Reddy,SMB,Village,East,West Bengal,308217.0,Grocery,Staples,257.92,2.0,0.05,42.98
ORD-000357,2020/07/24,31-07-2020,Same Day,CUST-00378,Aadhya,Reddy,Corporate,Tier 1,North,Haryana,358735.0,Clothing,Kidswear,8151.17,4.0,0.3,1855.38
ORD-000358,30-03-2023,01-04-2023,Same Day,CUST-00579,Rohan,Reddy,Corporate,Tier 2,South,Tamil Nadu,372752.0,Clothing,Womenswear,6307.57,4.0,0.15,959.43
ORD-000359,15-12-2021,19-12-2021,Standard Class,CUST-00523,Isha,Singh,Corporate,Tier 2,West,Gujarat,474467.0,Grocery,Staples,306.4,1.0,0.0,92.59
ORD-000360,03-02-2022,07-02-2022,Second Class,CUST-00589,Aarav,Verma,Consumer,Tier 1,North,Uttar Pradesh,141947.0,Furniture,Chairs,10401.53,4.0,0.1,1064.54
ORD-000361,19-01-2023,25-01-2023,Second Class,CUST-00080,Krishna,Bose,Corporate,Village,East,Jharkhand,515050.0,Grocery,Household,1132.73,2.0,0.3,189.12
ORD-000362,18-09-2022,19-09-2022,First Class,CUST-00452,Saanvi,Menon,SMB,Tier 1,North,Rajasthan,447836.0,Furniture,Tables,7061.54,1.0,0.5,855.07
ORD-000363,09-05-2022,10-05-2022,Standard Class,CUST-00426,Meera,Singh,SMB,Tier 1,South,Telangana,151479.0,Clothing,Footwear,3274.0,3.0,0.5,418.15
ORD-000364,21-09-2020,26-09-2020,Standard Class,CUST-00398,Kavya,Nair,SMB,Tier 1,West,Madhya Pradesh,603053.0,Clothing,Womenswear,3245.37,2.0,0.0,1178.06
ORD-000365,13-10-2019,19-10-2019,Second Class,CUST-00370,Rohan,Gupta,Corporate,Tier 1,South,Tamil Nadu,218426.0,Clothing,Footwear,1168.0,1.0,0.0,255.44
ORD-000366,25-12-2021,30-12-2021,Second Class,CUST-00518,Ishaan,Bose,Consumer,Tier 2,South,Telangana,535240.0,Electronics,Cameras,29642.73,2.0,0.3,5886.26
ORD-000367,03-11-2021,04-11-2021,,CUST-00270,Sai,Rao,Consumer,Tier 1,East,Odisha,590970.0,Grocery,Staples,280.31,2.0,0.5,32.23
ORD-000368,22-05-2022,29-05-2022,First Class,CUST-00351,Saanvi,Joshi,Consumer,Village,South,Andhra Pradesh,885620.0,Electronics,Accessories,19235.59,1.0,0.1,5161.49
ORD-000369,12-10-2021,13-10-2021,Second Class,CUST-00320,Vivaan,Das,SMB,Village,North,Punjab,443321.0,Clothing,Womenswear,754.3,1.0,0.15,148.0
ORD-000370,10-05-2023,12-05-2023,Standard Class,CUST-00427,Saanvi,Mukherjee,SMB,Tier 1,East,Bihar,883878.0,Furniture,Storage,7671.33,1.0,0.1,2297.05
ORD-000371,19-01-2019,26-01-2019,Standard Class,CUST-00099,Ishaan,Das,Corporate,Village,West,Madhya Pradesh,714983.0,Clothing,Footwear,6116.72,4.0,0.15,686.01
ORD-000372,14-04-2023,15-04-2023,Standard Class,CUST-00253,Diya,Bose,Corporate,Tier 1,South,Karnataka,492230.0,Electronics,Mobiles,46168.12,3.0,0.2,3854.83
ORD-000373,16-11-2020,18-11-2020,Second Class,CUST-00379,Diya,Chatterjee,SMB,Tier 1,South,Andhra Pradesh,564324.0,Grocery,Staples,2330.47,4.0,0.3,212.73
ORD-000374,11-12-2019,14-12-2019,Same Day,CUST-00110,Diya,Gupta,SMB,Tier 1,East,Odisha,735849.0,Clothing,Kidswear,2937.85,2.0,0.05,322.4
ORD-000375,22-08-2021,23-08-2021,Second Class,CUST-00315,Diya,Iyer,Corporate,Tier 2,North,Delhi,656832.0,Electronics,Laptops,11224.8,1.0,0.5,990.72
ORD-000376,03-06-2022,06-06-2022,Standard Class,CUST-00395,Krishna,Patel,Consumer,Tier 2,South,Tamil Nadu,564377.0,Clothing,Footwear,5022.72,4.0,0.15,895.19
ORD-000377,11-11-2020,18-11-2020,First Class,CUST-00504,Kavya,Mukherjee,Consumer,Tier 1,South,Tamil Nadu,436453.0,Grocery,Snacks,259.29,1.0,0.3,30.38
ORD-000378,05-06-2019,06-06-2019,Standard Class,CUST-00118,Aditya,Sharma,Corporate,Tier 1,North,Uttar Pradesh,240008.0,Furniture,Storage,6358.21,2.0,0.15,1675.3
ORD-000379,27-06-2019,03-07-2019,Second Class,CUST-00208,Meera,Nair,Consumer,Tier 1,North,Punjab,529047.0,Grocery,Staples,382.59,1.0,0.2,76.26
ORD-000380,12-06-2023,16-06-2023,Standard Class,CUST-00504,Kavya,Mukherjee,Consumer,Tier 1,South,Tamil Nadu,421292.0,Clothing,Footwear,1689.55,2.0,0.5,221.43
ORD-000381,25-10-2022,28-10-2022,Same Day,CUST-00585,Meera,Bose,SMB,Tier 2,North,Punjab,811052.0,Electronics,Accessories,19111.47,1.0,0.2,1538.05
ORD-000382,05-10-2019,07-10-2019,Standard Class,CUST-00391,Meera,Singh,SMB,Tier 1,North,Haryana,700037.0,Furniture,Tables,13487.82,3.0,0.5,1369.74
ORD-000383,25-11-2020,27-11-2020,First Class,CUST-00039,Ishaan,Gupta,Corporate,Village,East,Odisha,730201.0,Grocery,Staples,1478.94,4.0,0.3,205.35
ORD-000384,01-04-2019,08-04-2019,Same Day,CUST-00041,Sai,Singh,SMB,Tier 2,South,Telangana,366448.0,Furniture,Furnishings,11549.71,2.0,0.0,1984.04
ORD-000385,13-03-2020,14-03-2020,Same Day,CUST-00450,Ishaan,Chatterjee,Corporate,Tier 1,East,Jharkhand,828713.0,Furniture,Tables,8580.51,1.0,0.0,-1468.38
ORD-000386,27-01-2023,02-02-2023,Standard Class,CUST-00216,Reyansh,Joshi,Corporate,Tier 1,West,Goa,357529.0,Grocery,Snacks,71.0,1.0,0.5,7.66
ORD-000387,09-06-2019,12-06-2019,Standard Class,CUST-00218,Aarav,Mukherjee,SMB,Tier 1,North,Delhi,471999.0,Clothing,Footwear,8372.12,5.0,0.0,492.35
ORD-000388,28-12-2023,01-01-2024,Standard Class,CUST-00443,Kavya,Chatterjee,Consumer,Tier 1,South,Karnataka,236290.0,Grocery,Household,1293.03,4.0,0.3,150.43
ORD-000389,18-04-2022,22-04-2022,First Class,CUST-00364,Rohan,Bose,Corporate,Tier 2,West,Gujarat,584194.0,Grocery,Snacks,880.13,2.0,0.3,106.19
ORD-000390,01-11-2020,02-11-2020,First Class,CUST-00306,Krishna,Das,Consumer,Village,East,Odisha,615300.0,Grocery,Household,714.9,2.0,0.3,76.94
ORD-000391,04-01-2020,07-01-2020,Standard Class,CUST-00150,Anika,Menon,Consumer,Tier 1,North,Uttar Pradesh,656746.0,Furniture,Tables,10405.11,2.0,0.15,888.9
ORD-000392,22-08-2022,24-08-2022,Second Class,CUST-00105,Rohan,Rao,SMB,Tier 2,South,Andhra Pradesh,807002.0,Furniture,Storage,10870.09,2.0,0.15,2725.5
ORD-000393,15-05-2023,22-05-2023,First Class,CUST-00139,Priya,Nair,SMB,Tier 2,North,Punjab,258751.0,Electronics,Cameras,63027.35,3.0,0.0,11447.32
ORD-000394,09-07-2022,16-07-2022,Same Day,CUST-00163,Priya,Sharma,SMB,Tier 1,South,Kerala,644384.0,Electronics,Cameras,250.0,5.0,0.0,52.66
ORD-000395,06-02-2023,12-02-2023,First Class,CUST-00256,Meera,Iyer,Consumer,Village,South,Kerala,543559.0,Electronics,Accessories,47398.73,3.0,0.1,7735.76
ORD-000396,23-11-2021,26-11-2021,Standard Class,CUST-00019,Vivaan,Chatterjee,Corporate,Tier 2,East,Bihar,272379.0,Grocery,Snacks,195.88,2.0,0.3,25.04
ORD-000397,30-10-2019,31-10-2019,Standard Class,CUST-00284,Myra,Sharma,SMB,Tier 1,East,Jharkhand,241121.0,Electronics,Mobiles,62868.89,3.0,0.1,15310.26
ORD-000398,14-10-2020,18-10-2020,Same Day,CUST-00187,Isha,Joshi,Corporate,Village,East,Odisha,693321.0,Clothing,Footwear,2290.95,2.0,0.0,483.51
ORD-000399,2023/03/27,31-03-2023,Same Day,CUST-00193,Vihaan,Bose,SMB,Tier 1,East,Bihar,193283.0,Clothing,Kidswear,1335.15,1.0,0.05,472.98
ORD-000400,28-11-2022,04-12-2022,First Class,CUST-00037,Vihaan,Nair,Corporate,Tier 2,North,Uttar Pradesh,209215.0,Clothing,Menswear,5779.53,5.0,0.1,998.49
ORD-000401,23-08-2021,27-08-2021,Same Day,CUST-00341,Vihaan,Patel,SMB,Village,South,Karnataka,575668.0,Electronics,Accessories,31791.58,2.0,0.15,3568.75
ORD-000402,11-09-2019,17-09-2019,Same Day,CUST-00522,Ananya,Bose,SMB,Tier 2,North,Delhi,500367.0,Clothing,Menswear,4084.64,5.0,0.05,472.48
ORD-000403,28-03-2020,03-04-2020,First Class,CUST-00069,Saanvi,Sharma,Corporate,Tier 2,North,Punjab,542128.0,Grocery,Snacks,1436.34,2.0,0.0,169.42
ORD-000404,29-12-2022,31-12-2022,Standard Class,CUST-00394,Meera,Das,Corporate,Tier 2,West,Madhya Pradesh,234363.0,Clothing,Kidswear,1592.29,2.0,0.3,187.26
ORD-000405,11-04-2021,15-04-2021,Standard Class,CUST-00546,Ishaan,Patel,SMB,Tier 1,East,Jharkhand,444180.0,Furniture,Chairs,15397.41,3.0,0.15,2074.12
ORD-000406,26-05-2019,28-05-2019,Standard Class,CUST-00046,Sai,Menon,SMB,Tier 1,West,Madhya Pradesh,278954.0,Grocery,Staples,2355.36,5.0,0.1,545.28
ORD-000407,04-12-2020,07-12-2020,First Class,CUST-00364,Rohan,Bose,Corporate,Tier 2,West,Gujarat,896326.0,Grocery,Beverages,375.51,1.0,0.1,85.88
ORD-000408,13-07-2023,17-07-2023,First Class,CUST-00454,Priya,Patel,Corporate,Tier 1,West,Goa,599644.0,Electronics,Accessories,22555.14,1.0,0.15,4574.73
ORD-000409,31-05-2021,05-06-2021,Standard Class,CUST-00321,Arjun,Rao,Corporate,Tier 1,North,Uttar Pradesh,870702.0,Grocery,Household,196.35,1.0,0.2,24.82
ORD-000410,14-10-2020,20-10-2020,Second Class,CUST-00226,Saanvi,Das,SMB,Tier 1,North,Uttar Pradesh,215306.0,Electronics,Cameras,52601.51,3.0,0.1,6220.54
ORD-000411,19-10-2022,26-10-2022,Same Day,CUST-00058,Vihaan,Bose,SMB,Tier 2,South,Andhra Pradesh,600881.0,Grocery,Beverages,1699.41,4.0,0.0,131.96
ORD-000412,26-04-2021,03-05-2021,Same Day,CUST-00094,Saanvi,Reddy,SMB,Tier 2,East,Bihar,202700.0,Clothing,Footwear,3535.77,3.0,0.5,309.75
ORD-000413,14-11-2019,17-11-2019,Second Class,CUST-00341,Vihaan,Patel,SMB,Village,South,Karnataka,199553.0,Grocery,Staples,1277.66,2.0,0.05,194.09
ORD-000414,11-02-2023,14-02-2023,Same Day,CUST-00526,Aarav,Gupta,SMB,Tier 1,East,Bihar,756918.0,Clothing,Menswear,3664.76,3.0,0.1,507.17
ORD-000415,30-04-2020,04-05-2020,Second Class,CUST-00344,Aadhya,Chatterjee,Corporate,Tier 2,South,Andhra Pradesh,536027.0,Electronics,Laptops,31370.3,3.0,0.0,9076.5
ORD-000416,08-03-2020,14-03-2020,Standard Class,CUST-00017,Diya,Patel,Corporate,Tier 1,East,West Bengal,325309.0,Clothing,Kidswear,1257.86,1.0,0.5,135.95
ORD-000417,17-02-2020,18-02-2020,Standard Class,CUST-00185,Aditya,Rao,Consumer,Tier 2,West,Gujarat,,Furniture,Furnishings,11566.19,2.0,0.05,2497.55
ORD-000418,08-04-2022,11-04-2022,Standard Class,CUST-00110,Diya,Gupta,SMB,Tier 1,East,Odisha,238538.0,Clothing,Kidswear,3644.71,5.0,0.0,878.84
ORD-000419,16-06-2021,17-06-2021,Standard Class,CUST-00413,Krishna,Iyer,SMB,Tier 2,North,Delhi,683392.0,Grocery,Snacks,289.47,2.0,0.0,31.53
ORD-000420,21-02-2021,22-02-2021,First Class,CUST-00370,Rohan,Gupta,Corporate,Tier 1,South,Tamil Nadu,528549.0,Clothing,Womenswear,1113.16,1.0,0.15,180.14
ORD-000421,31-10-2023,02-11-2023,First Class,CUST-00435,Sai,Iyer,Corporate,Village,South,Tamil Nadu,394170.0,Furniture,Furnishings,29292.9,5.0,0.0,8134.89
ORD-000422,15-05-2019,21-05-2019,Standard Class,CUST-00230,Aadhya,Verma,SMB,Tier 1,North,Haryana,471184.0,Clothing,Womenswear,3536.3,3.0,0.1,905.05
ORD-000423,02-05-2019,04-05-2019,Second Class,CUST-00106,Myra,Menon,Corporate,Tier 2,East,Jharkhand,527840.0,Furniture,Furnishings,11132.28,2.0,0.5,-101.86
ORD-000424,09-03-2023,11-03-2023,Second Class,CUST-00385,Priya,Bose,SMB,Tier 1,East,Jharkhand,229692.0,Furniture,Tables,13020.67,2.0,0.5,1008.35
ORD-000425,22-01-2022,27-01-2022,Same Day,CUST-00279,Vihaan,Joshi,Consumer,Tier 2,South,Andhra Pradesh,361086.0,Clothing,Womenswear,4710.38,4.0,0.2,861.2
ORD-000426,20-03-2023,23-03-2023,Standard Class,CUST-00483,Isha,Singh,Corporate,Tier 2,East,Jharkhand,314498.0,Grocery,Beverages,997.28,2.0,0.0,240.41
ORD-000427,07-11-2021,09-11-2021,First Class,CUST-00553,Priya,Chatterjee,Corporate,Tier 1,West,Maharashtra,581984.0,Furniture,Chairs,28993.74,5.0,0.2,3902.85
ORD-000428,01-12-2022,04-12-2022,Second Class,CUST-00589,Aarav,Verma,Consumer,Tier 1,North,Uttar Pradesh,877711.0,Grocery,Beverages,897.07,2.0,0.5,138.85
ORD-000429,20-04-2022,25-04-2022,Same Day,CUST-00233,Diya,Bose,Corporate,Village,East,Odisha,675566.0,Grocery,Snacks,506.04,1.0,0.0,88.58
ORD-000430,05-09-2021,09-09-2021,Standard Class,CUST-00367,Isha,Patel,Corporate,Village,South,Andhra Pradesh,584584.0,Grocery,Staples,1511.35,4.0,0.0,183.48
ORD-000431,16-10-2021,20-10-2021,Same Day,CUST-00254,Vihaan,Gupta,Corporate,Tier 1,West,Maharashtra,641883.0,Furniture,Tables,4872.57,1.0,0.3,550.13
ORD-000432,21-09-2020,24-09-2020,First Class,CUST-00019,Vivaan,Chatterjee,Corporate,Tier 2,East,Bihar,631935.0,Furniture,Storage,37799.92,4.0,0.15,6692.67
ORD-000433,30-01-2020,01-02-2020,Standard Class,CUST-00244,Meera,Menon,Consumer,Village,West,Madhya Pradesh,507798.0,Furniture,Furnishings,19827.32,3.0,0.15,-462.07
ORD-000434,17-10-2023,21-10-2023,Standard Class,CUST-00187,Isha,Joshi,Corporate,Village,East,Odisha,177160.0,Furniture,Furnishings,18436.8,5.0,0.3,1215.21
ORD-000435,14-03-2022,15-03-2022,Second Class,CUST-00298,Ishaan,Mukherjee,Consumer,Tier 2,South,Kerala,733349.0,Clothing,Footwear,1059.28,1.0,0.0,230.03
ORD-000436,15-11-2019,21-11-2019,Same Day,CUST-00563,Vihaan,Mukherjee,Corporate,Tier 1,South,Kerala,336019.0,Electronics,Laptops,12060.34,1.0,0.0,3851.89
ORD-000437,23-03-2020,24-03-2020,Second Class,CUST-00570,Vivaan,Mukherjee,Corporate,Tier 2,South,Karnataka,143448.0,Furniture,Storage,27750.43,5.0,0.2,2750.67
ORD-000438,05-11-2019,06-11-2019,Standard Class,CUST-00504,Kavya,Mukherjee,Consumer,Tier 1,South,Tamil Nadu,755428.0,Furniture,Chairs,40517.95,5.0,0.1,9318.77
ORD-000439,30-09-2022,03-10-2022,Same Day,CUST-00395,Krishna,Patel,Consumer,Tier 2,South,Tamil Nadu,314736.0,Clothing,Menswear,1111.45,1.0,0.2,172.14
ORD-000440,05-05-2020,08-05-2020,Same Day,CUST-00504,Kavya,Mukherjee,Consumer,Tier 1,South,Tamil Nadu,785144.0,Electronics,Cameras,45200.99,2.0,0.5,7095.99
ORD-000441,21-03-2022,27-03-2022,Same Day,CUST-00190,Sai,Mukherjee,Consumer,Tier 1,East,West Bengal,263537.0,Grocery,Household,223.05,2.0,0.3,20.09
ORD-000442,06-03-2019,11-03-2019,Standard Class,CUST-00054,Myra,Patel,Corporate,Tier 2,West,Maharashtra,809590.0,Electronics,Laptops,47848.11,5.0,0.0,12395.87
ORD-000443,10-06-2021,15-06-2021,First Class,CUST-00211,Anika,Menon,Corporate,Tier 1,North,Rajasthan,402804.0,Clothing,Footwear,319.58,4.0,0.0,110.78
ORD-000444,22-04-2020,25-04-2020,First Class,CUST-00359,Rohan,Rao,Corporate,Tier 2,North,Delhi,314590.0,Clothing,Kidswear,1342.92,1.0,0.0,159.24
ORD-000445,06-09-2020,10-09-2020,Second Class,CUST-00160,Arjun,Iyer,Corporate,Tier 2,West,Goa,798423.0,Furniture,Storage,8120.34,1.0,0.15,1368.96
ORD-000446,05-02-2021,11-02-2021,Same Day,CUST-00272,Anika,Chatterjee,Corporate,Tier 1,East,Bihar,597712.0,Grocery,Household,1423.58,3.0,0.1,207.98
ORD-000447,21-08-2020,24-08-2020,Same Day,CUST-00531,Krishna,Bose,SMB,Tier 1,North,Uttar Pradesh,477644.0,Furniture,Tables,31435.34,5.0,0.3,2497.33
ORD-000448,15-02-2022,19-02-2022,Same Day,CUST-00313,Priya,Nair,Consumer,Tier 1,South,Telangana,349643.0,Grocery,Beverages,626.01,2.0,0.0,81.36
ORD-000449,18-05-2023,20-05-2023,Second Class,CUST-00218,Aarav,Mukherjee,SMB,Tier 1,North,Delhi,664589.0,Furniture,Storage,15797.07,2.0,0.15,4012.31
ORD-000450,19-09-2019,20-09-2019,First Class,CUST-00452,Saanvi,Menon,SMB,Tier 1,North,Rajasthan,539724.0,Clothing,Womenswear,4608.01,5.0,0.5,391.45
ORD-000451,18-12-2022,22-12-2022,Standard Class,CUST-00040,Aarav,Patel,Corporate,Tier 1,South,Kerala,750941.0,Grocery,Beverages,215.67,1.0,0.15,25.21
ORD-000452,06-03-2022,13-03-2022,Standard Class,CUST-00002,Anika,Reddy,Consumer,Tier 2,East,Jharkhand,437209.0,Electronics,Accessories,12399.94,1.0,0.0,4031.21
ORD-000453,15-10-2019,16-10-2019,First Class,CUST-00313,Priya,Nair,Consumer,Tier 1,South,Telangana,802422.0,Clothing,Footwear,2138.04,3.0,0.0,194.24
ORD-000454,25-07-2023,26-07-2023,Standard Class,CUST-00317,Priya,Verma,Consumer,Tier 1,South,Telangana,841858.0,Furniture,Chairs,13800.97,2.0,0.0,3733.31
ORD-000455,29-12-2021,03-01-2022,First Class,CUST-00357,Kavya,Rao,Corporate,Village,North,Rajasthan,351357.0,Grocery,Snacks,766.64,2.0,0.3,167.23
ORD-000456,05-04-2023,07-04-2023,First Class,CUST-00297,Ishaan,Gupta,SMB,Tier 1,South,Telangana,107263.0,Grocery,Household,220.7,1.0,0.0,61.49
ORD-000457,14-05-2020,16-05-2020,Standard Class,CUST-00555,Vihaan,Sharma,SMB,Tier 1,North,Haryana,477630.0,Furniture,Tables,14380.09,4.0,0.2,919.15
ORD-000458,07-07-2022,09-07-2022,Same Day,CUST-00428,Myra,Patel,Corporate,Tier 2,North,Rajasthan,726397.0,Furniture,Storage,8080.6,1.0,0.15,2388.87
ORD-000459,29-07-2019,30-07-2019,First Class,CUST-00409,Diya,Chatterjee,SMB,Tier 2,South,Karnataka,438902.0,Clothing,Kidswear,1324.47,1.0,0.05,403.74
ORD-000460,08-01-2019,15-01-2019,Standard Class,CUST-00455,Arjun,Iyer,Consumer,Village,North,Uttar Pradesh,467181.0,Grocery,Snacks,1657.51,4.0,0.5,115.83
ORD-000461,20-10-2019,23-10-2019,Standard Class,CUST-00200,Ananya,Reddy,Corporate,Tier 1,East,Bihar,453581.0,Grocery,Snacks,2115.28,5.0,0.2,63.12
ORD-000462,30-08-2021,06-09-2021,Standard Class,CUST-00352,Rohan,Singh,Consumer,Tier 2,South,Tamil Nadu,300307.0,Furniture,Storage,21139.52,5.0,0.3,3400.22
ORD-000463,24-11-2019,26-11-2019,Same Day,CUST-00006,Diya,Mukherjee,SMB,Tier 2,South,Kerala,475555.0,Electronics,Cameras,68043.28,4.0,0.0,23517.93
ORD-000464,13-10-2020,14-10-2020,Standard Class,CUST-00127,Ishaan,Iyer,SMB,Tier 1,East,West Bengal,316953.0,Electronics,Laptops,103235.43,5.0,0.0,33831.82
ORD-000465,09-07-2022,15-07-2022,Standard Class,CUST-00255,Reyansh,Menon,Consumer,Tier 1,South,Karnataka,237309.0,Grocery,Beverages,625.53,1.0,0.15,185.9
ORD-000466,10-10-2019,17-10-2019,Standard Class,CUST-00304,Aadhya,Das,Corporate,Tier 2,East,Odisha,871369.0,Electronics,Mobiles,58791.35,4.0,0.15,7434.47
ORD-000467,14-03-2020,15-03-2020,First Class,CUST-00177,Meera,Chatterjee,Corporate,Tier 1,South,Karnataka,227941.0,Grocery,Beverages,1624.28,5.0,0.3,198.27
ORD-000468,11-05-2021,14-05-2021,First Class,CUST-00087,Aadhya,Iyer,SMB,Village,East,Odisha,845026.0,Electronics,Laptops,9602.95,1.0,0.0,2282.94
ORD-000469,30-06-2022,01-07-2022,Standard Class,CUST-00452,Saanvi,Menon,SMB,Tier 1,North,Rajasthan,585114.0,Grocery,Beverages,1095.41,3.0,0.05,133.34
ORD-000470,04-10-2020,10-10-2020,,CUST-00267,Saanvi,Gupta,SMB,Tier 2,South,Karnataka,374935.0,Electronics,Cameras,110708.92,5.0,0.15,15865.83
ORD-000471,26-07-2021,31-07-2021,Same Day,CUST-00511,Myra,Mukherjee,SMB,Village,South,Andhra Pradesh,447840.0,Grocery,Beverages,1216.09,2.0,0.1,97.74
ORD-000472,29-05-2019,01-06-2019,Standard Class,CUST-00210,Reyansh,Mukherjee,Consumer,Tier 1,East,Odisha,403196.0,Furniture,Chairs,27692.33,3.0,0.0,5739.23
ORD-000473,18-07-2019,21-07-2019,Standard Class,CUST-00066,Aarav,Iyer,Corporate,Tier 1,West,Maharashtra,305293.0,Electronics,Accessories,21505.65,1.0,0.1,3535.39
ORD-000474,13-09-2023,15-09-2023,Standard Class,CUST-00592,Meera,Joshi,Corporate,Tier 1,East,Jharkhand,299090.0,Electronics,Cameras,13310.17,1.0,0.05,2611.57
ORD-000475,30-11-2021,03-12-2021,First Class,CUST-00595,Vihaan,Sharma,Corporate,Tier 2,South,Telangana,641803.0,Clothing,Kidswear,3214.71,2.0,0.2,618.42
ORD-000476,18-08-2023,23-08-2023,Same Day,CUST-00348,Krishna,Verma,Corporate,Tier 2,North,Punjab,666980.0,Furniture,Chairs,13046.52,2.0,0.3,1763.48
ORD-000477,12-05-2019,15-05-2019,First Class,CUST-00057,Krishna,Das,SMB,Tier 1,West,Maharashtra,349105.0,Electronics,Mobiles,13869.01,1.0,0.0,2117.51
ORD-000478,01-09-2019,06-09-2019,Second Class,CUST-00402,Meera,Chatterjee,Consumer,Village,East,Odisha,435233.0,Grocery,Beverages,2165.89,4.0,0.5,158.56
ORD-000479,30-07-2022,05-08-2022,Standard Class,CUST-00561,Kavya,Rao,Corporate,Tier 1,South,Kerala,253826.0,Furniture,Storage,53412.85,5.0,0.0,15805.65
ORD-000480,21-03-2019,22-03-2019,Second Class,CUST-00193,Vihaan,Bose,SMB,Tier 1,East,Bihar,180551.0,Clothing,Kidswear,2734.31,2.0,0.1,314.62
ORD-000481,11-02-2020,14-02-2020,First Class,CUST-00024,Myra,Patel,Corporate,Tier 1,South,Andhra Pradesh,808779.0,Grocery,Snacks,916.04,2.0,0.3,170.07
ORD-000482,03-11-2020,07-11-2020,First Class,CUST-00271,Vihaan,Reddy,SMB,Village,East,West Bengal,497102.0,Grocery,Household,577.95,1.0,0.05,-4.21
ORD-000483,12-08-2019,15-08-2019,Second Class,CUST-00289,Ishaan,Menon,SMB,Tier 2,South,Tamil Nadu,233437.0,Grocery,Staples,720.69,3.0,0.1,100.24
ORD-000484,26-05-2019,31-05-2019,Same Day,CUST-00095,Vivaan,Nair,Consumer,Tier 2,East,West Bengal,424578.0,Grocery,Beverages,636.32,1.0,0.2,-23.79
ORD-000485,02-02-2021,03-02-2021,Standard Class,CUST-00013,Priya,Menon,Consumer,Tier 2,South,Kerala,411555.0,Furniture,Tables,7319.11,1.0,0.0,1052.08
ORD-000486,20-10-2022,26-10-2022,Standard Class,CUST-00452,Saanvi,Menon,SMB,Tier 1,North,Rajasthan,212562.0,Clothing,Kidswear,3382.86,2.0,0.3,234.72
ORD-000487,22-10-2020,25-10-2020,Standard Class,CUST-00174,Meera,Patel,SMB,Tier 2,North,Delhi,175889.0,Clothing,Menswear,1168.0,1.0,0.5,22.9
ORD-000488,08-03-2021,10-03-2021,Standard Class,CUST-00316,Reyansh,Iyer,SMB,Tier 2,North,Delhi,774100.0,Electronics,Mobiles,13079.78,1.0,0.3,2266.67
ORD-000489,22-03-2019,24-03-2019,Standard Class,CUST-00539,Isha,Chatterjee,SMB,Tier 1,South,Telangana,642309.0,Electronics,Cameras,35382.93,3.0,0.5,2851.33
ORD-000490,13-03-2019,16-03-2019,First Class,CUST-00500,Priya,Joshi,Corporate,Tier 1,North,Haryana,143042.0,Furniture,Tables,7511.64,1.0,0.15,462.62
ORD-000491,12-08-2022,14-08-2022,Standard Class,CUST-00122,Aarav,Mukherjee,Corporate,Tier 1,West,Madhya Pradesh,593577.0,Furniture,Storage,12268.31,2.0,0.15,2363.2
ORD-000492,16-03-2020,22-03-2020,First Class,CUST-00303,Aadhya,Reddy,SMB,Village,East,Bihar,629680.0,Clothing,Footwear,4424.57,2.0,0.05,888.59
ORD-000493,11-10-2021,18-10-2021,Standard Class,CUST-00586,Ishaan,Das,Consumer,Village,West,Gujarat,631194.0,Electronics,Mobiles,13120.22,1.0,0.05,911.32
ORD-000494,27-05-2022,30-05-2022,Second Class,CUST-00531,Krishna,Bose,SMB,Tier 1,North,Uttar Pradesh,162787.0,Electronics,Cameras,68682.41,5.0,0.3,6473.19
ORD-000495,13-12-2019,14-12-2019,Second Class,CUST-00463,Diya,Das,Corporate,Tier 1,West,Madhya Pradesh,626591.0,Clothing,Kidswear,1544.15,1.0,0.05,165.82
ORD-000496,25-03-2022,01-04-2022,First Class,CUST-00021,Meera,Reddy,Consumer,Tier 1,South,Andhra Pradesh,566127.0,Clothing,Menswear,8104.34,4.0,0.15,2586.9
ORD-000497,13-04-2019,15-04-2019,Standard Class,CUST-00550,Rohan,Joshi,Corporate,Tier 1,West,Gujarat,816634.0,Electronics,Laptops,40870.95,4.0,0.5,4519.97
ORD-000498,03-01-2022,05-01-2022,Same Day,CUST-00434,Anika,Das,Consumer,Tier 1,North,Rajasthan,377403.0,Grocery,Staples,476.73,1.0,0.1,138.08
ORD-000499,06-09-2020,12-09-2020,Same Day,CUST-00198,Myra,Bose,Consumer,Tier 1,South,Andhra Pradesh,272017.0,Electronics,Mobiles,18593.63,2.0,0.15,5146.77
ORD-000500,09-07-2020,12-07-2020,First Class,CUST-00544,Vivaan,Mukherjee,Consumer,Tier 1,North,Rajasthan,638041.0,Furniture,Storage,10043.86,2.0,0.15,1314.63
ORD-000501,18-02-2020,21-02-2020,Same Day,CUST-00075,Rohan,Das,Corporate,Tier 1,North,Delhi,362592.0,Furniture,Chairs,14911.76,3.0,0.5,1820.04
ORD-000502,21-08-2022,28-08-2022,First Class,CUST-00038,Aditya,Chatterjee,Consumer,Tier 2,South,Andhra Pradesh,736184.0,Electronics,Cameras,50810.96,4.0,0.5,5080.29
ORD-000503,19-01-2020,21-01-2020,First Class,CUST-00586,Ishaan,Das,Consumer,Village,West,Gujarat,841025.0,Electronics,Cameras,2833.5,1.0,0.3,323.13
ORD-000504,12-03-2023,15-03-2023,Same Day,CUST-00569,Priya,Bose,Corporate,Tier 2,North,Haryana,765756.0,Clothing,Kidswear,1483.98,1.0,0.1,431.14
ORD-000505,01-05-2022,04-05-2022,First Class,CUST-00142,Isha,Reddy,SMB,Tier 1,South,Telangana,622784.0,Clothing,Kidswear,5682.12,4.0,0.0,883.29
ORD-000506,01-10-2021,04-10-2021,Second Class,CUST-00451,Aadhya,Reddy,Consumer,Village,West,Maharashtra,186477.0,Furniture,Storage,11731.26,2.0,0.0,2570.47
ORD-000507,25-06-2022,30-06-2022,Same Day,CUST-00575,Vihaan,Menon,Consumer,Tier 1,North,Haryana,824436.0,Clothing,Womenswear,7122.31,4.0,0.0,921.59
ORD-000508,15-06-2020,20-06-2020,First Class,CUST-00163,Priya,Sharma,SMB,Tier 1,South,Kerala,837157.0,Clothing,Kidswear,5445.59,5.0,0.1,424.33
ORD-000509,06-08-2019,13-08-2019,Standard Class,CUST-00427,Saanvi,Mukherjee,SMB,Tier 1,East,Bihar,481775.0,Grocery,Beverages,953.68,4.0,0.0,143.74
ORD-000510,24-11-2022,29-11-2022,First Class,CUST-00219,Reyansh,Iyer,Consumer,Tier 1,West,Maharashtra,282125.0,Furniture,Chairs,20240.87,3.0,0.1,2224.87
ORD-000511,21-10-2020,26-10-2020,Same Day,CUST-00442,Krishna,Reddy,Corporate,Tier 1,South,Tamil Nadu,548973.0,Grocery,Household,666.38,2.0,0.05,107.71
ORD-000512,2019/03/20,27-03-2019,First Class,CUST-00119,Isha,Joshi,SMB,Tier 1,North,Punjab,886972.0,Clothing,Footwear,4040.44,3.0,0.05,549.05
ORD-000513,22-08-2019,23-08-2019,Same Day,CUST-00343,Rohan,Rao,SMB,Tier 2,South,Tamil Nadu,514905.0,Electronics,Cameras,23528.25,2.0,0.05,2225.26
ORD-000514,30-12-2020,05-01-2021,Same Day,CUST-00441,Ishaan,Mukherjee,Consumer,Tier 1,North,Punjab,102523.0,Clothing,Kidswear,621.0,1.0,0.5,50.01
ORD-000515,2021/08/22,26-08-2021,Same Day,CUST-00153,Myra,Gupta,SMB,Tier 1,East,Odisha,104400.0,Electronics,Accessories,22261.46,1.0,0.15,6091.72
ORD-000516,05-03-2019,09-03-2019,Second Class,CUST-00581,Aditya,Sharma,Corporate,Tier 1,East,Jharkhand,840934.0,Clothing,Menswear,150.0,3.0,0.5,21.13
ORD-000517,22-01-2022,29-01-2022,First Class,CUST-00048,Aarav,Das,Corporate,Tier 2,South,Andhra Pradesh,283146.0,Furniture,Storage,30119.96,5.0,0.15,7984.89
ORD-000518,22-04-2020,29-04-2020,Standard Class,CUST-00100,Myra,Verma,Consumer,Tier 1,East,Bihar,423757.0,Grocery,Snacks,934.73,2.0,0.5,62.23
ORD-000519,17-08-2020,20-08-2020,Same Day,CUST-00093,Myra,Nair,Corporate,Tier 2,East,Jharkhand,883728.0,Furniture,Tables,17141.94,3.0,0.5,2063.72
ORD-000520,14-06-2023,15-06-2023,Standard Class,CUST-00258,Vihaan,Sharma,Corporate,Tier 1,South,Tamil Nadu,793932.0,Furniture,Furnishings,26027.45,5.0,0.15,3584.45
ORD-000521,06-08-2022,10-08-2022,First Class,CUST-00076,Saanvi,Joshi,Consumer,Tier 1,West,Madhya Pradesh,666240.0,Grocery,Household,1032.86,5.0,0.0,178.28
ORD-000522,26-01-2023,28-01-2023,Same Day,CUST-00183,Myra,Menon,Corporate,Tier 2,West,Maharashtra,707305.0,Furniture,Tables,26551.23,3.0,0.5,1611.0
ORD-000523,13-10-2022,15-10-2022,First Class,CUST-00564,Ananya,Joshi,SMB,Tier 1,North,Uttar Pradesh,244895.0,Clothing,Kidswear,5859.11,4.0,0.0,1375.74
ORD-000524,06-03-2019,08-03-2019,Standard Class,CUST-00345,Rohan,Sharma,Corporate,Tier 2,North,Rajasthan,726222.0,Grocery,Snacks,2386.22,4.0,0.1,142.15
ORD-000525,08-05-2020,11-05-2020,Same Day,CUST-00511,Myra,Mukherjee,SMB,Village,South,Andhra Pradesh,554551.0,Electronics,Cameras,16077.46,1.0,0.5,1969.83
ORD-000526,2022/11/19,25-11-2022,Standard Class,CUST-00575,Vihaan,Menon,Consumer,Tier 1,North,Haryana,809183.0,Electronics,Accessories,43567.3,3.0,0.5,2473.41
ORD-000527,04-05-2023,06-05-2023,Second Class,CUST-00176,Isha,Verma,SMB,Tier 2,North,Punjab,353701.0,Grocery,Snacks,1187.11,2.0,0.5,188.03
ORD-000528,02-12-2023,05-12-2023,Standard Class,CUST-00183,Myra,Menon,Corporate,Tier 2,West,Maharashtra,490586.0,Grocery,Staples,299.15,1.0,0.05,46.81
ORD-000529,28-10-2022,31-10-2022,Second Class,CUST-00202,Vihaan,Sharma,Consumer,Tier 2,North,Haryana,679177.0,Clothing,Menswear,678.47,1.0,0.15,153.96
ORD-000530,23-02-2019,02-03-2019,Same Day,CUST-00437,Myra,Gupta,SMB,Tier 1,South,Andhra Pradesh,401840.0,Electronics,Accessories,88969.62,5.0,0.15,25526.04
ORD-000531,2021/03/30,01-04-2021,First Class,CUST-00596,Arjun,Patel,Consumer,Tier 1,East,Bihar,845370.0,Clothing,Womenswear,2198.46,3.0,0.0,279.12
ORD-000532,20-04-2020,24-04-2020,Standard Class,CUST-00119,Isha,Joshi,SMB,Tier 1,North,Punjab,211583.0,Electronics,Accessories,13372.0,1.0,0.2,1031.91
ORD-000533,17-04-2020,23-04-2020,Same Day,CUST-00353,Rohan,Iyer,Consumer,Tier 1,East,West Bengal,385461.0,Furniture,Tables,22454.36,3.0,0.05,1143.86
ORD-000534,01-10-2020,05-10-2020,Same Day,CUST-00157,Saanvi,Gupta,Consumer,Tier 1,North,Rajasthan,411504.0,Clothing,Kidswear,2766.41,3.0,0.05,783.77
ORD-000535,17-06-2022,18-06-2022,Same Day,CUST-00153,Myra,Gupta,SMB,Tier 1,East,Odisha,104511.0,Clothing,Footwear,1139.05,2.0,0.5,170.47
ORD-000536,09-10-2020,14-10-2020,First Class,CUST-00242,Ananya,Bose,Consumer,Tier 1,West,Madhya Pradesh,883295.0,Grocery,Staples,1029.63,3.0,0.15,125.35
ORD-000537,2020/05/17,19-05-2020,First Class,CUST-00539,Isha,Chatterjee,SMB,Tier 1,South,Telangana,258512.0,Clothing,Footwear,296.06,1.0,0.1,38.9
ORD-000538,06-04-2023,08-04-2023,Standard Class,CUST-00396,Aarav,Gupta,SMB,Tier 1,South,Andhra Pradesh,715054.0,Electronics,Laptops,70968.88,4.0,0.5,11964.32
ORD-000539,16-02-2022,22-02-2022,First Class,CUST-00573,Saanvi,Bose,Consumer,Village,East,West Bengal,555232.0,Furniture,Storage,13662.58,3.0,0.5,1091.26
ORD-000540,15-01-2019,17-01-2019,First Class,CUST-00493,Kavya,Menon,Consumer,Tier 1,East,Bihar,509368.0,Electronics,Cameras,100230.38,5.0,0.3,10575.24
ORD-000541,29-03-2021,01-04-2021,Same Day,CUST-00367,Isha,Patel,Corporate,Village,South,Andhra Pradesh,140763.0,Electronics,Laptops,107220.6,5.0,0.05,17233.72
ORD-000542,05-11-2023,08-11-2023,Same Day,CUST-00329,Vihaan,Singh,Consumer,Village,West,Gujarat,313309.0,Electronics,Mobiles,19015.09,2.0,0.2,687.75
ORD-000543,13-10-2022,14-10-2022,Standard Class,CUST-00508,Anika,Patel,Corporate,Tier 1,West,Goa,589726.0,Clothing,Menswear,2718.98,2.0,0.15,170.2
ORD-000544,20-11-2019,27-11-2019,Standard Class,CUST-00052,Meera,Verma,SMB,Village,West,Madhya Pradesh,792412.0,Electronics,Cameras,35893.45,2.0,0.3,2548.78
ORD-000545,25-03-2022,30-03-2022,Standard Class,CUST-00479,Priya,Verma,Consumer,Tier 2,West,Maharashtra,163386.0,Electronics,Accessories,65546.38,5.0,0.0,14982.81
ORD-000546,13-09-2020,17-09-2020,Standard Class,CUST-00274,Kavya,Sharma,SMB,Tier 2,South,Telangana,717626.0,Grocery,Beverages,1460.41,5.0,0.1,180.0
ORD-000547,01-02-2022,04-02-2022,First Class,CUST-00075,Rohan,Das,Corporate,Tier 1,North,Delhi,795493.0,Furniture,Storage,9656.52,2.0,0.3,1444.39
ORD-000548,02-11-2023,09-11-2023,Second Class,CUST-00197,Ishaan,Patel,SMB,Tier 2,West,Madhya Pradesh,407915.0,Furniture,Tables,35947.21,5.0,0.2,7414.88
ORD-000549,21-10-2020,24-10-2020,Standard Class,CUST-00050,Sai,Joshi,Consumer,Tier 1,West,Madhya Pradesh,821384.0,Grocery,Beverages,1718.71,4.0,0.5,164.12
ORD-000550,26-02-2022,05-03-2022,Second Class,CUST-00080,Krishna,Bose,Corporate,Village,East,Jharkhand,114318.0,Furniture,Tables,14785.07,2.0,0.0,2859.02
ORD-000551,15-10-2019,20-10-2019,Second Class,CUST-00049,Meera,Nair,Consumer,Tier 2,West,Goa,491167.0,Electronics,Accessories,111383.66,5.0,0.0,19091.16
ORD-000552,12-08-2022,18-08-2022,Standard Class,CUST-00085,Saanvi,Mukherjee,SMB,Tier 2,West,Maharashtra,216632.0,Clothing,Womenswear,5812.93,4.0,0.5,379.2
ORD-000553,28-06-2020,29-06-2020,Standard Class,CUST-00545,Ananya,Rao,Consumer,Tier 1,South,Kerala,758232.0,Grocery,Beverages,1510.76,5.0,0.0,202.98
ORD-000554,19-09-2021,22-09-2021,Standard Class,CUST-00048,Aarav,Das,Corporate,Tier 2,South,Andhra Pradesh,521305.0,Furniture,Tables,19595.24,4.0,0.1,2024.62
ORD-000555,14-02-2020,21-02-2020,Same Day,CUST-00288,Vihaan,Singh,Corporate,Tier 1,North,Rajasthan,272872.0,Electronics,Laptops,25637.33,2.0,0.0,1581.04
ORD-000556,28-12-2019,03-01-2020,First Class,CUST-00539,Isha,Chatterjee,SMB,Tier 1,South,Telangana,697242.0,Clothing,Footwear,5862.35,5.0,0.15,1126.91
ORD-000557,11-12-2021,15-12-2021,First Class,CUST-00449,Diya,Singh,Corporate,Tier 2,South,Telangana,689810.0,Clothing,Footwear,2115.7,2.0,0.05,181.27
ORD-000558,14-07-2022,18-07-2022,Second Class,CUST-00395,Krishna,Patel,Consumer,Tier 2,South,Tamil Nadu,202249.0,Electronics,Cameras,41537.06,2.0,0.0,4345.84
ORD-000559,22-10-2019,25-10-2019,,CUST-00415,Myra,Reddy,Corporate,Village,West,Madhya Pradesh,766005.0,Grocery,Snacks,989.45,3.0,0.5,70.28
ORD-000560,18-05-2021,21-05-2021,Same Day,CUST-00081,Ananya,Sharma,Corporate,Tier 1,North,Rajasthan,687009.0,Grocery,Staples,254.23,1.0,0.0,47.24
ORD-000561,18-03-2022,21-03-2022,Second Class,CUST-00443,Kavya,Chatterjee,Consumer,Tier 1,South,Karnataka,491319.0,Clothing,Footwear,1893.44,2.0,0.05,591.79
ORD-000562,07-07-2021,13-07-2021,Second Class,CUST-00252,Reyansh,Das,Corporate,Tier 2,South,Telangana,535006.0,Furniture,Storage,42160.31,4.0,0.3,4714.25
ORD-000563,07-01-2019,12-01-2019,Same Day,CUST-00345,Rohan,Sharma,Corporate,Tier 2,North,Rajasthan,725042.0,Grocery,Beverages,952.32,2.0,0.5,144.37
ORD-000564,26-03-2021,30-03-2021,Same Day,CUST-00489,Priya,Joshi,Consumer,Tier 1,South,Telangana,392856.0,Furniture,Tables,6567.62,1.0,0.1,957.6
ORD-000565,19-06-2020,20-06-2020,Standard Class,CUST-00102,Diya,Singh,Corporate,Tier 2,East,Bihar,115639.0,Grocery,Beverages,1533.59,4.0,0.3,155.54
ORD-000566,30-01-2019,06-02-2019,First Class,CUST-00569,Priya,Bose,Corporate,Tier 2,North,Haryana,534127.0,Electronics,Mobiles,94213.16,4.0,0.2,13680.43
ORD-000567,20-03-2021,27-03-2021,Standard Class,CUST-00344,Aadhya,Chatterjee,Corporate,Tier 2,South,Andhra Pradesh,871562.0,Electronics,Laptops,4681.31,3.0,0.05,1321.34
ORD-000568,09-05-2022,14-05-2022,First Class,CUST-00351,Saanvi,Joshi,Consumer,Village,South,Andhra Pradesh,473389.0,Furniture,Chairs,18406.78,3.0,0.2,5588.62
ORD-000569,23-04-2021,30-04-2021,First Class,CUST-00325,Aditya,Bose,Consumer,Tier 1,South,Tamil Nadu,284168.0,Furniture,Chairs,3830.74,1.0,0.0,893.96
ORD-000570,30-01-2020,02-02-2020,First Class,CUST-00230,Aadhya,Verma,SMB,Tier 1,North,Haryana,591333.0,Grocery,Staples,1947.6,4.0,0.0,564.15
ORD-000571,2020/11/30,02-12-2020,Second Class,CUST-00277,Saanvi,Bose,Consumer,Tier 1,North,Punjab,540629.0,Grocery,Snacks,848.06,4.0,0.1,102.96
ORD-000572,03-11-2021,08-11-2021,Same Day,CUST-00033,Aadhya,Nair,SMB,Village,East,Bihar,800912.0,Furniture,Furnishings,35334.27,4.0,0.05,7781.93
ORD-000573,27-07-2023,28-07-2023,Same Day,CUST-00155,Ishaan,Mukherjee,SMB,Tier 2,West,Madhya Pradesh,451997.0,Grocery,Household,275.79,2.0,0.0,43.98
ORD-000574,2019/07/28,02-08-2019,Standard Class,CUST-00022,Anika,Mukherjee,Consumer,Tier 1,West,Gujarat,110287.0,Furniture,Furnishings,6426.75,1.0,0.5,217.98
ORD-000575,31-10-2020,01-11-2020,Same Day,CUST-00429,Reyansh,Gupta,Corporate,Village,East,Jharkhand,228387.0,Electronics,Cameras,4368.91,2.0,0.15,938.08
ORD-000576,12-08-2020,16-08-2020,Same Day,CUST-00227,Ananya,Patel,Corporate,Tier 1,South,Andhra Pradesh,117198.0,Clothing,Kidswear,1085.3,1.0,0.05,29.61
ORD-000577,08-01-2021,11-01-2021,Second Class,CUST-00313,Priya,Nair,Consumer,Tier 1,South,Telangana,887618.0,Clothing,Kidswear,1394.73,3.0,0.0,225.6
ORD-000578,25-12-2020,28-12-2020,First Class,CUST-00539,Isha,Chatterjee,SMB,Tier 1,South,Telangana,179469.0,Electronics,Mobiles,64340.49,4.0,0.5,2068.4
ORD-000579,03-06-2022,05-06-2022,First Class,CUST-00205,Sai,Chatterjee,Corporate,Tier 1,North,Delhi,355908.0,Furniture,Storage,30323.39,4.0,0.15,131.36
ORD-000580,07-09-2021,14-09-2021,First Class,CUST-00083,Aarav,Gupta,SMB,Tier 2,East,Jharkhand,556076.0,Electronics,Cameras,45767.93,5.0,0.0,7837.37
ORD-000581,25-06-2021,01-07-2021,Standard Class,CUST-00426,Meera,Singh,SMB,Tier 1,South,Telangana,398350.0,Electronics,Accessories,95037.52,5.0,0.1,13160.62
ORD-000582,06-05-2021,07-05-2021,Same Day,CUST-00197,Ishaan,Patel,SMB,Tier 2,West,Madhya Pradesh,653816.0,Electronics,Laptops,41017.32,2.0,0.1,4284.74
ORD-000583,22-10-2022,24-10-2022,Standard Class,CUST-00287,Krishna,Patel,SMB,Tier 2,North,Haryana,213910.0,Electronics,Mobiles,64076.19,4.0,0.0,8292.01
ORD-000584,10-01-2022,14-01-2022,First Class,CUST-00595,Vihaan,Sharma,Corporate,Tier 2,South,Telangana,609621.0,Furniture,Chairs,32072.63,4.0,0.3,3816.38
ORD-000585,04-05-2021,05-05-2021,Second Class,CUST-00366,Vihaan,Chatterjee,SMB,Tier 1,North,Haryana,870924.0,Furniture,Tables,16956.37,3.0,0.15,2358.5
ORD-000586,17-12-2022,18-12-2022,Second Class,CUST-00599,Sai,Reddy,Consumer,Tier 1,West,Gujarat,630943.0,Clothing,Footwear,1791.87,4.0,0.3,319.71
ORD-000587,15-02-2020,18-02-2020,Standard Class,CUST-00307,Meera,Rao,Corporate,Village,South,Karnataka,354216.0,Furniture,Furnishings,8635.41,2.0,0.05,969.28
ORD-000588,15-08-2023,20-08-2023,Second Class,CUST-00347,Aditya,Mukherjee,Corporate,Tier 1,East,West Bengal,630829.0,Grocery,Snacks,375.89,1.0,0.1,72.65
ORD-000589,16-02-2021,18-02-2021,Same Day,CUST-00223,Rohan,Iyer,SMB,Tier 1,West,Madhya Pradesh,136228.0,Grocery,Snacks,671.23,2.0,0.3,106.93
ORD-000590,13-04-2020,14-04-2020,Standard Class,CUST-00462,Myra,Chatterjee,SMB,Tier 1,West,Maharashtra,821397.0,Clothing,Footwear,7527.05,3.0,0.1,1395.54
ORD-000591,10-03-2021,12-03-2021,Standard Class,CUST-00470,Myra,Patel,Corporate,Tier 1,North,Punjab,758663.0,Clothing,Footwear,3737.7,2.0,0.0,605.37
ORD-000592,29-11-2022,03-12-2022,First Class,CUST-00265,Ananya,Iyer,Consumer,Village,South,Telangana,657393.0,Clothing,Kidswear,3805.03,3.0,0.3,432.47
ORD-000593,13-04-2023,19-04-2023,First Class,CUST-00342,Anika,Bose,SMB,Tier 1,South,Karnataka,778985.0,Grocery,Beverages,662.18,2.0,0.15,71.98
ORD-000594,12-03-2023,15-03-2023,First Class,CUST-00073,Sai,Patel,Corporate,Tier 2,North,Punjab,,Furniture,Storage,23881.26,4.0,0.5,1965.25
ORD-000595,15-06-2022,19-06-2022,Same Day,CUST-00158,Myra,Singh,Corporate,Tier 1,West,Maharashtra,170534.0,Grocery,Household,149.87,1.0,0.3,15.04
ORD-000596,18-08-2021,23-08-2021,Standard Class,CUST-00257,Reyansh,Nair,Corporate,Tier 2,North,Rajasthan,832809.0,Clothing,Menswear,1023.55,1.0,0.3,126.4
ORD-000597,13-09-2021,20-09-2021,Same Day,CUST-00551,Aadhya,Sharma,Consumer,Tier 1,South,Telangana,500453.0,Grocery,Snacks,1038.42,2.0,0.0,141.87
ORD-000598,26-03-2019,29-03-2019,Second Class,CUST-00381,Ishaan,Chatterjee,Consumer,Village,South,Tamil Nadu,804782.0,Grocery,Household,565.2,1.0,0.05,74.1
ORD-000599,11-09-2020,14-09-2020,First Class,CUST-00313,Priya,Nair,Consumer,Tier 1,South,Telangana,206354.0,Grocery,Snacks,1813.39,5.0,0.3,261.93
ORD-000600,21-09-2020,26-09-2020,First Class,CUST-00151,Ananya,Gupta,Corporate,Tier 2,West,Maharashtra,596434.0,Electronics,Accessories,10632.78,2.0,0.5,794.69
ORD-000601,13-12-2022,17-12-2022,Second Class,CUST-00366,Vihaan,Chatterjee,SMB,Tier 1,North,Haryana,248582.0,Electronics,Cameras,13141.14,1.0,0.15,820.15
ORD-000602,10-04-2020,12-04-2020,Same Day,CUST-00055,Krishna,Reddy,Consumer,Tier 1,West,Madhya Pradesh,839387.0,Furniture,Tables,100.0,2.0,0.2,4.61
ORD-000603,19-05-2020,20-05-2020,First Class,CUST-00406,Ananya,Bose,SMB,Tier 2,North,Rajasthan,271996.0,Electronics,Mobiles,48634.67,3.0,0.1,11035.41
ORD-000604,21-12-2022,27-12-2022,First Class,CUST-00504,Kavya,Mukherjee,Consumer,Tier 1,South,Tamil Nadu,137280.0,Electronics,Laptops,52498.86,2.0,0.0,10330.44
ORD-000605,24-09-2022,30-09-2022,Same Day,CUST-00539,Isha,Chatterjee,SMB,Tier 1,South,Telangana,247415.0,Furniture,Chairs,16708.86,3.0,0.5,1234.53
ORD-000606,2021/04/21,25-04-2021,Same Day,CUST-00021,Meera,Reddy,Consumer,Tier 1,South,Andhra Pradesh,130661.0,Grocery,Staples,2170.84,5.0,0.0,478.16
ORD-000607,16-07-2022,17-07-2022,Second Class,CUST-00062,Vihaan,Sharma,SMB,Tier 1,North,Uttar Pradesh,338427.0,Furniture,Storage,7992.68,1.0,0.3,1534.95
ORD-000608,26-06-2022,28-06-2022,Standard Class,CUST-00396,Aarav,Gupta,SMB,Tier 1,South,Andhra Pradesh,246173.0,Furniture,Chairs,25694.48,5.0,0.1,7411.46
ORD-000609,21-09-2023,24-09-2023,Standard Class,CUST-00422,Aditya,Singh,Corporate,Tier 1,North,Haryana,250072.0,Clothing,Footwear,3585.35,4.0,0.05,969.04
ORD-000610,24-06-2022,27-06-2022,Same Day,CUST-00306,Krishna,Das,Consumer,Village,East,Odisha,675888.0,Electronics,Mobiles,39939.37,3.0,0.3,8651.85
ORD-000611,20-12-2020,26-12-2020,,CUST-00344,Aadhya,Chatterjee,Corporate,Tier 2,South,Andhra Pradesh,776434.0,Clothing,Kidswear,3963.28,5.0,0.0,403.51
ORD-000612,14-05-2019,18-05-2019,Second Class,CUST-00265,Ananya,Iyer,Consumer,Village,South,Telangana,141098.0,Grocery,Beverages,1846.24,4.0,0.0,-32.28
ORD-000613,03-11-2019,09-11-2019,First Class,CUST-00053,Aditya,Singh,Corporate,Tier 2,South,Karnataka,510936.0,Clothing,Footwear,3494.35,2.0,0.0,60.96
ORD-000614,04-11-2023,09-11-2023,Same Day,CUST-00560,Meera,Chatterjee,Consumer,Tier 2,North,Rajasthan,581437.0,Furniture,Furnishings,25120.67,4.0,0.15,2215.41
ORD-000615,14-09-2023,19-09-2023,Standard Class,CUST-00252,Reyansh,Das,Corporate,Tier 2,South,Telangana,652885.0,Electronics,Laptops,14685.49,1.0,0.05,1908.01
ORD-000616,22-12-2020,23-12-2020,Standard Class,CUST-00489,Priya,Joshi,Consumer,Tier 1,South,Telangana,671280.0,Grocery,Staples,897.07,2.0,0.2,144.54
ORD-000617,07-07-2023,10-07-2023,First Class,CUST-00307,Meera,Rao,Corporate,Village,South,Karnataka,816946.0,Grocery,Beverages,1059.45,3.0,0.0,152.1
ORD-000618,25-03-2023,30-03-2023,Standard Class,CUST-00461,Isha,Reddy,SMB,Tier 1,West,Goa,313693.0,Clothing,Footwear,4385.12,3.0,0.3,331.9
ORD-000619,24-05-2021,26-05-2021,Second Class,CUST-00206,Diya,Patel,Corporate,Tier 2,South,Andhra Pradesh,547456.0,Electronics,Laptops,39027.52,2.0,0.5,4124.47
ORD-000620,2020/02/03,09-02-2020,First Class,CUST-00016,Aarav,Chatterjee,Corporate,Tier 2,South,Kerala,545508.0,Furniture,Storage,674.06,3.0,0.3,109.42
ORD-000621,26-10-2022,28-10-2022,Second Class,CUST-00352,Rohan,Singh,Consumer,Tier 2,South,Tamil Nadu,600465.0,Electronics,Accessories,37695.75,4.0,0.15,7492.97
ORD-000622,05-08-2022,08-08-2022,First Class,CUST-00569,Priya,Bose,Corporate,Tier 2,North,Haryana,113159.0,Grocery,Beverages,2834.17,5.0,0.2,192.78
ORD-000623,30-04-2023,06-05-2023,Standard Class,CUST-00274,Kavya,Sharma,SMB,Tier 2,South,Telangana,166800.0,Electronics,Accessories,33139.51,3.0,0.5,4301.55
ORD-000624,18-11-2022,20-11-2022,First Class,CUST-00247,Isha,Menon,Corporate,Tier 1,West,Madhya Pradesh,494982.0,Furniture,Furnishings,9782.49,4.0,0.2,1165.46
ORD-000625,05-09-2023,06-09-2023,Standard Class,CUST-00452,Saanvi,Menon,SMB,Tier 1,North,Rajasthan,343701.0,Clothing,Footwear,2309.48,3.0,0.1,169.84
ORD-000626,15-03-2021,22-03-2021,Standard Class,CUST-00388,Reyansh,Sharma,Consumer,Tier 2,West,Goa,783381.0,Clothing,Footwear,2379.68,2.0,0.0,321.2
ORD-000627,30-03-2021,05-04-2021,First Class,CUST-00585,Meera,Bose,SMB,Tier 2,North,Punjab,107059.0,Electronics,Laptops,97356.6,5.0,0.3,20559.13
ORD-000628,28-03-2022,02-04-2022,Standard Class,CUST-00594,Krishna,Joshi,SMB,Tier 1,North,Delhi,269566.0,Furniture,Chairs,19970.68,4.0,0.0,2976.49
ORD-000629,27-04-2020,04-05-2020,Second Class,CUST-00444,Sai,Sharma,Corporate,Tier 1,East,Odisha,787173.0,Electronics,Mobiles,61187.1,5.0,0.0,16311.0
ORD-000630,07-04-2021,13-04-2021,Second Class,CUST-00272,Anika,Chatterjee,Corporate,Tier 1,East,Bihar,709509.0,Clothing,Menswear,1450.06,1.0,0.2,184.51
ORD-000631,19-04-2020,26-04-2020,Same Day,CUST-00335,Aarav,Verma,Corporate,Tier 1,South,Telangana,201492.0,Furniture,Storage,53830.93,5.0,0.5,7246.51
ORD-000632,20-09-2023,25-09-2023,Second Class,CUST-00201,Anika,Reddy,Consumer,Village,South,Karnataka,132614.0,Furniture,Tables,48228.26,5.0,0.2,5285.63
ORD-000633,31-03-2022,07-04-2022,Second Class,CUST-00585,Meera,Bose,SMB,Tier 2,North,Punjab,759406.0,Furniture,Furnishings,36228.8,5.0,0.0,6261.09
ORD-000634,27-10-2019,29-10-2019,First Class,CUST-00333,Aadhya,Mukherjee,Corporate,Village,North,Delhi,703804.0,Furniture,Tables,10262.81,2.0,0.05,2751.56
ORD-000635,19-06-2019,24-06-2019,Second Class,CUST-00083,Aarav,Gupta,SMB,Tier 2,East,Jharkhand,559308.0,Grocery,Household,1340.59,3.0,0.2,176.05
ORD-000636,23-04-2020,26-04-2020,Standard Class,CUST-00585,Meera,Bose,SMB,Tier 2,North,Punjab,345456.0,Grocery,Staples,1950.12,4.0,0.1,200.76
ORD-000637,05-01-2020,07-01-2020,Standard Class,CUST-00331,Sai,Verma,Corporate,Tier 1,North,Punjab,652006.0,Grocery,Household,1284.32,2.0,0.2,247.75
ORD-000638,27-09-2022,01-10-2022,First Class,CUST-00046,Sai,Menon,SMB,Tier 1,West,Madhya Pradesh,812189.0,Electronics,Accessories,29237.84,2.0,0.1,4592.17
ORD-000639,24-01-2021,28-01-2021,First Class,CUST-00583,Reyansh,Sharma,SMB,Tier 1,East,West Bengal,634768.0,Furniture,Storage,19088.22,4.0,0.0,6551.83
ORD-000640,19-11-2022,21-11-2022,Same Day,CUST-00555,Vihaan,Sharma,SMB,Tier 1,North,Haryana,221400.0,Clothing,Kidswear,3031.79,3.0,0.1,533.5
ORD-000641,26-12-2020,31-12-2020,Same Day,CUST-00597,Ananya,Gupta,Corporate,Tier 2,South,Tamil Nadu,868748.0,Furniture,Storage,12622.8,2.0,0.05,1343.41
ORD-000642,22-08-2022,28-08-2022,Second Class,CUST-00401,Myra,Patel,SMB,Tier 1,North,Delhi,859001.0,Electronics,Mobiles,18917.03,1.0,0.15,2259.7
ORD-000643,09-09-2019,15-09-2019,First Class,CUST-00122,Aarav,Mukherjee,Corporate,Tier 1,West,Madhya Pradesh,859489.0,Furniture,Tables,26551.62,4.0,0.0,5212.61
ORD-000644,15-01-2019,16-01-2019,Second Class,CUST-00126,Aditya,Das,SMB,Village,East,Bihar,700302.0,Grocery,Household,2089.08,5.0,0.5,251.23
ORD-000645,19-09-2023,22-09-2023,First Class,CUST-00172,Priya,Mukherjee,Corporate,Tier 2,West,Gujarat,158489.0,Furniture,Chairs,6786.07,1.0,0.3,936.79
ORD-000646,07-05-2019,12-05-2019,Second Class,CUST-00237,Vivaan,Das,Consumer,Tier 1,North,Rajasthan,503690.0,Clothing,Footwear,4114.38,4.0,0.0,426.65
ORD-000647,27-10-2023,01-11-2023,Second Class,CUST-00557,Ishaan,Reddy,Corporate,Village,West,Goa,684969.0,Clothing,Kidswear,8895.66,5.0,0.2,1684.35
ORD-000648,22-04-2022,25-04-2022,Second Class,CUST-00095,Vivaan,Nair,Consumer,Tier 2,East,West Bengal,732500.0,Grocery,Beverages,3736.11,5.0,0.1,408.11
ORD-000649,12-07-2019,17-07-2019,Same Day,CUST-00066,Aarav,Iyer,Corporate,Tier 1,West,Maharashtra,831950.0,Clothing,Kidswear,1391.97,1.0,0.1,347.27
ORD-000650,04-04-2021,09-04-2021,Standard Class,CUST-00446,Kavya,Rao,Corporate,Village,North,Rajasthan,850333.0,Clothing,Menswear,4440.97,4.0,0.1,548.5
ORD-000651,26-04-2021,02-05-2021,Standard Class,CUST-00564,Ananya,Joshi,SMB,Tier 1,North,Uttar Pradesh,653400.0,Electronics,Accessories,23743.49,4.0,0.1,5599.89
ORD-000652,06-11-2019,09-11-2019,Same Day,CUST-00583,Reyansh,Sharma,SMB,Tier 1,East,West Bengal,174581.0,Furniture,Chairs,25082.62,5.0,0.0,5602.56
ORD-000653,26-04-2019,02-05-2019,First Class,CUST-00018,Aditya,Patel,SMB,Tier 2,East,Odisha,271349.0,Clothing,Footwear,8857.51,5.0,0.3,1736.8
ORD-000654,18-10-2023,19-10-2023,Same Day,CUST-00481,Meera,Chatterjee,Consumer,Tier 1,West,Maharashtra,338932.0,Electronics,Accessories,73539.42,4.0,0.15,14498.72
ORD-000655,30-10-2021,02-11-2021,First Class,CUST-00288,Vihaan,Singh,Corporate,Tier 1,North,Rajasthan,765584.0,Electronics,Mobiles,80578.51,4.0,0.15,11661.43
ORD-000656,17-01-2021,24-01-2021,Same Day,CUST-00085,Saanvi,Mukherjee,SMB,Tier 2,West,Maharashtra,613285.0,Clothing,Footwear,6643.27,4.0,0.3,967.16
ORD-000657,10-11-2019,15-11-2019,Same Day,CUST-00015,Priya,Iyer,SMB,Tier 2,North,Rajasthan,398313.0,Electronics,Cameras,116595.75,5.0,0.1,24818.61
ORD-000658,29-08-2020,01-09-2020,First Class,CUST-00072,Ishaan,Joshi,Corporate,Village,North,Uttar Pradesh,303800.0,Furniture,Chairs,13466.85,3.0,0.15,1761.61
ORD-000659,10-02-2021,15-02-2021,Second Class,CUST-00255,Reyansh,Menon,Consumer,Tier 1,South,Karnataka,186658.0,Furniture,Tables,19463.15,3.0,0.05,3946.77
ORD-000660,04-12-2021,08-12-2021,First Class,CUST-00232,Vihaan,Verma,SMB,Tier 1,South,Karnataka,157522.0,Clothing,Womenswear,1452.34,1.0,0.2,367.79
ORD-000661,29-11-2023,06-12-2023,First Class,CUST-00433,Krishna,Rao,Consumer,Tier 1,East,West Bengal,235562.0,Grocery,Household,1628.78,4.0,0.15,60.65
ORD-000662,27-04-2023,04-05-2023,First Class,CUST-00560,Meera,Chatterjee,Consumer,Tier 2,North,Rajasthan,386940.0,Furniture,Storage,34659.14,4.0,0.2,4992.09
ORD-000663,13-04-2023,15-04-2023,First Class,CUST-00394,Meera,Das,Corporate,Tier 2,West,Madhya Pradesh,324110.0,Grocery,Household,1034.29,2.0,0.0,82.43
ORD-000664,20-10-2021,22-10-2021,Standard Class,CUST-00581,Aditya,Sharma,Corporate,Tier 1,East,Jharkhand,267669.0,Clothing,Footwear,2752.47,3.0,0.5,259.27
ORD-000665,06-02-2021,09-02-2021,Standard Class,CUST-00391,Meera,Singh,SMB,Tier 1,North,Haryana,237736.0,Grocery,Beverages,1729.89,4.0,0.0,338.83
ORD-000666,21-08-2019,25-08-2019,Standard Class,CUST-00193,Vihaan,Bose,SMB,Tier 1,East,Bihar,874176.0,Grocery,Staples,963.38,4.0,0.2,219.43
ORD-000667,18-06-2023,22-06-2023,Second Class,CUST-00190,Sai,Mukherjee,Consumer,Tier 1,East,West Bengal,835385.0,Grocery,Beverages,1921.29,4.0,0.0,375.61
ORD-000668,28-03-2019,01-04-2019,Same Day,CUST-00507,Vivaan,Chatterjee,Consumer,Tier 2,East,Odisha,283305.0,Electronics,Laptops,88084.21,4.0,0.15,6411.96
ORD-000669,19-12-2022,23-12-2022,First Class,CUST-00233,Diya,Bose,Corporate,Village,East,Odisha,748563.0,Electronics,Accessories,40163.62,3.0,0.3,4353.67
ORD-000670,26-07-2021,02-08-2021,Standard Class,CUST-00497,Aadhya,Joshi,Consumer,Tier 2,North,Haryana,372461.0,Clothing,Footwear,6212.42,4.0,0.0,618.14
ORD-000671,19-08-2021,20-08-2021,Same Day,CUST-00539,Isha,Chatterjee,SMB,Tier 1,South,Telangana,,Clothing,Kidswear,1454.77,1.0,0.0,253.38
ORD-000672,15-09-2020,17-09-2020,Same Day,CUST-00467,Aadhya,Mukherjee,Corporate,Village,East,Bihar,511903.0,Furniture,Storage,6132.68,2.0,0.15,1154.81
ORD-000673,20-12-2020,21-12-2020,Second Class,CUST-00177,Meera,Chatterjee,Corporate,Tier 1,South,Karnataka,230248.0,Grocery,Snacks,861.07,3.0,0.0,186.31
ORD-000674,21-10-2020,22-10-2020,First Class,CUST-00371,Vivaan,Gupta,Corporate,Tier 2,North,Punjab,861271.0,Furniture,Tables,7416.92,1.0,0.3,699.78
ORD-000675,2023/08/29,30-08-2023,Standard Class,CUST-00548,Ananya,Joshi,Consumer,Tier 2,West,Goa,189106.0,Electronics,Cameras,107156.96,4.0,0.3,23299.26
ORD-000676,07-11-2023,14-11-2023,First Class,CUST-00155,Ishaan,Mukherjee,SMB,Tier 2,West,Madhya Pradesh,825259.0,Furniture,Tables,29670.94,5.0,0.05,2310.95
ORD-000677,29-12-2022,02-01-2023,Second Class,CUST-00214,Ananya,Sharma,Consumer,Tier 2,South,Telangana,216477.0,Clothing,Womenswear,5200.44,4.0,0.3,899.36
ORD-000678,09-10-2023,16-10-2023,Same Day,CUST-00180,Ishaan,Rao,Consumer,Tier 2,North,Haryana,639147.0,Furniture,Chairs,6194.73,1.0,0.0,706.78
ORD-000679,19-09-2023,26-09-2023,First Class,CUST-00211,Anika,Menon,Corporate,Tier 1,North,Rajasthan,860648.0,Clothing,Kidswear,6615.97,5.0,0.1,1286.97
ORD-000680,19-07-2019,22-07-2019,Second Class,CUST-00157,Saanvi,Gupta,Consumer,Tier 1,North,Rajasthan,567793.0,Furniture,Storage,12116.29,2.0,0.15,3438.44
ORD-000681,15-08-2021,20-08-2021,Same Day,CUST-00578,Priya,Nair,Corporate,Tier 1,West,Maharashtra,465206.0,Clothing,Menswear,1857.62,1.0,0.05,505.11
ORD-000682,28-04-2023,02-05-2023,First Class,CUST-00397,Arjun,Menon,Corporate,Tier 1,South,Telangana,469536.0,Electronics,Laptops,70471.83,4.0,0.0,6236.95
ORD-000683,24-10-2019,26-10-2019,Same Day,CUST-00393,Vihaan,Patel,Consumer,Tier 1,West,Gujarat,614247.0,Furniture,Furnishings,7562.19,1.0,0.2,283.9
ORD-000684,11-05-2023,17-05-2023,First Class,CUST-00381,Ishaan,Chatterjee,Consumer,Village,South,Tamil Nadu,614394.0,Grocery,Staples,357.55,1.0,0.5,45.57
ORD-000685,20-01-2021,26-01-2021,Second Class,CUST-00373,Myra,Chatterjee,Corporate,Village,South,Telangana,513581.0,Grocery,Beverages,1962.05,5.0,0.05,342.42
ORD-000686,21-01-2019,25-01-2019,Standard Class,CUST-00065,Ananya,Nair,SMB,Tier 2,West,Gujarat,274634.0,Clothing,Womenswear,1329.95,1.0,0.0,329.89
ORD-000687,28-03-2020,31-03-2020,Second Class,CUST-00381,Ishaan,Chatterjee,Consumer,Village,South,Tamil Nadu,357857.0,Clothing,Menswear,3932.32,3.0,0.05,901.78
ORD-000688,16-04-2022,20-04-2022,Second Class,CUST-00072,Ishaan,Joshi,Corporate,Village,North,Uttar Pradesh,403533.0,Electronics,Mobiles,17650.27,1.0,0.15,2366.52
ORD-000689,13-04-2021,17-04-2021,First Class,CUST-00295,Krishna,Patel,SMB,Tier 2,East,West Bengal,811401.0,Clothing,Womenswear,2543.21,4.0,0.0,603.24
ORD-000690,06-03-2019,12-03-2019,Standard Class,CUST-00592,Meera,Joshi,Corporate,Tier 1,East,Jharkhand,250096.0,Furniture,Storage,13250.86,2.0,0.2,3182.2
ORD-000691,21-08-2019,24-08-2019,First Class,CUST-00270,Sai,Rao,Consumer,Tier 1,East,Odisha,125543.0,Electronics,Accessories,62013.54,4.0,0.0,16817.93
ORD-000692,29-11-2021,03-12-2021,Standard Class,CUST-00196,Arjun,Nair,Corporate,Tier 1,West,Goa,285156.0,Electronics,Cameras,51567.0,2.0,0.0,11172.45
ORD-000693,22-05-2021,23-05-2021,First Class,CUST-00420,Isha,Mukherjee,Consumer,Tier 1,West,Goa,131092.0,Furniture,Tables,18221.45,3.0,0.15,1854.24
ORD-000694,05-12-2020,06-12-2020,First Class,CUST-00432,Rohan,Das,SMB,Tier 1,South,Karnataka,172839.0,Electronics,Accessories,35370.17,4.0,0.0,5319.17
ORD-000695,02-10-2022,07-10-2022,Same Day,CUST-00504,Kavya,Mukherjee,Consumer,Tier 1,South,Tamil Nadu,892191.0,Clothing,Womenswear,4109.31,3.0,0.3,306.54
ORD-000696,2022/09/20,24-09-2022,Second Class,CUST-00218,Aarav,Mukherjee,SMB,Tier 1,North,Delhi,702574.0,Clothing,Womenswear,7167.93,5.0,0.3,1162.59
ORD-000697,07-11-2019,13-11-2019,Standard Class,CUST-00437,Myra,Gupta,SMB,Tier 1,South,Andhra Pradesh,421185.0,Clothing,Kidswear,6833.95,4.0,0.2,1358.41
ORD-000698,06-01-2023,12-01-2023,Second Class,CUST-00468,Isha,Iyer,Corporate,Village,East,Odisha,262375.0,Furniture,Tables,12404.3,2.0,0.3,2829.52
ORD-000699,05-07-2019,11-07-2019,Same Day,CUST-00548,Ananya,Joshi,Consumer,Tier 2,West,Goa,418835.0,Clothing,Menswear,3168.67,2.0,0.3,311.7
ORD-000700,05-05-2020,12-05-2020,Standard Class,CUST-00591,Aarav,Joshi,SMB,Tier 1,East,Jharkhand,153310.0,Grocery,Staples,1213.19,3.0,0.2,99.63
ORD-000701,23-12-2021,26-12-2021,Standard Class,CUST-00009,Ananya,Iyer,SMB,Village,East,Jharkhand,301763.0,Electronics,Laptops,5535.65,1.0,0.0,1722.48
ORD-000702,05-01-2023,12-01-2023,First Class,CUST-00370,Rohan,Gupta,Corporate,Tier 1,South,Tamil Nadu,562136.0,Grocery,Household,967.9,2.0,0.3,83.19
ORD-000703,16-01-2021,18-01-2021,Standard Class,CUST-00198,Myra,Bose,Consumer,Tier 1,South,Andhra Pradesh,202251.0,Electronics,Laptops,14082.72,1.0,0.2,2514.73
ORD-000704,20-08-2023,27-08-2023,Same Day,CUST-00330,Aditya,Joshi,Consumer,Tier 2,South,Karnataka,104571.0,Furniture,Furnishings,18421.01,5.0,0.3,4182.74
ORD-000705,16-11-2022,22-11-2022,Same Day,CUST-00330,Aditya,Joshi,Consumer,Tier 2,South,Karnataka,420043.0,Grocery,Staples,2066.92,5.0,0.0,350.07
ORD-000706,08-07-2021,10-07-2021,Standard Class,CUST-00528,Kavya,Patel,Corporate,Tier 2,North,Punjab,538882.0,Clothing,Footwear,2949.36,4.0,0.5,355.97
ORD-000707,27-08-2022,03-09-2022,Same Day,CUST-00341,Vihaan,Patel,SMB,Village,South,Karnataka,243237.0,Clothing,Womenswear,1640.1,1.0,0.0,324.78
ORD-000708,10-02-2020,15-02-2020,Standard Class,CUST-00360,Anika,Verma,SMB,Village,East,Bihar,253646.0,Clothing,Footwear,1716.81,4.0,0.3,264.32
ORD-000709,29-05-2023,30-05-2023,Same Day,CUST-00363,Saanvi,Bose,Consumer,Village,South,Telangana,265506.0,Electronics,Laptops,75789.33,5.0,0.05,6071.73
ORD-000710,27-12-2020,28-12-2020,First Class,CUST-00512,Isha,Joshi,Consumer,Tier 1,West,Madhya Pradesh,711185.0,Clothing,Womenswear,6395.06,5.0,0.1,1313.38
ORD-000711,2020/07/09,16-07-2020,Second Class,CUST-00233,Diya,Bose,Corporate,Village,East,Odisha,237597.0,Electronics,Cameras,94705.87,5.0,0.15,6132.16
ORD-000712,26-11-2022,28-11-2022,Standard Class,CUST-00563,Vihaan,Mukherjee,Corporate,Tier 1,South,Kerala,526119.0,Electronics,Laptops,31581.35,4.0,0.0,6243.58
ORD-000713,19-12-2020,23-12-2020,Standard Class,CUST-00131,Myra,Iyer,Corporate,Tier 2,West,Goa,342231.0,Electronics,Mobiles,12049.12,1.0,0.15,2328.67
ORD-000714,05-09-2020,12-09-2020,Second Class,CUST-00114,Aarav,Menon,SMB,Tier 2,South,Tamil Nadu,794979.0,Clothing,Womenswear,4243.88,4.0,0.0,1172.17
ORD-000715,10-01-2021,16-01-2021,Same Day,CUST-00161,Aarav,Verma,Consumer,Tier 2,North,Rajasthan,528277.0,Clothing,Kidswear,3327.82,3.0,0.2,377.48
ORD-000716,15-05-2019,18-05-2019,Same Day,CUST-00449,Diya,Singh,Corporate,Tier 2,South,Telangana,678759.0,Furniture,Chairs,19084.21,4.0,0.1,5042.75
ORD-000717,15-09-2019,19-09-2019,First Class,CUST-00501,Vivaan,Rao,Consumer,Tier 2,North,Delhi,,Furniture,Chairs,37374.18,5.0,0.1,4272.28
ORD-000718,08-07-2020,09-07-2020,Standard Class,CUST-00263,Ishaan,Iyer,SMB,Tier 1,South,Tamil Nadu,855143.0,Electronics,Mobiles,27364.62,2.0,0.3,2117.45
ORD-000719,03-07-2021,07-07-2021,,CUST-00139,Priya,Nair,SMB,Tier 2,North,Punjab,479792.0,Furniture,Chairs,6533.29,2.0,0.2,46.41
ORD-000720,22-11-2023,25-11-2023,Standard Class,CUST-00391,Meera,Singh,SMB,Tier 1,North,Haryana,221841.0,Furniture,Chairs,9065.69,2.0,0.2,1806.64
ORD-000721,30-04-2023,06-05-2023,Standard Class,CUST-00462,Myra,Chatterjee,SMB,Tier 1,West,Maharashtra,145229.0,Clothing,Womenswear,3316.61,2.0,0.3,679.15
ORD-000722,22-11-2022,26-11-2022,First Class,CUST-00019,Vivaan,Chatterjee,Corporate,Tier 2,East,Bihar,498771.0,Furniture,Storage,27867.9,5.0,0.15,1427.88
ORD-000723,06-12-2020,08-12-2020,Same Day,CUST-00043,Ananya,Singh,SMB,Tier 2,South,Tamil Nadu,213070.0,Electronics,Mobiles,86508.14,5.0,0.3,-2227.14
ORD-000724,13-12-2022,18-12-2022,Standard Class,CUST-00561,Kavya,Rao,Corporate,Tier 1,South,Kerala,,Electronics,Cameras,91917.59,4.0,0.3,16795.18
ORD-000725,24-06-2022,29-06-2022,Standard Class,CUST-00523,Isha,Singh,Corporate,Tier 2,West,Gujarat,647320.0,Clothing,Footwear,1522.19,1.0,0.3,175.55
ORD-000726,11-02-2022,16-02-2022,Same Day,CUST-00585,Meera,Bose,SMB,Tier 2,North,Punjab,586644.0,Electronics,Laptops,61287.88,5.0,0.3,14186.74
ORD-000727,18-02-2023,25-02-2023,Standard Class,CUST-00129,Ananya,Sharma,Consumer,Village,East,West Bengal,369173.0,Grocery,Staples,191.55,1.0,0.05,38.87
ORD-000728,23-08-2020,27-08-2020,Standard Class,CUST-00533,Aarav,Bose,Consumer,Village,East,Odisha,272334.0,Clothing,Footwear,7438.37,5.0,0.05,325.59
ORD-000729,28-04-2020,29-04-2020,Standard Class,CUST-00003,Aadhya,Chatterjee,Corporate,Tier 1,North,Rajasthan,414389.0,Electronics,Laptops,21302.47,3.0,0.2,352.43
ORD-000730,10-08-2021,15-08-2021,Same Day,CUST-00552,Aadhya,Nair,Corporate,Tier 2,East,Bihar,836941.0,Furniture,Furnishings,13641.58,2.0,0.5,2030.18
ORD-000731,05-01-2022,07-01-2022,Standard Class,CUST-00190,Sai,Mukherjee,Consumer,Tier 1,East,West Bengal,640447.0,Electronics,Laptops,39896.79,2.0,0.2,2727.65
ORD-000732,30-10-2021,31-10-2021,Second Class,CUST-00194,Diya,Singh,SMB,Tier 1,North,Haryana,845179.0,Electronics,Accessories,39383.15,2.0,0.3,3813.45
ORD-000733,14-02-2019,15-02-2019,Same Day,CUST-00538,Ananya,Iyer,Corporate,Tier 1,East,Bihar,755975.0,Electronics,Cameras,16374.17,1.0,0.15,1985.88
ORD-000734,02-06-2019,04-06-2019,First Class,CUST-00398,Kavya,Nair,SMB,Tier 1,West,Madhya Pradesh,259815.0,Grocery,Staples,3256.19,5.0,0.15,462.75
ORD-000735,31-07-2022,05-08-2022,Same Day,CUST-00103,Kavya,Chatterjee,Corporate,Village,South,Tamil Nadu,261215.0,Furniture,Tables,28900.12,4.0,0.05,6896.82
ORD-000736,16-12-2022,20-12-2022,First Class,CUST-00229,Isha,Menon,SMB,Tier 1,East,Odisha,213198.0,Clothing,Womenswear,1882.49,1.0,0.1,330.65
ORD-000737,11-05-2023,18-05-2023,Second Class,CUST-00146,Reyansh,Gupta,Corporate,Tier 1,North,Delhi,866781.0,Grocery,Household,943.93,2.0,0.1,142.11
ORD-000738,23-02-2019,26-02-2019,Second Class,CUST-00170,Kavya,Patel,Consumer,Tier 1,North,Haryana,187699.0,Electronics,Accessories,16638.35,1.0,0.15,1223.62
ORD-000739,19-09-2023,24-09-2023,Second Class,CUST-00364,Rohan,Bose,Corporate,Tier 2,West,Gujarat,139874.0,Furniture,Chairs,7827.36,2.0,0.15,2056.52
ORD-000740,29-11-2020,02-12-2020,Same Day,CUST-00271,Vihaan,Reddy,SMB,Village,East,West Bengal,139335.0,Electronics,Laptops,83570.91,4.0,0.15,21829.21
ORD-000741,16-08-2020,23-08-2020,Same Day,CUST-00126,Aditya,Das,SMB,Village,East,Bihar,562646.0,Furniture,Chairs,40019.35,5.0,0.5,4982.6
ORD-000742,23-05-2020,25-05-2020,Same Day,CUST-00368,Priya,Mukherjee,SMB,Tier 1,East,Odisha,421397.0,Clothing,Womenswear,2225.14,2.0,0.2,372.26
ORD-000743,08-03-2019,12-03-2019,Standard Class,CUST-00347,Aditya,Mukherjee,Corporate,Tier 1,East,West Bengal,420740.0,Grocery,Beverages,725.56,3.0,0.15,45.35
ORD-000744,19-05-2021,24-05-2021,Second Class,CUST-00592,Meera,Joshi,Corporate,Tier 1,East,Jharkhand,608858.0,Furniture,Furnishings,18985.19,4.0,0.1,3706.05
ORD-000745,19-06-2020,25-06-2020,Standard Class,CUST-00169,Reyansh,Iyer,Consumer,Tier 1,North,Uttar Pradesh,869902.0,Electronics,Laptops,29300.86,3.0,0.15,5950.89
ORD-000746,08-04-2020,10-04-2020,,CUST-00018,Aditya,Patel,SMB,Tier 2,East,Odisha,661485.0,Grocery,Beverages,1202.43,2.0,0.2,180.94
ORD-000747,17-12-2023,18-12-2023,Standard Class,CUST-00536,Ishaan,Patel,SMB,Tier 2,West,Madhya Pradesh,882166.0,Grocery,Household,1244.43,4.0,0.0,56.3
ORD-000748,26-01-2019,01-02-2019,Same Day,CUST-00413,Krishna,Iyer,SMB,Tier 2,North,Delhi,612862.0,Grocery,Household,1640.11,4.0,0.3,149.01
ORD-000749,20-10-2020,22-10-2020,First Class,CUST-00147,Anika,Mukherjee,SMB,Tier 1,North,Delhi,868815.0,Furniture,Tables,28411.32,4.0,0.2,4810.29
ORD-000750,21-05-2021,25-05-2021,Standard Class,CUST-00018,Aditya,Patel,SMB,Tier 2,East,Odisha,283917.0,Electronics,Accessories,121288.22,5.0,0.05,7494.44
ORD-000751,18-01-2020,21-01-2020,Second Class,CUST-00193,Vihaan,Bose,SMB,Tier 1,East,Bihar,413559.0,Grocery,Staples,1240.96,3.0,0.05,292.75
ORD-000752,11-11-2019,17-11-2019,Same Day,CUST-00068,Diya,Chatterjee,SMB,Tier 2,South,Telangana,342095.0,Furniture,Chairs,13898.49,2.0,0.1,1788.07
ORD-000753,01-01-2022,02-01-2022,First Class,CUST-00062,Vihaan,Sharma,SMB,Tier 1,North,Uttar Pradesh,137122.0,Clothing,Kidswear,1641.38,1.0,0.0,416.0
ORD-000754,21-12-2019,25-12-2019,Second Class,CUST-00570,Vivaan,Mukherjee,Corporate,Tier 2,South,Karnataka,868229.0,Electronics,Mobiles,20563.97,1.0,0.0,2753.31
ORD-000755,31-05-2019,02-06-2019,First Class,CUST-00482,Aadhya,Patel,Consumer,Tier 2,West,Maharashtra,181099.0,Clothing,Menswear,1081.1,1.0,0.3,112.35
ORD-000756,20-03-2023,24-03-2023,Same Day,CUST-00057,Krishna,Das,SMB,Tier 1,West,Maharashtra,549917.0,Electronics,Mobiles,61949.74,3.0,0.0,2296.28
ORD-000757,08-04-2020,15-04-2020,Same Day,CUST-00403,Vihaan,Verma,SMB,Tier 2,West,Maharashtra,852985.0,Clothing,Menswear,4176.96,3.0,0.0,804.96
ORD-000758,03-03-2021,04-03-2021,First Class,CUST-00466,Krishna,Iyer,Consumer,Tier 2,East,Odisha,473047.0,Electronics,Laptops,38729.14,2.0,0.2,6760.43
ORD-000759,28-03-2019,04-04-2019,Same Day,CUST-00029,Reyansh,Verma,Corporate,Tier 2,West,Gujarat,625343.0,Clothing,Womenswear,1709.9,2.0,0.1,34.32
ORD-000760,25-03-2023,26-03-2023,First Class,CUST-00329,Vihaan,Singh,Consumer,Village,West,Gujarat,111914.0,Electronics,Mobiles,60006.55,3.0,0.3,7871.63
ORD-000761,18-11-2022,21-11-2022,Same Day,CUST-00441,Ishaan,Mukherjee,Consumer,Tier 1,North,Punjab,681506.0,Electronics,Mobiles,29103.8,3.0,0.2,5160.9
ORD-000762,11-09-2022,13-09-2022,Same Day,CUST-00590,Kavya,Chatterjee,Corporate,Tier 1,North,Delhi,124455.0,Grocery,Staples,411.34,1.0,0.1,73.98
ORD-000763,07-11-2022,09-11-2022,Same Day,CUST-00561,Kavya,Rao,Corporate,Tier 1,South,Kerala,657752.0,Grocery,Staples,3175.47,5.0,0.0,897.12
ORD-000764,26-08-2019,28-08-2019,Same Day,CUST-00131,Myra,Iyer,Corporate,Tier 2,West,Goa,475163.0,Electronics,Laptops,65178.39,5.0,0.1,15874.78
ORD-000765,13-03-2020,20-03-2020,Standard Class,CUST-00202,Vihaan,Sharma,Consumer,Tier 2,North,Haryana,775879.0,Grocery,Staples,391.35,1.0,0.1,53.11
ORD-000766,21-01-2019,27-01-2019,First Class,CUST-00445,Kavya,Reddy,Corporate,Tier 2,West,Maharashtra,443059.0,Grocery,Household,2397.21,5.0,0.2,249.61
ORD-000767,20-08-2019,23-08-2019,First Class,CUST-00454,Priya,Patel,Corporate,Tier 1,West,Goa,373798.0,Furniture,Storage,21503.85,4.0,0.2,5353.51
ORD-000768,18-03-2021,24-03-2021,Standard Class,CUST-00578,Priya,Nair,Corporate,Tier 1,West,Maharashtra,483222.0,Grocery,Beverages,2609.94,4.0,0.15,316.49
ORD-000769,10-09-2019,12-09-2019,Same Day,CUST-00571,Myra,Chatterjee,Consumer,Tier 2,South,Telangana,767090.0,Grocery,Snacks,1562.69,3.0,0.05,99.52
ORD-000770,07-07-2023,09-07-2023,First Class,CUST-00352,Rohan,Singh,Consumer,Tier 2,South,Tamil Nadu,242088.0,Electronics,Accessories,48282.58,3.0,0.3,3595.67
ORD-000771,30-05-2020,01-06-2020,Second Class,CUST-00292,Saanvi,Bose,Corporate,Tier 2,South,Andhra Pradesh,297912.0,Clothing,Womenswear,3752.1,3.0,0.05,11.28
ORD-000772,02-05-2019,03-05-2019,Same Day,CUST-00151,Ananya,Gupta,Corporate,Tier 2,West,Maharashtra,405437.0,Electronics,Accessories,54665.46,3.0,0.0,1623.01
ORD-000773,2023/11/16,18-11-2023,First Class,CUST-00112,Meera,Nair,SMB,Tier 1,West,Goa,596699.0,Electronics,Laptops,42808.64,2.0,0.3,6903.65
ORD-000774,29-07-2023,01-08-2023,Second Class,CUST-00403,Vihaan,Verma,SMB,Tier 2,West,Maharashtra,609972.0,Grocery,Staples,960.34,2.0,0.5,88.03
ORD-000775,11-03-2022,16-03-2022,Same Day,CUST-00569,Priya,Bose,Corporate,Tier 2,North,Haryana,614471.0,Grocery,Staples,1578.3,4.0,0.5,129.69
ORD-000776,09-02-2021,14-02-2021,Standard Class,CUST-00543,Anika,Nair,SMB,Tier 2,North,Delhi,588715.0,Electronics,Cameras,56385.7,4.0,0.0,4424.23
ORD-000777,25-02-2022,27-02-2022,Second Class,CUST-00437,Myra,Gupta,SMB,Tier 1,South,Andhra Pradesh,600430.0,Clothing,Kidswear,3042.07,2.0,0.3,266.42
ORD-000778,02-09-2019,04-09-2019,Same Day,CUST-00434,Anika,Das,Consumer,Tier 1,North,Rajasthan,759848.0,Electronics,Laptops,10170.05,1.0,0.3,1608.71
ORD-000779,19-02-2022,25-02-2022,Standard Class,CUST-00511,Myra,Mukherjee,SMB,Village,South,Andhra Pradesh,168639.0,Grocery,Household,378.48,1.0,0.5,14.31
ORD-000780,02-01-2019,07-01-2019,Second Class,CUST-00050,Sai,Joshi,Consumer,Tier 1,West,Madhya Pradesh,767099.0,Furniture,Storage,14400.52,3.0,0.5,1662.29
ORD-000781,05-12-2023,12-12-2023,Second Class,CUST-00127,Ishaan,Iyer,SMB,Tier 1,East,West Bengal,519147.0,Electronics,Mobiles,93545.3,5.0,0.1,2611.42
ORD-000782,14-10-2023,21-10-2023,Standard Class,CUST-00405,Priya,Verma,SMB,Tier 2,West,Gujarat,618648.0,Clothing,Menswear,2463.01,2.0,0.0,270.12
ORD-000783,16-05-2022,21-05-2022,Same Day,CUST-00103,Kavya,Chatterjee,Corporate,Village,South,Tamil Nadu,145869.0,Clothing,Womenswear,4540.35,4.0,0.15,696.86
ORD-000784,20-01-2019,25-01-2019,First Class,CUST-00335,Aarav,Verma,Corporate,Tier 1,South,Telangana,309978.0,Furniture,Chairs,20331.12,4.0,0.0,3139.0
ORD-000785,07-08-2019,12-08-2019,Same Day,CUST-00095,Vivaan,Nair,Consumer,Tier 2,East,West Bengal,150825.0,Clothing,Womenswear,331.16,1.0,0.0,79.72
ORD-000786,16-06-2023,22-06-2023,Same Day,CUST-00486,Vihaan,Patel,SMB,Village,North,Uttar Pradesh,183594.0,Electronics,Accessories,98033.22,5.0,0.0,20761.82
ORD-000787,23-09-2020,28-09-2020,Same Day,CUST-00138,Priya,Iyer,Corporate,Tier 2,West,Maharashtra,523444.0,Electronics,Cameras,65740.51,4.0,0.0,16552.89
ORD-000788,11-10-2019,15-10-2019,First Class,CUST-00236,Diya,Gupta,Corporate,Tier 1,West,Madhya Pradesh,290300.0,Furniture,Storage,8303.98,3.0,0.5,1065.74
ORD-000789,19-01-2019,24-01-2019,Second Class,CUST-00092,Isha,Chatterjee,SMB,Tier 2,East,Jharkhand,679576.0,Furniture,Chairs,4220.84,1.0,0.5,289.63
ORD-000790,12-09-2023,14-09-2023,Same Day,CUST-00570,Vivaan,Mukherjee,Corporate,Tier 2,South,Karnataka,885552.0,Electronics,Accessories,9552.14,1.0,0.05,1933.69
ORD-000791,14-02-2019,21-02-2019,Standard Class,CUST-00199,Diya,Nair,SMB,Tier 2,West,Gujarat,588354.0,Clothing,Womenswear,4936.75,3.0,0.2,856.97
ORD-000792,01-11-2022,05-11-2022,Second Class,CUST-00088,Ananya,Mukherjee,Corporate,Tier 2,West,Gujarat,144728.0,Grocery,Household,1196.33,3.0,0.1,93.89
ORD-000793,13-04-2023,17-04-2023,First Class,CUST-00303,Aadhya,Reddy,SMB,Village,East,Bihar,138474.0,Clothing,Menswear,7460.66,5.0,0.1,728.5
ORD-000794,22-08-2021,23-08-2021,Same Day,CUST-00217,Aadhya,Nair,Consumer,Tier 2,West,Gujarat,745113.0,Furniture,Furnishings,43721.94,5.0,0.2,7780.58
ORD-000795,03-01-2021,07-01-2021,First Class,CUST-00333,Aadhya,Mukherjee,Corporate,Village,North,Delhi,660436.0,Clothing,Menswear,1725.15,1.0,0.0,403.18
ORD-000796,04-01-2022,05-01-2022,Standard Class,CUST-00344,Aadhya,Chatterjee,Corporate,Tier 2,South,Andhra Pradesh,497096.0,Grocery,Beverages,3218.19,5.0,0.0,210.15
ORD-000797,16-04-2019,23-04-2019,Second Class,CUST-00252,Reyansh,Das,Corporate,Tier 2,South,Telangana,471956.0,Clothing,Kidswear,3812.52,3.0,0.3,336.9
ORD-000798,11-01-2019,13-01-2019,Same Day,CUST-00133,Arjun,Bose,Corporate,Tier 2,South,Telangana,570328.0,Electronics,Cameras,44328.52,3.0,0.05,8018.31
ORD-000799,18-04-2023,22-04-2023,,CUST-00301,Kavya,Menon,Consumer,Tier 1,North,Rajasthan,490234.0,Furniture,Chairs,23880.04,4.0,0.2,3606.08
ORD-000800,22-02-2019,26-02-2019,Standard Class,CUST-00508,Anika,Patel,Corporate,Tier 1,West,Goa,150894.0,Grocery,Household,294.29,1.0,0.05,23.01
ORD-000801,18-11-2020,24-11-2020,Second Class,CUST-00422,Aditya,Singh,Corporate,Tier 1,North,Haryana,161574.0,Furniture,Chairs,33272.06,5.0,0.0,10307.72
ORD-000802,17-04-2021,20-04-2021,Same Day,CUST-00109,Aadhya,Gupta,Consumer,Village,East,West Bengal,130567.0,Furniture,Storage,4792.04,1.0,0.15,612.75
ORD-000803,12-10-2023,19-10-2023,Same Day,CUST-00372,Vihaan,Bose,Corporate,Tier 2,West,Maharashtra,116147.0,Electronics,Mobiles,39316.11,5.0,0.3,1558.4
ORD-000804,13-07-2021,20-07-2021,Second Class,CUST-00450,Ishaan,Chatterjee,Corporate,Tier 1,East,Jharkhand,848324.0,Clothing,Menswear,6563.92,3.0,0.0,1393.68
ORD-000805,05-06-2019,12-06-2019,Standard Class,CUST-00238,Anika,Rao,Corporate,Tier 1,North,Haryana,677309.0,Clothing,Womenswear,1016.61,2.0,0.0,145.25
ORD-000806,02-08-2020,08-08-2020,Standard Class,CUST-00065,Ananya,Nair,SMB,Tier 2,West,Gujarat,679805.0,Grocery,Snacks,1140.8,3.0,0.0,167.47
ORD-000807,2020/01/30,04-02-2020,First Class,CUST-00360,Anika,Verma,SMB,Village,East,Bihar,196667.0,Furniture,Tables,8043.63,5.0,0.3,1299.76
ORD-000808,18-09-2023,19-09-2023,First Class,CUST-00115,Reyansh,Patel,Consumer,Tier 2,South,Telangana,241592.0,Electronics,Laptops,18371.82,1.0,0.1,5015.17
ORD-000809,14-04-2019,15-04-2019,First Class,CUST-00302,Sai,Nair,Consumer,Village,South,Kerala,348714.0,Clothing,Menswear,3727.65,3.0,0.3,457.28
ORD-000810,25-11-2022,26-11-2022,Same Day,CUST-00034,Vihaan,Sharma,SMB,Tier 1,South,Kerala,849322.0,Electronics,Mobiles,43696.15,3.0,0.1,12095.46
ORD-000811,18-07-2023,21-07-2023,First Class,CUST-00281,Saanvi,Bose,Consumer,Tier 2,West,Madhya Pradesh,512133.0,Electronics,Cameras,69323.55,3.0,0.2,14223.34
ORD-000812,22-11-2021,24-11-2021,First Class,CUST-00426,Meera,Singh,SMB,Tier 1,South,Telangana,471883.0,Furniture,Chairs,22917.49,3.0,0.1,6303.22
ORD-000813,06-10-2021,13-10-2021,Second Class,CUST-00312,Myra,Rao,Corporate,Tier 2,East,West Bengal,402777.0,Electronics,Accessories,80552.14,5.0,0.1,15785.39
ORD-000814,28-08-2021,29-08-2021,First Class,CUST-00419,Priya,Nair,Consumer,Tier 1,East,West Bengal,233874.0,Furniture,Chairs,47691.27,5.0,0.2,7383.18
ORD-000815,16-04-2019,23-04-2019,Second Class,CUST-00255,Reyansh,Menon,Consumer,Tier 1,South,Karnataka,728919.0,Grocery,Snacks,1204.78,3.0,0.05,154.13
ORD-000816,02-10-2019,08-10-2019,Standard Class,CUST-00394,Meera,Das,Corporate,Tier 2,West,Madhya Pradesh,853568.0,Furniture,Tables,28598.89,4.0,0.3,6193.0
ORD-000817,30-04-2023,02-05-2023,Same Day,CUST-00213,Ishaan,Mukherjee,Consumer,Tier 2,North,Delhi,131356.0,Electronics,Accessories,50248.95,4.0,0.3,5382.26
ORD-000818,01-09-2023,07-09-2023,Same Day,CUST-00303,Aadhya,Reddy,SMB,Village,East,Bihar,363130.0,Furniture,Storage,13120.24,3.0,0.2,2689.72
ORD-000819,29-12-2021,30-12-2021,Second Class,CUST-00535,Isha,Mukherjee,Consumer,Village,South,Andhra Pradesh,730153.0,Clothing,Kidswear,3868.53,4.0,0.5,460.76
ORD-000820,25-12-2023,28-12-2023,Standard Class,CUST-00065,Ananya,Nair,SMB,Tier 2,West,Gujarat,382119.0,Electronics,Laptops,18115.22,3.0,0.05,3542.33
ORD-000821,16-03-2019,17-03-2019,Second Class,CUST-00331,Sai,Verma,Corporate,Tier 1,North,Punjab,631609.0,Clothing,Kidswear,952.94,1.0,0.2,110.5
ORD-000822,16-05-2019,18-05-2019,Second Class,CUST-00306,Krishna,Das,Consumer,Village,East,Odisha,108494.0,Furniture,Tables,14278.26,2.0,0.5,1434.26
ORD-000823,2022/12/06,09-12-2022,Standard Class,CUST-00483,Isha,Singh,Corporate,Tier 2,East,Jharkhand,128363.0,Electronics,Accessories,41572.06,3.0,0.0,10274.61
ORD-000824,02-09-2020,08-09-2020,First Class,CUST-00380,Anika,Mukherjee,Corporate,Tier 1,North,Punjab,254186.0,Clothing,Footwear,7701.68,5.0,0.1,949.85
ORD-000825,02-04-2021,06-04-2021,First Class,CUST-00146,Reyansh,Gupta,Corporate,Tier 1,North,Delhi,112393.0,Furniture,Furnishings,3439.82,1.0,0.15,495.01
ORD-000826,06-05-2022,07-05-2022,Standard Class,CUST-00373,Myra,Chatterjee,Corporate,Village,South,Telangana,843279.0,Grocery,Snacks,1159.17,5.0,0.5,114.24
ORD-000827,27-05-2020,01-06-2020,First Class,CUST-00475,Sai,Sharma,Consumer,Tier 2,North,Uttar Pradesh,578706.0,Electronics,Laptops,22975.19,1.0,0.05,5054.52
ORD-000828,25-12-2020,28-12-2020,Second Class,CUST-00500,Priya,Joshi,Corporate,Tier 1,North,Haryana,409271.0,Clothing,Womenswear,150.0,3.0,0.05,23.43
ORD-000829,27-05-2021,28-05-2021,Second Class,CUST-00098,Vivaan,Menon,Consumer,Tier 2,West,Madhya Pradesh,262155.0,Furniture,Tables,33496.01,4.0,0.15,4044.41
ORD-000830,27-09-2021,30-09-2021,Standard Class,CUST-00095,Vivaan,Nair,Consumer,Tier 2,East,West Bengal,174018.0,Furniture,Chairs,17231.85,3.0,0.2,2248.42
ORD-000831,29-04-2020,03-05-2020,First Class,CUST-00333,Aadhya,Mukherjee,Corporate,Village,North,Delhi,327799.0,Grocery,Beverages,1922.57,4.0,0.5,229.63
ORD-000832,09-03-2023,16-03-2023,First Class,CUST-00129,Ananya,Sharma,Consumer,Village,East,West Bengal,804783.0,Electronics,Mobiles,16921.25,2.0,0.2,2425.02
ORD-000833,09-02-2022,14-02-2022,Standard Class,CUST-00210,Reyansh,Mukherjee,Consumer,Tier 1,East,Odisha,111949.0,Grocery,Household,1575.87,3.0,0.5,38.09
ORD-000834,27-10-2023,03-11-2023,First Class,CUST-00200,Ananya,Reddy,Corporate,Tier 1,East,Bihar,355050.0,Furniture,Tables,5974.99,1.0,0.2,755.85
ORD-000835,09-12-2020,15-12-2020,Second Class,CUST-00396,Aarav,Gupta,SMB,Tier 1,South,Andhra Pradesh,806922.0,Electronics,Cameras,31738.29,4.0,0.3,1468.56
ORD-000836,11-05-2020,18-05-2020,Same Day,CUST-00043,Ananya,Singh,SMB,Tier 2,South,Tamil Nadu,546125.0,Electronics,Laptops,11576.46,1.0,0.0,1730.04
ORD-000837,13-10-2021,17-10-2021,First Class,CUST-00414,Vihaan,Gupta,SMB,Tier 2,South,Telangana,671004.0,Clothing,Menswear,1513.79,1.0,0.15,212.27
ORD-000838,24-09-2021,29-09-2021,First Class,CUST-00080,Krishna,Bose,Corporate,Village,East,Jharkhand,627083.0,Clothing,Footwear,5272.79,5.0,0.3,175.97
ORD-000839,20-04-2022,26-04-2022,Same Day,CUST-00070,Saanvi,Patel,Consumer,Tier 2,South,Telangana,211605.0,Grocery,Beverages,489.2,1.0,0.5,5.34
ORD-000840,23-06-2019,25-06-2019,Second Class,CUST-00463,Diya,Das,Corporate,Tier 1,West,Madhya Pradesh,327332.0,Grocery,Snacks,2062.29,4.0,0.05,71.66
ORD-000841,20-01-2019,21-01-2019,Standard Class,CUST-00265,Ananya,Iyer,Consumer,Village,South,Telangana,534108.0,Grocery,Beverages,1106.91,3.0,0.0,60.84
ORD-000842,19-11-2020,21-11-2020,Standard Class,CUST-00045,Reyansh,Verma,Corporate,Tier 2,East,West Bengal,634398.0,Electronics,Mobiles,30808.13,2.0,0.05,6691.63
ORD-000843,22-03-2023,25-03-2023,Same Day,CUST-00295,Krishna,Patel,SMB,Tier 2,East,West Bengal,688406.0,Furniture,Storage,24779.9,3.0,0.05,4054.66
ORD-000844,09-05-2022,13-05-2022,Second Class,CUST-00005,Ananya,Patel,Corporate,Tier 1,North,Delhi,432328.0,Grocery,Staples,869.42,2.0,0.5,93.66
ORD-000845,12-09-2020,16-09-2020,Same Day,CUST-00176,Isha,Verma,SMB,Tier 2,North,Punjab,490148.0,Electronics,Mobiles,50902.24,2.0,0.05,10906.93
ORD-000846,18-07-2021,22-07-2021,Same Day,CUST-00447,Rohan,Rao,Corporate,Tier 2,West,Madhya Pradesh,470812.0,Furniture,Tables,7354.01,1.0,0.0,1170.52
ORD-000847,08-06-2023,15-06-2023,Second Class,CUST-00575,Vihaan,Menon,Consumer,Tier 1,North,Haryana,649370.0,Furniture,Furnishings,7194.81,1.0,0.2,426.27
ORD-000848,10-04-2023,12-04-2023,First Class,CUST-00161,Aarav,Verma,Consumer,Tier 2,North,Rajasthan,653935.0,Furniture,Storage,11305.0,2.0,0.0,2978.18
ORD-000849,05-08-2019,10-08-2019,Second Class,CUST-00069,Saanvi,Sharma,Corporate,Tier 2,North,Punjab,100359.0,Grocery,Snacks,306.23,2.0,0.3,33.86
ORD-000850,25-06-2023,01-07-2023,First Class,CUST-00410,Kavya,Verma,Consumer,Tier 1,South,Karnataka,183167.0,Grocery,Snacks,1090.4,2.0,0.1,275.55
ORD-000851,17-01-2019,21-01-2019,,CUST-00034,Vihaan,Sharma,SMB,Tier 1,South,Kerala,552011.0,Furniture,Furnishings,17869.34,3.0,0.0,1385.64
ORD-000852,19-02-2021,25-02-2021,First Class,CUST-00417,Rohan,Reddy,Corporate,Tier 1,South,Kerala,696478.0,Electronics,Accessories,37602.03,2.0,0.2,8719.07
ORD-000853,21-10-2020,25-10-2020,First Class,CUST-00262,Kavya,Rao,SMB,Tier 1,South,Andhra Pradesh,367765.0,Electronics,Mobiles,46342.67,3.0,0.1,6897.4
ORD-000854,19-07-2022,22-07-2022,Second Class,CUST-00150,Anika,Menon,Consumer,Tier 1,North,Uttar Pradesh,710217.0,Clothing,Womenswear,6137.76,5.0,0.05,1734.02
ORD-000855,10-03-2019,15-03-2019,Second Class,CUST-00505,Vihaan,Verma,Corporate,Tier 1,North,Delhi,885728.0,Furniture,Furnishings,21454.44,5.0,0.0,4187.44
ORD-000856,05-04-2021,08-04-2021,Standard Class,CUST-00415,Myra,Reddy,Corporate,Village,West,Madhya Pradesh,192719.0,Electronics,Laptops,86219.88,4.0,0.5,5900.0
ORD-000857,15-06-2020,19-06-2020,Second Class,CUST-00063,Ishaan,Verma,Corporate,Tier 1,West,Maharashtra,657213.0,Furniture,Chairs,41536.8,4.0,0.2,1676.3
ORD-000858,23-08-2019,27-08-2019,Same Day,CUST-00213,Ishaan,Mukherjee,Consumer,Tier 2,North,Delhi,286164.0,Electronics,Accessories,78725.04,3.0,0.0,11926.07
ORD-000859,13-06-2023,15-06-2023,First Class,CUST-00199,Diya,Nair,SMB,Tier 2,West,Gujarat,200628.0,Electronics,Laptops,44004.26,5.0,0.15,9735.9
ORD-000860,30-04-2021,06-05-2021,Standard Class,CUST-00508,Anika,Patel,Corporate,Tier 1,West,Goa,752434.0,Furniture,Storage,21594.68,5.0,0.1,61.01
ORD-000861,09-01-2022,10-01-2022,Second Class,CUST-00214,Ananya,Sharma,Consumer,Tier 2,South,Telangana,662566.0,Grocery,Beverages,2190.23,3.0,0.0,418.11
ORD-000862,26-05-2019,01-06-2019,Second Class,CUST-00294,Isha,Gupta,SMB,Tier 2,East,Odisha,242411.0,Electronics,Accessories,31418.71,2.0,0.05,1667.68
ORD-000863,02-02-2020,06-02-2020,Same Day,CUST-00486,Vihaan,Patel,SMB,Village,North,Uttar Pradesh,254514.0,Clothing,Womenswear,462.17,1.0,0.1,32.36
ORD-000864,14-05-2021,16-05-2021,Second Class,CUST-00233,Diya,Bose,Corporate,Village,East,Odisha,130548.0,Clothing,Menswear,9916.15,4.0,0.5,668.55
ORD-000865,04-10-2023,05-10-2023,Second Class,CUST-00461,Isha,Reddy,SMB,Tier 1,West,Goa,535769.0,Electronics,Cameras,15811.86,2.0,0.1,3249.76
ORD-000866,21-04-2023,27-04-2023,First Class,CUST-00498,Ananya,Chatterjee,Consumer,Tier 1,West,Maharashtra,352042.0,Furniture,Storage,9950.17,2.0,0.1,3223.36
ORD-000867,19-12-2019,25-12-2019,Standard Class,CUST-00320,Vivaan,Das,SMB,Village,North,Punjab,275163.0,Clothing,Footwear,2046.85,4.0,0.3,190.1
ORD-000868,2021/09/29,30-09-2021,First Class,CUST-00299,Aadhya,Rao,Consumer,Tier 1,North,Rajasthan,691893.0,Grocery,Staples,141.75,1.0,0.0,30.47
ORD-000869,26-01-2022,01-02-2022,Same Day,CUST-00275,Rohan,Singh,Corporate,Tier 1,East,Jharkhand,710740.0,Clothing,Womenswear,1014.35,1.0,0.1,120.78
ORD-000870,13-04-2023,20-04-2023,Second Class,CUST-00361,Ishaan,Sharma,Consumer,Village,South,Karnataka,573867.0,Clothing,Kidswear,4566.86,3.0,0.15,765.46
ORD-000871,20-08-2023,27-08-2023,Standard Class,CUST-00421,Aadhya,Bose,SMB,Tier 2,North,Rajasthan,567781.0,Grocery,Snacks,392.54,1.0,0.5,48.32
ORD-000872,08-10-2022,12-10-2022,Second Class,CUST-00470,Myra,Patel,Corporate,Tier 1,North,Punjab,353570.0,Furniture,Tables,23434.08,4.0,0.0,4106.35
ORD-000873,16-08-2022,23-08-2022,Second Class,CUST-00568,Arjun,Singh,SMB,Tier 2,North,Punjab,439045.0,Electronics,Laptops,7364.96,1.0,0.0,1265.38
ORD-000874,20-07-2023,25-07-2023,Second Class,CUST-00292,Saanvi,Bose,Corporate,Tier 2,South,Andhra Pradesh,248908.0,Furniture,Tables,11961.69,2.0,0.0,1783.93
ORD-000875,03-08-2023,10-08-2023,Same Day,CUST-00142,Isha,Reddy,SMB,Tier 1,South,Telangana,404828.0,Grocery,Snacks,953.06,3.0,0.15,87.8
ORD-000876,21-02-2020,22-02-2020,Same Day,CUST-00327,Reyansh,Chatterjee,SMB,Tier 1,West,Madhya Pradesh,358997.0,Grocery,Staples,3148.63,5.0,0.05,504.5
ORD-000877,15-11-2019,22-11-2019,First Class,CUST-00510,Vihaan,Chatterjee,Consumer,Tier 1,South,Karnataka,,Clothing,Womenswear,2417.02,2.0,0.5,262.02
ORD-000878,20-09-2023,22-09-2023,First Class,CUST-00424,Rohan,Bose,Consumer,Tier 1,East,Bihar,394575.0,Electronics,Laptops,30282.37,2.0,0.1,2158.64
ORD-000879,02-06-2021,06-06-2021,Second Class,CUST-00540,Reyansh,Patel,Consumer,Tier 1,East,Jharkhand,816915.0,Electronics,Laptops,32171.76,3.0,0.5,4448.8
ORD-000880,01-09-2019,02-09-2019,Second Class,CUST-00478,Vivaan,Das,Consumer,Tier 2,North,Uttar Pradesh,882019.0,Grocery,Snacks,142.79,2.0,0.0,26.05
ORD-000881,05-05-2023,08-05-2023,First Class,CUST-00488,Priya,Verma,SMB,Tier 1,North,Delhi,628398.0,Grocery,Household,960.86,2.0,0.3,112.21
ORD-000882,30-07-2021,05-08-2021,Same Day,CUST-00032,Sai,Patel,SMB,Tier 1,North,Haryana,527416.0,Grocery,Household,920.0,2.0,0.15,123.93
ORD-000883,2023/08/05,09-08-2023,Second Class,CUST-00057,Krishna,Das,SMB,Tier 1,West,Maharashtra,622773.0,Furniture,Tables,8375.05,1.0,0.05,2305.7
ORD-000884,17-07-2020,24-07-2020,Standard Class,CUST-00544,Vivaan,Mukherjee,Consumer,Tier 1,North,Rajasthan,188321.0,Clothing,Womenswear,1905.48,2.0,0.1,251.78
ORD-000885,01-08-2022,03-08-2022,Second Class,CUST-00496,Vivaan,Das,Consumer,Tier 2,East,Jharkhand,651927.0,Furniture,Tables,7722.89,1.0,0.0,1228.53
ORD-000886,21-08-2023,27-08-2023,Second Class,CUST-00575,Vihaan,Menon,Consumer,Tier 1,North,Haryana,148512.0,Grocery,Staples,2305.03,4.0,0.0,164.85
ORD-000887,21-08-2023,22-08-2023,Same Day,CUST-00119,Isha,Joshi,SMB,Tier 1,North,Punjab,835733.0,Electronics,Mobiles,14152.65,1.0,0.15,1915.61
ORD-000888,19-02-2020,25-02-2020,Standard Class,CUST-00483,Isha,Singh,Corporate,Tier 2,East,Jharkhand,771439.0,Grocery,Snacks,1580.21,4.0,0.0,240.41
ORD-000889,27-07-2021,01-08-2021,Second Class,CUST-00278,Diya,Iyer,Consumer,Tier 1,West,Maharashtra,754372.0,Clothing,Kidswear,3386.65,3.0,0.2,604.82
ORD-000890,13-05-2023,16-05-2023,First Class,CUST-00253,Diya,Bose,Corporate,Tier 1,South,Karnataka,303717.0,Electronics,Cameras,23335.79,3.0,0.15,4914.68
ORD-000891,26-04-2019,28-04-2019,Same Day,CUST-00576,Sai,Reddy,Corporate,Tier 2,East,Odisha,442702.0,Clothing,Kidswear,9718.19,5.0,0.5,566.88
ORD-000892,09-02-2020,15-02-2020,Second Class,CUST-00137,Priya,Patel,SMB,Tier 1,East,Odisha,497141.0,Furniture,Furnishings,24474.7,3.0,0.3,5308.05
ORD-000893,21-12-2019,23-12-2019,Standard Class,CUST-00357,Kavya,Rao,Corporate,Village,North,Rajasthan,567309.0,Electronics,Cameras,71767.41,5.0,0.15,10902.1
ORD-000894,30-06-2022,04-07-2022,First Class,CUST-00407,Myra,Singh,Corporate,Tier 1,South,Andhra Pradesh,238547.0,Grocery,Beverages,789.92,3.0,0.5,99.89
ORD-000895,28-10-2019,04-11-2019,First Class,CUST-00371,Vivaan,Gupta,Corporate,Tier 2,North,Punjab,607538.0,Clothing,Kidswear,1022.1,2.0,0.0,197.23
ORD-000896,07-08-2022,12-08-2022,First Class,CUST-00582,Reyansh,Chatterjee,Consumer,Village,North,Uttar Pradesh,544447.0,Grocery,Beverages,1392.97,3.0,0.3,205.04
ORD-000897,27-02-2020,02-03-2020,Same Day,CUST-00196,Arjun,Nair,Corporate,Tier 1,West,Goa,753255.0,Furniture,Chairs,20853.11,4.0,0.0,3991.34
ORD-000898,21-10-2019,25-10-2019,Same Day,CUST-00161,Aarav,Verma,Consumer,Tier 2,North,Rajasthan,273391.0,Clothing,Womenswear,2032.18,4.0,0.0,86.52
ORD-000899,25-11-2019,30-11-2019,Second Class,CUST-00529,Reyansh,Patel,Consumer,Village,West,Maharashtra,736482.0,Electronics,Mobiles,9153.4,1.0,0.2,869.38
ORD-000900,08-01-2022,09-01-2022,Same Day,CUST-00570,Vivaan,Mukherjee,Corporate,Tier 2,South,Karnataka,515256.0,Electronics,Cameras,16321.36,3.0,0.1,1855.39
ORD-000901,13-05-2023,18-05-2023,First Class,CUST-00123,Sai,Mukherjee,Consumer,Village,North,Uttar Pradesh,799853.0,Grocery,Snacks,659.15,3.0,0.2,103.44
ORD-000902,07-01-2019,12-01-2019,Second Class,CUST-00135,Rohan,Singh,SMB,Tier 1,South,Andhra Pradesh,726070.0,Furniture,Tables,8571.88,2.0,0.5,864.14
ORD-000903,25-11-2023,01-12-2023,Second Class,CUST-00007,Aadhya,Gupta,Consumer,Tier 2,West,Gujarat,642059.0,Clothing,Kidswear,4178.32,3.0,0.1,989.86
ORD-000904,02-08-2019,06-08-2019,Standard Class,CUST-00299,Aadhya,Rao,Consumer,Tier 1,North,Rajasthan,102853.0,Clothing,Womenswear,5294.33,4.0,0.3,821.61
ORD-000905,28-12-2023,29-12-2023,First Class,CUST-00265,Ananya,Iyer,Consumer,Village,South,Telangana,721604.0,Grocery,Snacks,2141.77,4.0,0.05,415.68
ORD-000906,2021/05/21,25-05-2021,Second Class,CUST-00022,Anika,Mukherjee,Consumer,Tier 1,West,Gujarat,632057.0,Clothing,Womenswear,2054.89,2.0,0.05,417.53
ORD-000907,11-11-2022,18-11-2022,Standard Class,CUST-00308,Kavya,Nair,Consumer,Tier 2,West,Goa,768420.0,Grocery,Household,2086.84,3.0,0.05,436.41
ORD-000908,16-03-2023,21-03-2023,Same Day,CUST-00188,Arjun,Singh,Corporate,Tier 1,West,Madhya Pradesh,634098.0,Clothing,Menswear,5198.73,3.0,0.1,1147.77
ORD-000909,11-02-2023,12-02-2023,Standard Class,CUST-00232,Vihaan,Verma,SMB,Tier 1,South,Karnataka,299298.0,Electronics,Cameras,66258.83,4.0,0.15,14850.6
ORD-000910,05-05-2023,10-05-2023,Second Class,CUST-00478,Vivaan,Das,Consumer,Tier 2,North,Uttar Pradesh,181397.0,Electronics,Laptops,29716.05,4.0,0.0,5587.32
ORD-000911,18-04-2020,25-04-2020,Standard Class,CUST-00469,Vivaan,Reddy,SMB,Tier 1,East,West Bengal,795192.0,Clothing,Kidswear,3367.89,2.0,0.15,311.39
ORD-000912,19-10-2023,23-10-2023,Standard Class,CUST-00019,Vivaan,Chatterjee,Corporate,Tier 2,East,Bihar,728828.0,Furniture,Furnishings,27741.52,5.0,0.5,1386.85
ORD-000913,31-03-2020,01-04-2020,Second Class,CUST-00034,Vihaan,Sharma,SMB,Tier 1,South,Kerala,540067.0,Electronics,Cameras,53588.05,3.0,0.1,11729.67
ORD-000914,04-03-2021,09-03-2021,Standard Class,CUST-00176,Isha,Verma,SMB,Tier 2,North,Punjab,601244.0,Clothing,Womenswear,6495.79,4.0,0.05,757.17
ORD-000915,14-10-2023,21-10-2023,First Class,CUST-00423,Sai,Bose,Consumer,Tier 1,South,Telangana,444030.0,Furniture,Furnishings,8219.56,1.0,0.15,1048.82
ORD-000916,23-03-2019,29-03-2019,Second Class,CUST-00415,Myra,Reddy,Corporate,Village,West,Madhya Pradesh,588927.0,Grocery,Beverages,1443.98,3.0,0.0,349.14
ORD-000917,15-08-2022,17-08-2022,First Class,CUST-00522,Ananya,Bose,SMB,Tier 2,North,Delhi,295386.0,Electronics,Cameras,61276.07,4.0,0.0,13454.72
ORD-000918,20-03-2021,24-03-2021,First Class,CUST-00544,Vivaan,Mukherjee,Consumer,Tier 1,North,Rajasthan,298023.0,Grocery,Household,968.48,2.0,0.1,233.03
ORD-000919,16-05-2022,17-05-2022,Second Class,CUST-00065,Ananya,Nair,SMB,Tier 2,West,Gujarat,709902.0,Clothing,Footwear,4136.24,3.0,0.1,594.76
ORD-000920,14-01-2020,19-01-2020,Same Day,CUST-00328,Saanvi,Gupta,Consumer,Tier 2,North,Uttar Pradesh,604203.0,Electronics,Mobiles,92487.42,4.0,0.5,9398.33
ORD-000921,24-06-2021,26-06-2021,Same Day,CUST-00031,Sai,Menon,SMB,Tier 1,South,Kerala,184652.0,Electronics,Cameras,28399.01,2.0,0.5,3753.22
ORD-000922,02-11-2022,03-11-2022,Second Class,CUST-00138,Priya,Iyer,Corporate,Tier 2,West,Maharashtra,165024.0,Electronics,Laptops,97214.08,4.0,0.05,22887.08
ORD-000923,11-02-2019,18-02-2019,Same Day,CUST-00186,Aarav,Reddy,SMB,Tier 1,East,West Bengal,349934.0,Grocery,Beverages,444.64,1.0,0.15,69.97
ORD-000924,13-12-2022,19-12-2022,First Class,CUST-00148,Sai,Singh,Consumer,Tier 2,East,Odisha,365995.0,Clothing,Menswear,7122.42,5.0,0.5,1190.32
ORD-000925,31-01-2022,06-02-2022,Second Class,CUST-00491,Arjun,Chatterjee,Consumer,Tier 2,South,Tamil Nadu,521612.0,Furniture,Storage,30240.77,5.0,0.0,4350.42
ORD-000926,11-02-2022,18-02-2022,Same Day,CUST-00222,Diya,Singh,Consumer,Tier 2,South,Andhra Pradesh,626248.0,Furniture,Storage,3740.84,2.0,0.5,351.76
ORD-000927,03-12-2022,08-12-2022,Same Day,CUST-00540,Reyansh,Patel,Consumer,Tier 1,East,Jharkhand,835029.0,Electronics,Cameras,60138.31,4.0,0.0,8229.14
ORD-000928,02-04-2022,09-04-2022,Second Class,CUST-00285,Arjun,Joshi,Corporate,Tier 1,South,Tamil Nadu,130153.0,Furniture,Furnishings,30033.35,4.0,0.3,6336.04
ORD-000929,06-11-2023,07-11-2023,Same Day,CUST-00002,Anika,Reddy,Consumer,Tier 2,East,Jharkhand,493503.0,Grocery,Household,1328.56,5.0,0.0,344.83
ORD-000930,25-06-2022,26-06-2022,Second Class,CUST-00113,Rohan,Das,Consumer,Tier 2,East,Bihar,422666.0,Grocery,Snacks,980.2,3.0,0.15,217.56
ORD-000931,14-01-2022,18-01-2022,Standard Class,CUST-00598,Aadhya,Rao,Corporate,Tier 2,North,Rajasthan,275905.0,Furniture,Tables,15324.33,2.0,0.5,1634.25
ORD-000932,02-11-2020,07-11-2020,Same Day,CUST-00203,Diya,Chatterjee,Corporate,Village,South,Andhra Pradesh,419775.0,Clothing,Menswear,1593.1,5.0,0.0,-110.81
ORD-000933,26-03-2023,27-03-2023,Standard Class,CUST-00320,Vivaan,Das,SMB,Village,North,Punjab,711079.0,Electronics,Laptops,43566.34,5.0,0.0,7206.01
ORD-000934,28-12-2022,03-01-2023,Second Class,CUST-00482,Aadhya,Patel,Consumer,Tier 2,West,Maharashtra,724812.0,Electronics,Cameras,36817.1,2.0,0.0,5631.82
ORD-000935,10-06-2020,15-06-2020,Same Day,CUST-00462,Myra,Chatterjee,SMB,Tier 1,West,Maharashtra,513403.0,Clothing,Footwear,3994.65,5.0,0.2,716.73
ORD-000936,02-01-2023,08-01-2023,Same Day,CUST-00412,Ananya,Joshi,SMB,Tier 1,North,Punjab,868001.0,Clothing,Footwear,4442.7,3.0,0.0,923.63
ORD-000937,21-12-2023,27-12-2023,Standard Class,CUST-00258,Vihaan,Sharma,Corporate,Tier 1,South,Tamil Nadu,828844.0,Furniture,Storage,9587.81,3.0,0.05,1489.39
ORD-000938,09-03-2019,15-03-2019,Same Day,CUST-00332,Aarav,Mukherjee,SMB,Tier 2,North,Delhi,717193.0,Furniture,Tables,9865.08,1.0,0.05,1440.77
ORD-000939,27-10-2020,29-10-2020,Standard Class,CUST-00403,Vihaan,Verma,SMB,Tier 2,West,Maharashtra,353834.0,Electronics,Mobiles,64984.59,5.0,0.1,5687.6
ORD-000940,28-04-2020,03-05-2020,Second Class,CUST-00154,Aarav,Chatterjee,Corporate,Tier 1,South,Karnataka,141205.0,Electronics,Laptops,13641.67,1.0,0.0,2063.49
ORD-000941,26-10-2023,29-10-2023,Same Day,CUST-00365,Rohan,Verma,Corporate,Tier 1,South,Tamil Nadu,361728.0,Furniture,Furnishings,3786.41,1.0,0.1,324.58
ORD-000942,24-12-2019,29-12-2019,Second Class,CUST-00050,Sai,Joshi,Consumer,Tier 1,West,Madhya Pradesh,188514.0,Clothing,Footwear,4764.74,5.0,0.2,1009.11
ORD-000943,11-12-2021,16-12-2021,Second Class,CUST-00307,Meera,Rao,Corporate,Village,South,Karnataka,642488.0,Grocery,Beverages,178.83,3.0,0.5,12.46
ORD-000944,15-08-2022,22-08-2022,Same Day,CUST-00032,Sai,Patel,SMB,Tier 1,North,Haryana,825961.0,Grocery,Beverages,897.7,3.0,0.0,80.54
ORD-000945,22-10-2020,23-10-2020,Standard Class,CUST-00473,Aditya,Reddy,Consumer,Tier 1,North,Delhi,185439.0,Furniture,Chairs,10905.78,2.0,0.2,2056.62
ORD-000946,31-10-2023,05-11-2023,Standard Class,CUST-00299,Aadhya,Rao,Consumer,Tier 1,North,Rajasthan,782184.0,Electronics,Laptops,45651.42,4.0,0.5,6280.4
ORD-000947,04-06-2019,11-06-2019,Second Class,CUST-00003,Aadhya,Chatterjee,Corporate,Tier 1,North,Rajasthan,326149.0,Electronics,Mobiles,32426.48,4.0,0.05,7612.06
ORD-000948,23-10-2020,27-10-2020,First Class,CUST-00469,Vivaan,Reddy,SMB,Tier 1,East,West Bengal,382240.0,Clothing,Footwear,1853.56,1.0,0.0,439.57
ORD-000949,30-03-2019,01-04-2019,First Class,CUST-00309,Ishaan,Rao,SMB,Village,South,Andhra Pradesh,211460.0,Electronics,Accessories,12998.99,1.0,0.2,1988.76
ORD-000950,22-01-2020,29-01-2020,First Class,CUST-00451,Aadhya,Reddy,Consumer,Village,West,Maharashtra,246454.0,Grocery,Household,1114.44,3.0,0.0,279.77
ORD-000951,17-01-2019,18-01-2019,Same Day,CUST-00505,Vihaan,Verma,Corporate,Tier 1,North,Delhi,730325.0,Clothing,Footwear,1782.89,5.0,0.1,336.53
ORD-000952,23-12-2022,26-12-2022,Standard Class,CUST-00483,Isha,Singh,Corporate,Tier 2,East,Jharkhand,,Furniture,Storage,40134.84,5.0,0.2,7663.04
ORD-000953,26-12-2020,28-12-2020,First Class,CUST-00314,Diya,Nair,Consumer,Village,East,Jharkhand,276526.0,Electronics,Laptops,75994.13,5.0,0.15,18769.87
ORD-000954,08-10-2019,13-10-2019,Standard Class,CUST-00071,Kavya,Joshi,SMB,Tier 1,East,Odisha,295565.0,Furniture,Storage,4930.7,1.0,0.0,1081.5
ORD-000955,04-08-2019,07-08-2019,Second Class,CUST-00532,Sai,Menon,Consumer,Village,East,Bihar,616385.0,Electronics,Laptops,15217.73,1.0,0.5,190.29
ORD-000956,26-07-2020,28-07-2020,First Class,CUST-00370,Rohan,Gupta,Corporate,Tier 1,South,Tamil Nadu,472334.0,Furniture,Chairs,30475.6,5.0,0.0,5606.89
ORD-000957,27-05-2021,29-05-2021,Second Class,CUST-00502,Anika,Sharma,Corporate,Tier 1,West,Goa,334672.0,Electronics,Cameras,19472.68,1.0,0.0,1934.78
ORD-000958,16-11-2023,22-11-2023,Same Day,CUST-00449,Diya,Singh,Corporate,Tier 2,South,Telangana,131162.0,Clothing,Menswear,4908.32,3.0,0.2,1084.23
ORD-000959,02-07-2021,05-07-2021,First Class,CUST-00514,Kavya,Bose,Corporate,Tier 2,North,Punjab,470487.0,Electronics,Accessories,39753.52,4.0,0.0,13001.46
ORD-000960,22-08-2020,24-08-2020,Standard Class,CUST-00151,Ananya,Gupta,Corporate,Tier 2,West,Maharashtra,719667.0,Electronics,Cameras,69741.55,4.0,0.0,15560.86
ORD-000961,23-05-2023,27-05-2023,First Class,CUST-00431,Krishna,Singh,Consumer,Tier 1,East,Odisha,149584.0,Clothing,Kidswear,3941.23,3.0,0.2,622.25
ORD-000962,28-11-2022,01-12-2022,Second Class,CUST-00411,Sai,Bose,SMB,Village,North,Punjab,819545.0,Furniture,Tables,4198.99,1.0,0.5,280.92
ORD-000963,17-06-2019,19-06-2019,Second Class,CUST-00518,Ishaan,Bose,Consumer,Tier 2,South,Telangana,161679.0,Furniture,Furnishings,24223.17,4.0,0.2,6472.76
ORD-000964,20-06-2020,26-06-2020,Second Class,CUST-00577,Sai,Nair,Corporate,Tier 1,North,Uttar Pradesh,887559.0,Electronics,Mobiles,36108.46,2.0,0.05,8321.07
ORD-000965,17-03-2022,19-03-2022,Second Class,CUST-00588,Saanvi,Sharma,Corporate,Tier 2,North,Rajasthan,867330.0,Clothing,Womenswear,2265.8,3.0,0.15,494.24
ORD-000966,01-12-2019,03-12-2019,Standard Class,CUST-00347,Aditya,Mukherjee,Corporate,Tier 1,East,West Bengal,455209.0,Clothing,Menswear,3054.34,5.0,0.1,371.14
ORD-000967,17-06-2022,23-06-2022,First Class,CUST-00003,Aadhya,Chatterjee,Corporate,Tier 1,North,Rajasthan,367921.0,Electronics,Mobiles,34513.76,2.0,0.1,5435.82
ORD-000968,31-12-2020,06-01-2021,Second Class,CUST-00090,Rohan,Rao,Consumer,Tier 1,South,Tamil Nadu,608228.0,Furniture,Chairs,41201.53,5.0,0.5,4277.6
ORD-000969,22-05-2021,26-05-2021,Second Class,CUST-00072,Ishaan,Joshi,Corporate,Village,North,Uttar Pradesh,590243.0,Electronics,Accessories,50408.06,3.0,0.1,9855.23
ORD-000970,05-10-2019,06-10-2019,Second Class,CUST-00118,Aditya,Sharma,Corporate,Tier 1,North,Uttar Pradesh,569991.0,Electronics,Accessories,64231.05,3.0,0.1,8290.84
ORD-000971,04-08-2021,08-08-2021,First Class,CUST-00441,Ishaan,Mukherjee,Consumer,Tier 1,North,Punjab,185749.0,Electronics,Cameras,105397.32,5.0,0.3,22207.12
ORD-000972,12-06-2021,14-06-2021,Standard Class,CUST-00530,Arjun,Bose,Corporate,Tier 2,North,Uttar Pradesh,274757.0,Clothing,Footwear,1149.11,1.0,0.3,195.42
ORD-000973,30-04-2019,01-05-2019,Second Class,CUST-00507,Vivaan,Chatterjee,Consumer,Tier 2,East,Odisha,577615.0,Electronics,Cameras,88644.85,5.0,0.0,12381.95
ORD-000974,30-11-2022,02-12-2022,Second Class,CUST-00116,Kavya,Das,Consumer,Village,South,Andhra Pradesh,461266.0,Furniture,Tables,8436.18,2.0,0.0,1354.77
ORD-000975,09-05-2023,13-05-2023,Same Day,CUST-00492,Priya,Bose,SMB,Tier 1,West,Maharashtra,673082.0,Furniture,Furnishings,37985.52,4.0,0.05,5679.67
ORD-000976,08-09-2023,13-09-2023,First Class,CUST-00472,Myra,Das,SMB,Tier 1,East,Odisha,354070.0,Furniture,Chairs,22045.09,5.0,0.1,1382.8
ORD-000977,10-10-2021,11-10-2021,Same Day,CUST-00034,Vihaan,Sharma,SMB,Tier 1,South,Kerala,507246.0,Grocery,Staples,877.14,5.0,0.2,58.77
ORD-000978,11-01-2023,12-01-2023,Standard Class,CUST-00434,Anika,Das,Consumer,Tier 1,North,Rajasthan,306469.0,Grocery,Staples,370.85,2.0,0.2,47.61
ORD-000979,28-03-2023,30-03-2023,Same Day,CUST-00294,Isha,Gupta,SMB,Tier 2,East,Odisha,369488.0,Clothing,Menswear,4633.9,3.0,0.1,500.99
ORD-000980,31-08-2022,01-09-2022,Second Class,CUST-00510,Vihaan,Chatterjee,Consumer,Tier 1,South,Karnataka,785564.0,Clothing,Womenswear,3225.63,3.0,0.05,484.4
ORD-000981,01-11-2020,04-11-2020,First Class,CUST-00379,Diya,Chatterjee,SMB,Tier 1,South,Andhra Pradesh,278370.0,Grocery,Household,238.82,1.0,0.3,24.19
ORD-000982,26-01-2022,29-01-2022,Second Class,CUST-00004,Rohan,Iyer,SMB,Tier 2,West,Goa,712720.0,Grocery,Snacks,2217.0,4.0,0.3,226.05
ORD-000983,12-03-2019,13-03-2019,First Class,CUST-00412,Ananya,Joshi,SMB,Tier 1,North,Punjab,119532.0,Furniture,Furnishings,8046.85,1.0,0.1,1672.7
ORD-000984,26-11-2020,27-11-2020,Same Day,CUST-00479,Priya,Verma,Consumer,Tier 2,West,Maharashtra,161318.0,Furniture,Storage,22363.13,5.0,0.2,2756.58
ORD-000985,18-02-2019,24-02-2019,Second Class,CUST-00535,Isha,Mukherjee,Consumer,Village,South,Andhra Pradesh,,Electronics,Accessories,17445.37,1.0,0.1,1769.9
ORD-000986,26-07-2022,30-07-2022,,CUST-00593,Aditya,Nair,Corporate,Tier 2,West,Madhya Pradesh,281200.0,Grocery,Snacks,724.58,5.0,0.1,124.93
ORD-000987,10-05-2020,13-05-2020,Second Class,CUST-00361,Ishaan,Sharma,Consumer,Village,South,Karnataka,198434.0,Furniture,Furnishings,37169.06,5.0,0.0,6878.57
ORD-000988,23-06-2019,26-06-2019,Same Day,CUST-00592,Meera,Joshi,Corporate,Tier 1,East,Jharkhand,514398.0,Clothing,Kidswear,1807.69,4.0,0.0,279.47
ORD-000989,04-01-2022,08-01-2022,Second Class,CUST-00547,Ananya,Iyer,Corporate,Tier 1,West,Gujarat,147597.0,Grocery,Snacks,1386.7,3.0,0.0,60.48
ORD-000990,14-03-2022,20-03-2022,Same Day,CUST-00146,Reyansh,Gupta,Corporate,Tier 1,North,Delhi,670002.0,Clothing,Footwear,4816.55,5.0,0.3,574.24
ORD-000991,19-05-2020,21-05-2020,Same Day,CUST-00389,Ishaan,Menon,Corporate,Tier 1,North,Uttar Pradesh,788097.0,Furniture,Tables,22916.21,4.0,0.0,3804.07
ORD-000992,18-05-2020,24-05-2020,Second Class,CUST-00423,Sai,Bose,Consumer,Tier 1,South,Telangana,191933.0,Furniture,Furnishings,17417.77,5.0,0.15,1929.61
ORD-000993,31-08-2022,02-09-2022,Standard Class,CUST-00439,Saanvi,Menon,Consumer,Tier 2,North,Haryana,766013.0,Furniture,Storage,26520.44,3.0,0.0,-831.9
ORD-000994,15-07-2023,17-07-2023,Same Day,CUST-00542,Diya,Bose,Consumer,Tier 2,North,Delhi,871370.0,Clothing,Womenswear,1410.5,1.0,0.2,145.92
ORD-000995,17-11-2022,22-11-2022,Second Class,CUST-00099,Ishaan,Das,Corporate,Village,West,Madhya Pradesh,267363.0,Grocery,Snacks,295.79,2.0,0.3,40.86
ORD-000996,17-09-2023,20-09-2023,Same Day,CUST-00541,Vivaan,Reddy,Consumer,Tier 1,West,Madhya Pradesh,228847.0,Grocery,Beverages,1002.8,2.0,0.1,46.48
ORD-000997,04-07-2019,07-07-2019,Second Class,CUST-00383,Kavya,Das,SMB,Tier 1,West,Goa,173468.0,Electronics,Cameras,65846.37,4.0,0.3,8189.51
ORD-000998,04-05-2021,06-05-2021,Standard Class,CUST-00314,Diya,Nair,Consumer,Village,East,Jharkhand,573913.0,Electronics,Cameras,69449.76,5.0,0.05,10359.46
ORD-000999,09-02-2023,11-02-2023,First Class,CUST-00565,Meera,Iyer,Corporate,Village,North,Uttar Pradesh,882761.0,Clothing,Menswear,1377.32,2.0,0.5,90.07
ORD-001000,27-02-2019,03-03-2019,Same Day,CUST-00407,Myra,Singh,Corporate,Tier 1,South,Andhra Pradesh,261651.0,Grocery,Staples,1319.4,4.0,0.15,95.07
ORD-001001,16-01-2022,17-01-2022,Second Class,CUST-00059,Ishaan,Iyer,SMB,Tier 1,North,Delhi,566355.0,Furniture,Chairs,23762.68,3.0,0.05,6768.29
ORD-001002,30-01-2020,03-02-2020,First Class,CUST-00501,Vivaan,Rao,Consumer,Tier 2,North,Delhi,505466.0,Grocery,Snacks,1149.42,4.0,0.0,296.61
ORD-001003,03-07-2020,10-07-2020,Second Class,CUST-00015,Priya,Iyer,SMB,Tier 2,North,Rajasthan,624325.0,Furniture,Chairs,13943.13,2.0,0.3,1030.5
ORD-001004,14-08-2019,18-08-2019,Second Class,CUST-00274,Kavya,Sharma,SMB,Tier 2,South,Telangana,404033.0,Electronics,Accessories,43797.26,3.0,0.3,1451.84
ORD-001005,04-04-2021,05-04-2021,Second Class,CUST-00563,Vihaan,Mukherjee,Corporate,Tier 1,South,Kerala,775330.0,Furniture,Furnishings,17978.84,5.0,0.0,409.2
ORD-001006,22-03-2019,28-03-2019,Same Day,CUST-00162,Saanvi,Das,Corporate,Tier 2,South,Kerala,518101.0,Clothing,Menswear,1311.44,1.0,0.0,287.24
ORD-001007,12-12-2020,17-12-2020,Standard Class,CUST-00182,Aarav,Bose,Consumer,Tier 2,South,Karnataka,502582.0,Grocery,Household,2243.83,4.0,0.5,314.07
ORD-001008,08-06-2019,13-06-2019,Same Day,CUST-00313,Priya,Nair,Consumer,Tier 1,South,Telangana,684632.0,Grocery,Snacks,2968.87,5.0,0.0,236.1
ORD-001009,30-11-2023,01-12-2023,Same Day,CUST-00102,Diya,Singh,Corporate,Tier 2,East,Bihar,574029.0,Clothing,Kidswear,866.41,1.0,0.15,204.13
ORD-001010,03-08-2019,05-08-2019,Standard Class,CUST-00032,Sai,Patel,SMB,Tier 1,North,Haryana,552340.0,Furniture,Storage,18105.77,3.0,0.3,710.7
ORD-001011,21-10-2020,23-10-2020,Same Day,CUST-00068,Diya,Chatterjee,SMB,Tier 2,South,Telangana,439582.0,Grocery,Household,1085.31,4.0,0.05,325.23
ORD-001012,28-12-2021,31-12-2021,First Class,CUST-00248,Diya,Chatterjee,SMB,Tier 2,East,Jharkhand,679886.0,Electronics,Mobiles,118095.79,4.0,0.3,20905.68
ORD-001013,24-09-2020,26-09-2020,Same Day,CUST-00223,Rohan,Iyer,SMB,Tier 1,West,Madhya Pradesh,443534.0,Grocery,Beverages,1079.35,2.0,0.2,214.43
ORD-001014,19-01-2019,25-01-2019,First Class,CUST-00089,Arjun,Reddy,Consumer,Tier 1,North,Haryana,261713.0,Furniture,Storage,37367.81,4.0,0.0,6665.16
ORD-001015,03-01-2019,08-01-2019,Same Day,CUST-00342,Anika,Bose,SMB,Tier 1,South,Karnataka,858882.0,Electronics,Cameras,38278.71,2.0,0.0,9122.77
ORD-001016,03-02-2019,08-02-2019,First Class,CUST-00347,Aditya,Mukherjee,Corporate,Tier 1,East,West Bengal,461874.0,Furniture,Chairs,28837.66,4.0,0.05,5847.28
ORD-001017,06-09-2022,09-09-2022,Same Day,CUST-00034,Vihaan,Sharma,SMB,Tier 1,South,Kerala,233243.0,Clothing,Footwear,5184.17,3.0,0.2,585.11
ORD-001018,02-08-2020,07-08-2020,Same Day,CUST-00246,Aadhya,Rao,Corporate,Tier 2,South,Telangana,729904.0,Clothing,Kidswear,4963.61,4.0,0.15,390.14
ORD-001019,06-06-2021,13-06-2021,Standard Class,CUST-00065,Ananya,Nair,SMB,Tier 2,West,Gujarat,289811.0,Grocery,Staples,1784.26,4.0,0.0,426.23
ORD-001020,12-05-2019,17-05-2019,Standard Class,CUST-00473,Aditya,Reddy,Consumer,Tier 1,North,Delhi,846266.0,Furniture,Storage,12938.72,4.0,0.05,3341.12
ORD-001021,16-03-2021,20-03-2021,Same Day,CUST-00528,Kavya,Patel,Corporate,Tier 2,North,Punjab,520117.0,Clothing,Menswear,1408.89,2.0,0.5,158.93
ORD-001022,22-02-2022,26-02-2022,First Class,CUST-00010,Aadhya,Patel,Consumer,Tier 2,West,Gujarat,378073.0,Grocery,Snacks,2272.62,3.0,0.1,321.72
ORD-001023,02-11-2020,08-11-2020,Second Class,CUST-00196,Arjun,Nair,Corporate,Tier 1,West,Goa,355678.0,Furniture,Chairs,12683.17,5.0,0.1,2778.81
ORD-001024,31-01-2019,06-02-2019,Second Class,CUST-00371,Vivaan,Gupta,Corporate,Tier 2,North,Punjab,765177.0,Grocery,Household,2836.28,5.0,0.3,522.07
ORD-001025,16-01-2022,20-01-2022,Standard Class,CUST-00563,Vihaan,Mukherjee,Corporate,Tier 1,South,Kerala,508628.0,Electronics,Mobiles,58794.3,4.0,0.15,8933.94
ORD-001026,15-01-2023,21-01-2023,Second Class,CUST-00024,Myra,Patel,Corporate,Tier 1,South,Andhra Pradesh,809552.0,Furniture,Storage,22164.12,3.0,0.15,1441.39
ORD-001027,06-06-2021,07-06-2021,Same Day,CUST-00075,Rohan,Das,Corporate,Tier 1,North,Delhi,231018.0,Electronics,Laptops,12735.7,1.0,0.2,563.69
ORD-001028,09-09-2020,13-09-2020,First Class,CUST-00230,Aadhya,Verma,SMB,Tier 1,North,Haryana,276752.0,Clothing,Womenswear,2210.93,2.0,0.05,183.74
ORD-001029,03-04-2023,06-04-2023,First Class,CUST-00196,Arjun,Nair,Corporate,Tier 1,West,Goa,888335.0,Grocery,Staples,1911.32,5.0,0.05,430.8
ORD-001030,06-12-2023,11-12-2023,Second Class,CUST-00401,Myra,Patel,SMB,Tier 1,North,Delhi,894041.0,Clothing,Kidswear,6056.54,5.0,0.2,400.94
ORD-001031,10-12-2022,12-12-2022,Standard Class,CUST-00048,Aarav,Das,Corporate,Tier 2,South,Andhra Pradesh,608363.0,Grocery,Beverages,1310.51,3.0,0.1,231.36
ORD-001032,22-01-2020,26-01-2020,Standard Class,CUST-00538,Ananya,Iyer,Corporate,Tier 1,East,Bihar,340327.0,Grocery,Snacks,2756.51,4.0,0.1,178.85
ORD-001033,10-03-2021,16-03-2021,Standard Class,CUST-00351,Saanvi,Joshi,Consumer,Village,South,Andhra Pradesh,166265.0,Clothing,Kidswear,9802.49,5.0,0.05,1574.42
ORD-001034,28-12-2020,30-12-2020,Standard Class,CUST-00077,Vihaan,Nair,Corporate,Tier 1,North,Haryana,427097.0,Electronics,Laptops,8326.49,1.0,0.3,1078.18
ORD-001035,14-11-2022,20-11-2022,Standard Class,CUST-00119,Isha,Joshi,SMB,Tier 1,North,Punjab,357071.0,Furniture,Furnishings,14709.89,2.0,0.0,4833.23
ORD-001036,09-05-2022,13-05-2022,Standard Class,CUST-00045,Reyansh,Verma,Corporate,Tier 2,East,West Bengal,445611.0,Clothing,Footwear,3761.44,2.0,0.0,346.09
ORD-001037,01-05-2022,07-05-2022,Second Class,CUST-00379,Diya,Chatterjee,SMB,Tier 1,South,Andhra Pradesh,785609.0,Grocery,Household,1940.09,5.0,0.15,603.68
ORD-001038,18-11-2020,23-11-2020,Same Day,CUST-00483,Isha,Singh,Corporate,Tier 2,East,Jharkhand,321082.0,Furniture,Furnishings,17279.21,5.0,0.15,2167.85
ORD-001039,25-10-2022,26-10-2022,First Class,CUST-00240,Diya,Menon,SMB,Tier 2,North,Haryana,142226.0,Grocery,Staples,1835.55,3.0,0.05,280.75
ORD-001040,02-08-2021,07-08-2021,Second Class,CUST-00235,Vihaan,Nair,SMB,Tier 1,North,Haryana,581228.0,Electronics,Cameras,81532.87,5.0,0.0,24918.08
ORD-001041,20-05-2021,24-05-2021,Standard Class,CUST-00449,Diya,Singh,Corporate,Tier 2,South,Telangana,255755.0,Grocery,Staples,854.01,2.0,0.15,130.25
ORD-001042,21-06-2020,25-06-2020,Same Day,CUST-00093,Myra,Nair,Corporate,Tier 2,East,Jharkhand,650330.0,Furniture,Storage,22502.05,4.0,0.2,4820.54
ORD-001043,08-01-2022,14-01-2022,Standard Class,CUST-00051,Ananya,Sharma,Consumer,Village,South,Andhra Pradesh,662670.0,Clothing,Womenswear,2931.84,2.0,0.15,430.51
ORD-001044,05-01-2020,08-01-2020,Standard Class,CUST-00054,Myra,Patel,Corporate,Tier 2,West,Maharashtra,144998.0,Grocery,Snacks,1524.34,4.0,0.5,140.53
ORD-001045,06-03-2021,10-03-2021,First Class,CUST-00070,Saanvi,Patel,Consumer,Tier 2,South,Telangana,168861.0,Furniture,Chairs,2374.6,1.0,0.0,525.25
ORD-001046,07-11-2023,14-11-2023,Second Class,CUST-00095,Vivaan,Nair,Consumer,Tier 2,East,West Bengal,506671.0,Electronics,Accessories,65109.56,3.0,0.1,10419.49
ORD-001047,06-06-2023,08-06-2023,Standard Class,CUST-00003,Aadhya,Chatterjee,Corporate,Tier 1,North,Rajasthan,222060.0,Clothing,Footwear,4815.69,4.0,0.2,223.5
ORD-001048,04-10-2020,08-10-2020,Same Day,CUST-00301,Kavya,Menon,Consumer,Tier 1,North,Rajasthan,210128.0,Furniture,Tables,11715.95,2.0,0.1,1065.47
ORD-001049,01-01-2022,03-01-2022,Standard Class,CUST-00534,Priya,Patel,SMB,Tier 2,South,Tamil Nadu,658321.0,Furniture,Tables,21666.5,4.0,0.0,6071.28
ORD-001050,09-06-2020,11-06-2020,First Class,CUST-00011,Myra,Iyer,Corporate,Tier 1,North,Uttar Pradesh,362278.0,Clothing,Kidswear,5309.04,5.0,0.2,727.44
ORD-001051,30-12-2019,04-01-2020,Same Day,CUST-00323,Sai,Menon,SMB,Village,East,West Bengal,755127.0,Clothing,Womenswear,4278.81,5.0,0.0,1094.3
ORD-001052,06-06-2021,09-06-2021,Second Class,CUST-00050,Sai,Joshi,Consumer,Tier 1,West,Madhya Pradesh,681627.0,Electronics,Mobiles,10271.48,1.0,0.3,1428.59
ORD-001053,17-03-2022,24-03-2022,First Class,CUST-00253,Diya,Bose,Corporate,Tier 1,South,Karnataka,410508.0,Furniture,Storage,34114.3,5.0,0.5,4288.71
ORD-001054,27-03-2021,03-04-2021,Standard Class,CUST-00464,Aarav,Joshi,Corporate,Tier 1,East,Jharkhand,609994.0,Clothing,Menswear,1041.87,1.0,0.3,227.4
ORD-001055,11-02-2019,12-02-2019,Standard Class,CUST-00074,Arjun,Mukherjee,SMB,Tier 1,West,Maharashtra,675405.0,Grocery,Staples,1489.0,4.0,0.3,283.64
ORD-001056,13-11-2019,17-11-2019,Same Day,CUST-00280,Priya,Bose,Corporate,Tier 1,East,Bihar,248250.0,Furniture,Storage,21043.3,4.0,0.3,2115.32
ORD-001057,25-11-2020,27-11-2020,Same Day,CUST-00468,Isha,Iyer,Corporate,Village,East,Odisha,844308.0,Furniture,Storage,8623.08,2.0,0.2,1297.82
ORD-001058,20-05-2020,21-05-2020,Second Class,CUST-00235,Vihaan,Nair,SMB,Tier 1,North,Haryana,690071.0,Electronics,Mobiles,40963.38,3.0,0.2,1724.22
ORD-001059,06-09-2021,11-09-2021,Second Class,CUST-00409,Diya,Chatterjee,SMB,Tier 2,South,Karnataka,701133.0,Furniture,Storage,17413.86,4.0,0.05,3054.64
ORD-001060,02-06-2021,05-06-2021,First Class,CUST-00312,Myra,Rao,Corporate,Tier 2,East,West Bengal,149921.0,Electronics,Laptops,27068.04,2.0,0.0,3957.58
ORD-001061,18-09-2020,21-09-2020,Standard Class,CUST-00460,Sai,Das,Consumer,Tier 1,North,Haryana,677087.0,Furniture,Tables,25139.13,5.0,0.1,4429.08
ORD-001062,10-08-2022,14-08-2022,Same Day,CUST-00434,Anika,Das,Consumer,Tier 1,North,Rajasthan,660494.0,Furniture,Chairs,18483.9,2.0,0.5,1665.41
ORD-001063,31-05-2022,05-06-2022,Standard Class,CUST-00482,Aadhya,Patel,Consumer,Tier 2,West,Maharashtra,712276.0,Grocery,Beverages,383.42,2.0,0.0,54.82
ORD-001064,2020/08/14,18-08-2020,Standard Class,CUST-00308,Kavya,Nair,Consumer,Tier 2,West,Goa,519519.0,Furniture,Storage,20118.69,3.0,0.2,3733.67
ORD-001065,09-07-2023,15-07-2023,First Class,CUST-00131,Myra,Iyer,Corporate,Tier 2,West,Goa,349634.0,Electronics,Laptops,61184.71,4.0,0.3,7214.88
ORD-001066,08-05-2023,09-05-2023,Standard Class,CUST-00282,Aadhya,Mukherjee,Consumer,Tier 1,West,Madhya Pradesh,142072.0,Furniture,Storage,5160.96,1.0,0.15,698.09
ORD-001067,04-09-2022,07-09-2022,Same Day,CUST-00093,Myra,Nair,Corporate,Tier 2,East,Jharkhand,631459.0,Electronics,Laptops,38423.41,3.0,0.2,6228.06
ORD-001068,11-01-2022,16-01-2022,Same Day,CUST-00025,Reyansh,Sharma,Consumer,Tier 2,North,Uttar Pradesh,187577.0,Clothing,Womenswear,617.14,1.0,0.0,120.09
ORD-001069,21-02-2022,23-02-2022,Second Class,CUST-00332,Aarav,Mukherjee,SMB,Tier 2,North,Delhi,899956.0,Electronics,Cameras,55558.51,4.0,0.1,10449.72
ORD-001070,31-12-2021,04-01-2022,Same Day,CUST-00088,Ananya,Mukherjee,Corporate,Tier 2,West,Gujarat,110601.0,Grocery,Household,1589.14,4.0,0.2,304.45
ORD-001071,10-12-2019,11-12-2019,Standard Class,CUST-00515,Sai,Rao,Corporate,Tier 1,East,West Bengal,393689.0,Furniture,Tables,14675.14,3.0,0.3,2467.66
ORD-001072,30-01-2019,31-01-2019,First Class,CUST-00281,Saanvi,Bose,Consumer,Tier 2,West,Madhya Pradesh,250453.0,Furniture,Tables,26155.18,4.0,0.05,3352.41
ORD-001073,13-03-2022,16-03-2022,Same Day,CUST-00393,Vihaan,Patel,Consumer,Tier 1,West,Gujarat,169910.0,Furniture,Tables,32310.09,4.0,0.0,1065.3
ORD-001074,23-04-2023,30-04-2023,Second Class,CUST-00310,Arjun,Bose,SMB,Village,South,Andhra Pradesh,528286.0,Grocery,Beverages,1226.6,3.0,0.0,312.26
ORD-001075,15-05-2023,21-05-2023,Second Class,CUST-00599,Sai,Reddy,Consumer,Tier 1,West,Gujarat,595608.0,Electronics,Accessories,30273.37,3.0,0.3,1194.97
ORD-001076,22-01-2020,23-01-2020,Same Day,CUST-00564,Ananya,Joshi,SMB,Tier 1,North,Uttar Pradesh,584229.0,Furniture,Furnishings,15293.16,2.0,0.15,4707.31
ORD-001077,04-03-2020,06-03-2020,Standard Class,CUST-00126,Aditya,Das,SMB,Village,East,Bihar,223166.0,Clothing,Kidswear,3370.19,5.0,0.2,435.03
ORD-001078,19-09-2021,21-09-2021,Second Class,CUST-00114,Aarav,Menon,SMB,Tier 2,South,Tamil Nadu,891858.0,Furniture,Furnishings,5018.34,1.0,0.3,741.49
ORD-001079,02-10-2022,06-10-2022,Second Class,CUST-00151,Ananya,Gupta,Corporate,Tier 2,West,Maharashtra,514968.0,Clothing,Kidswear,2597.02,4.0,0.05,450.32
ORD-001080,24-06-2023,25-06-2023,First Class,CUST-00044,Aarav,Sharma,SMB,Tier 2,East,West Bengal,365089.0,Clothing,Womenswear,2822.52,4.0,0.15,518.42
ORD-001081,13-01-2020,20-01-2020,Same Day,CUST-00324,Meera,Sharma,Corporate,Tier 2,North,Delhi,646663.0,Clothing,Footwear,5476.95,4.0,0.3,814.17
ORD-001082,26-05-2023,27-05-2023,Second Class,CUST-00570,Vivaan,Mukherjee,Corporate,Tier 2,South,Karnataka,434257.0,Clothing,Footwear,5542.39,5.0,0.2,643.68
ORD-001083,02-04-2022,04-04-2022,Standard Class,CUST-00463,Diya,Das,Corporate,Tier 1,West,Madhya Pradesh,458845.0,Electronics,Cameras,22280.07,5.0,0.15,3590.93
ORD-001084,27-09-2023,28-09-2023,Same Day,CUST-00068,Diya,Chatterjee,SMB,Tier 2,South,Telangana,728258.0,Electronics,Accessories,51469.96,4.0,0.0,6971.71
ORD-001085,25-10-2019,28-10-2019,Second Class,CUST-00072,Ishaan,Joshi,Corporate,Village,North,Uttar Pradesh,748056.0,Furniture,Furnishings,14521.24,4.0,0.15,939.62
ORD-001086,02-09-2023,09-09-2023,Standard Class,CUST-00502,Anika,Sharma,Corporate,Tier 1,West,Goa,581717.0,Clothing,Kidswear,1423.64,1.0,0.0,166.78
ORD-001087,19-03-2023,24-03-2023,Standard Class,CUST-00522,Ananya,Bose,SMB,Tier 2,North,Delhi,193089.0,Electronics,Accessories,48549.72,4.0,0.05,13188.31
ORD-001088,12-12-2021,17-12-2021,Same Day,CUST-00440,Rohan,Das,SMB,Tier 1,North,Rajasthan,705007.0,Grocery,Staples,883.85,2.0,0.2,69.47
ORD-001089,18-01-2023,24-01-2023,,CUST-00494,Rohan,Patel,Corporate,Tier 1,West,Madhya Pradesh,244181.0,Electronics,Cameras,41572.53,3.0,0.3,4232.81
ORD-001090,09-07-2023,15-07-2023,Second Class,CUST-00130,Aarav,Patel,SMB,Tier 1,South,Karnataka,403538.0,Clothing,Womenswear,6964.04,4.0,0.2,895.06
ORD-001091,2020/03/18,21-03-2020,Second Class,CUST-00249,Ananya,Verma,Consumer,Tier 1,North,Haryana,137270.0,Electronics,Mobiles,54323.71,5.0,0.05,7422.38
ORD-001092,28-05-2021,30-05-2021,First Class,CUST-00513,Myra,Reddy,Corporate,Tier 1,East,Bihar,872881.0,Grocery,Staples,382.76,1.0,0.2,4.88
ORD-001093,03-10-2021,07-10-2021,Second Class,CUST-00584,Myra,Chatterjee,SMB,Village,East,Bihar,632867.0,Furniture,Furnishings,20254.69,5.0,0.05,2705.28
ORD-001094,07-11-2021,11-11-2021,Same Day,CUST-00007,Aadhya,Gupta,Consumer,Tier 2,West,Gujarat,530214.0,Grocery,Staples,560.34,2.0,0.1,81.51
ORD-001095,12-08-2020,14-08-2020,Second Class,CUST-00175,Saanvi,Patel,Corporate,Village,East,Jharkhand,536548.0,Clothing,Menswear,4636.4,3.0,0.15,433.95
ORD-001096,30-10-2020,03-11-2020,Same Day,CUST-00509,Aadhya,Gupta,Consumer,Tier 2,South,Karnataka,474978.0,Clothing,Womenswear,1210.1,1.0,0.1,181.64
ORD-001097,12-04-2020,16-04-2020,First Class,CUST-00419,Priya,Nair,Consumer,Tier 1,East,West Bengal,696912.0,Clothing,Womenswear,3525.65,2.0,0.5,496.81
ORD-001098,07-12-2023,11-12-2023,Standard Class,CUST-00118,Aditya,Sharma,Corporate,Tier 1,North,Uttar Pradesh,185703.0,Furniture,Furnishings,6704.5,1.0,0.2,989.9
ORD-001099,23-05-2020,24-05-2020,Second Class,CUST-00093,Myra,Nair,Corporate,Tier 2,East,Jharkhand,242835.0,Grocery,Beverages,924.46,3.0,0.0,255.05
ORD-001100,07-01-2021,11-01-2021,Same Day,CUST-00382,Ananya,Verma,SMB,Tier 1,West,Madhya Pradesh,358682.0,Furniture,Tables,25118.52,4.0,0.3,6248.29
ORD-001101,09-02-2021,13-02-2021,Same Day,CUST-00469,Vivaan,Reddy,SMB,Tier 1,East,West Bengal,690261.0,Grocery,Household,1678.1,4.0,0.05,335.27
ORD-001102,24-01-2021,31-01-2021,Standard Class,CUST-00095,Vivaan,Nair,Consumer,Tier 2,East,West Bengal,835541.0,Clothing,Kidswear,1703.43,1.0,0.05,244.31
ORD-001103,13-10-2021,19-10-2021,Second Class,CUST-00576,Sai,Reddy,Corporate,Tier 2,East,Odisha,887075.0,Grocery,Staples,1305.68,3.0,0.15,261.32
ORD-001104,04-04-2021,08-04-2021,Second Class,CUST-00462,Myra,Chatterjee,SMB,Tier 1,West,Maharashtra,666678.0,Clothing,Kidswear,4142.23,4.0,0.05,1116.3
ORD-001105,01-05-2022,06-05-2022,First Class,CUST-00139,Priya,Nair,SMB,Tier 2,North,Punjab,520521.0,Electronics,Accessories,17481.78,1.0,0.2,968.46
ORD-001106,27-07-2022,03-08-2022,Second Class,CUST-00310,Arjun,Bose,SMB,Village,South,Andhra Pradesh,899493.0,Furniture,Tables,27249.12,4.0,0.0,5993.68
ORD-001107,03-05-2020,04-05-2020,Standard Class,CUST-00213,Ishaan,Mukherjee,Consumer,Tier 2,North,Delhi,684178.0,Clothing,Menswear,1978.58,3.0,0.0,183.37
ORD-001108,06-08-2019,08-08-2019,Second Class,CUST-00572,Reyansh,Menon,Corporate,Tier 1,South,Andhra Pradesh,262444.0,Electronics,Accessories,79901.95,4.0,0.1,17098.15
ORD-001109,12-01-2022,19-01-2022,First Class,CUST-00208,Meera,Nair,Consumer,Tier 1,North,Punjab,175149.0,Electronics,Laptops,36298.95,2.0,0.1,6921.29
ORD-001110,22-10-2023,23-10-2023,Second Class,CUST-00344,Aadhya,Chatterjee,Corporate,Tier 2,South,Andhra Pradesh,112711.0,Grocery,Staples,274.11,1.0,0.0,16.4
ORD-001111,01-09-2023,03-09-2023,Same Day,CUST-00555,Vihaan,Sharma,SMB,Tier 1,North,Haryana,745448.0,Clothing,Menswear,2493.87,2.0,0.0,608.79
ORD-001112,29-03-2020,03-04-2020,Standard Class,CUST-00464,Aarav,Joshi,Corporate,Tier 1,East,Jharkhand,154940.0,Furniture,Storage,17611.24,3.0,0.2,1261.74
ORD-001113,26-02-2020,04-03-2020,Same Day,CUST-00116,Kavya,Das,Consumer,Village,South,Andhra Pradesh,221959.0,Clothing,Womenswear,4956.85,4.0,0.2,770.91
ORD-001114,31-01-2020,01-02-2020,Standard Class,CUST-00440,Rohan,Das,SMB,Tier 1,North,Rajasthan,847605.0,Grocery,Beverages,2078.58,4.0,0.0,170.22
ORD-001115,03-09-2023,08-09-2023,First Class,CUST-00559,Aadhya,Bose,Consumer,Tier 2,West,Maharashtra,788239.0,Clothing,Womenswear,1839.7,1.0,0.2,322.06
ORD-001116,17-01-2023,24-01-2023,Same Day,CUST-00189,Aadhya,Das,Corporate,Village,South,Karnataka,785802.0,Clothing,Kidswear,3329.44,5.0,0.0,366.84
ORD-001117,12-09-2020,14-09-2020,Standard Class,CUST-00467,Aadhya,Mukherjee,Corporate,Village,East,Bihar,559419.0,Furniture,Chairs,29565.91,5.0,0.15,3794.19
ORD-001118,26-01-2022,29-01-2022,First Class,CUST-00479,Priya,Verma,Consumer,Tier 2,West,Maharashtra,758859.0,Clothing,Womenswear,4524.45,3.0,0.3,742.21
ORD-001119,05-01-2022,08-01-2022,Second Class,CUST-00380,Anika,Mukherjee,Corporate,Tier 1,North,Punjab,315687.0,Furniture,Tables,3994.74,1.0,0.0,988.16
ORD-001120,19-05-2020,23-05-2020,First Class,CUST-00282,Aadhya,Mukherjee,Consumer,Tier 1,West,Madhya Pradesh,611637.0,Furniture,Chairs,31824.1,4.0,0.3,1766.05
ORD-001121,23-11-2022,28-11-2022,Same Day,CUST-00295,Krishna,Patel,SMB,Tier 2,East,West Bengal,623124.0,Clothing,Footwear,5070.7,4.0,0.0,767.58
ORD-001122,11-01-2019,12-01-2019,First Class,CUST-00002,Anika,Reddy,Consumer,Tier 2,East,Jharkhand,241942.0,Clothing,Footwear,3524.98,3.0,0.15,388.81
ORD-001123,22-08-2023,24-08-2023,Second Class,CUST-00044,Aarav,Sharma,SMB,Tier 2,East,West Bengal,334361.0,Electronics,Laptops,37216.58,5.0,0.3,6381.11
ORD-001124,18-06-2023,25-06-2023,Standard Class,CUST-00022,Anika,Mukherjee,Consumer,Tier 1,West,Gujarat,374777.0,Clothing,Womenswear,6133.47,4.0,0.3,679.33
ORD-001125,11-03-2023,15-03-2023,First Class,CUST-00315,Diya,Iyer,Corporate,Tier 2,North,Delhi,694432.0,Clothing,Footwear,6696.83,5.0,0.05,1192.48
ORD-001126,03-03-2022,04-03-2022,Same Day,CUST-00310,Arjun,Bose,SMB,Village,South,Andhra Pradesh,288083.0,Grocery,Beverages,1563.45,3.0,0.5,139.25
ORD-001127,24-11-2019,28-11-2019,First Class,CUST-00440,Rohan,Das,SMB,Tier 1,North,Rajasthan,737588.0,Electronics,Accessories,33392.1,3.0,0.1,6683.14
ORD-001128,30-10-2023,06-11-2023,Same Day,CUST-00427,Saanvi,Mukherjee,SMB,Tier 1,East,Bihar,778191.0,Electronics,Mobiles,34478.07,2.0,0.2,3509.46
ORD-001129,20-10-2019,21-10-2019,Second Class,CUST-00500,Priya,Joshi,Corporate,Tier 1,North,Haryana,312200.0,Electronics,Mobiles,61579.25,4.0,0.0,9750.65
ORD-001130,30-11-2023,06-12-2023,Standard Class,CUST-00104,Diya,Mukherjee,Consumer,Tier 1,West,Maharashtra,263666.0,Clothing,Menswear,3257.37,3.0,0.05,693.38
ORD-001131,04-08-2020,08-08-2020,Same Day,CUST-00274,Kavya,Sharma,SMB,Tier 2,South,Telangana,779240.0,Clothing,Womenswear,4707.91,5.0,0.0,1136.79
ORD-001132,19-12-2019,21-12-2019,Same Day,CUST-00536,Ishaan,Patel,SMB,Tier 2,West,Madhya Pradesh,212665.0,Furniture,Furnishings,5625.5,1.0,0.0,645.35
ORD-001133,08-10-2023,14-10-2023,First Class,CUST-00294,Isha,Gupta,SMB,Tier 2,East,Odisha,712078.0,Grocery,Snacks,424.96,1.0,0.05,29.18
ORD-001134,05-07-2023,12-07-2023,Same Day,CUST-00014,Saanvi,Mukherjee,Corporate,Tier 2,West,Gujarat,577022.0,Grocery,Beverages,2096.24,4.0,0.0,364.5
ORD-001135,24-11-2019,26-11-2019,Same Day,CUST-00074,Arjun,Mukherjee,SMB,Tier 1,West,Maharashtra,178371.0,Grocery,Snacks,326.63,2.0,0.1,55.03
ORD-001136,26-10-2020,30-10-2020,Second Class,CUST-00047,Priya,Joshi,SMB,Tier 2,North,Punjab,377458.0,Furniture,Storage,41794.8,4.0,0.2,7050.15
ORD-001137,24-03-2021,26-03-2021,Same Day,CUST-00156,Diya,Mukherjee,SMB,Tier 1,East,West Bengal,511246.0,Clothing,Menswear,6056.38,4.0,0.05,742.99
ORD-001138,22-12-2020,23-12-2020,Second Class,CUST-00310,Arjun,Bose,SMB,Village,South,Andhra Pradesh,752342.0,Grocery,Beverages,1078.83,3.0,0.0,244.19
ORD-001139,01-10-2019,08-10-2019,Same Day,CUST-00449,Diya,Singh,Corporate,Tier 2,South,Telangana,714407.0,Grocery,Staples,1691.42,4.0,0.0,513.4
ORD-001140,22-07-2022,23-07-2022,Standard Class,CUST-00351,Saanvi,Joshi,Consumer,Village,South,Andhra Pradesh,741481.0,Clothing,Womenswear,1721.52,2.0,0.1,601.4
ORD-001141,10-01-2023,14-01-2023,Second Class,CUST-00097,Priya,Verma,Corporate,Village,East,Bihar,699604.0,Electronics,Mobiles,12403.66,2.0,0.05,913.06
ORD-001142,09-09-2022,11-09-2022,Standard Class,CUST-00416,Priya,Rao,SMB,Tier 1,North,Punjab,225557.0,Electronics,Accessories,75455.23,4.0,0.1,11143.17
ORD-001143,13-03-2023,18-03-2023,Same Day,CUST-00141,Diya,Menon,Corporate,Tier 1,East,Bihar,663225.0,Furniture,Tables,18818.57,3.0,0.0,2890.42
ORD-001144,09-07-2020,15-07-2020,Same Day,CUST-00256,Meera,Iyer,Consumer,Village,South,Kerala,808572.0,Electronics,Laptops,42606.53,4.0,0.1,11885.5
ORD-001145,30-03-2021,04-04-2021,First Class,CUST-00522,Ananya,Bose,SMB,Tier 2,North,Delhi,812909.0,Clothing,Kidswear,4342.14,2.0,0.0,482.97
ORD-001146,2019/08/27,31-08-2019,Second Class,CUST-00068,Diya,Chatterjee,SMB,Tier 2,South,Telangana,340418.0,Clothing,Womenswear,2978.6,2.0,0.0,551.75
ORD-001147,27-08-2023,02-09-2023,Second Class,CUST-00492,Priya,Bose,SMB,Tier 1,West,Maharashtra,891718.0,Clothing,Footwear,2296.15,4.0,0.2,489.99
ORD-001148,05-04-2021,10-04-2021,Standard Class,CUST-00065,Ananya,Nair,SMB,Tier 2,West,Gujarat,149339.0,Electronics,Cameras,22359.79,1.0,0.15,2043.43
ORD-001149,20-03-2020,26-03-2020,Same Day,CUST-00363,Saanvi,Bose,Consumer,Village,South,Telangana,420991.0,Furniture,Tables,7477.39,1.0,0.3,805.04
ORD-001150,16-02-2019,17-02-2019,First Class,CUST-00565,Meera,Iyer,Corporate,Village,North,Uttar Pradesh,236329.0,Grocery,Beverages,297.47,1.0,0.3,31.62
ORD-001151,31-01-2019,05-02-2019,Same Day,CUST-00567,Isha,Gupta,Consumer,Tier 2,West,Madhya Pradesh,725358.0,Electronics,Mobiles,105529.25,5.0,0.2,28784.5
ORD-001152,23-04-2019,27-04-2019,Same Day,CUST-00263,Ishaan,Iyer,SMB,Tier 1,South,Tamil Nadu,711223.0,Grocery,Snacks,525.33,1.0,0.2,78.17
ORD-001153,20-10-2022,24-10-2022,Standard Class,CUST-00546,Ishaan,Patel,SMB,Tier 1,East,Jharkhand,146252.0,Furniture,Tables,9721.4,2.0,0.0,1137.72
ORD-001154,13-01-2019,19-01-2019,Second Class,CUST-00229,Isha,Menon,SMB,Tier 1,East,Odisha,485363.0,Grocery,Beverages,823.73,1.0,0.05,233.4
ORD-001155,06-04-2019,13-04-2019,Second Class,CUST-00210,Reyansh,Mukherjee,Consumer,Tier 1,East,Odisha,768579.0,Electronics,Cameras,19413.91,1.0,0.1,2705.0
ORD-001156,17-11-2019,20-11-2019,First Class,CUST-00323,Sai,Menon,SMB,Village,East,West Bengal,784405.0,Furniture,Storage,24214.77,5.0,0.5,1081.29
ORD-001157,29-12-2022,30-12-2022,Second Class,CUST-00303,Aadhya,Reddy,SMB,Village,East,Bihar,193062.0,Clothing,Womenswear,2172.71,2.0,0.0,487.02
ORD-001158,11-02-2023,12-02-2023,Standard Class,CUST-00126,Aditya,Das,SMB,Village,East,Bihar,627612.0,Furniture,Storage,30033.16,5.0,0.0,4042.99
ORD-001159,07-09-2022,10-09-2022,Second Class,CUST-00273,Reyansh,Reddy,Consumer,Village,North,Delhi,626759.0,Electronics,Mobiles,63397.01,4.0,0.0,13076.23
ORD-001160,17-04-2019,18-04-2019,Second Class,CUST-00249,Ananya,Verma,Consumer,Tier 1,North,Haryana,163551.0,Clothing,Menswear,6011.97,4.0,0.0,869.12
ORD-001161,21-02-2020,27-02-2020,Standard Class,CUST-00049,Meera,Nair,Consumer,Tier 2,West,Goa,779948.0,Furniture,Storage,23106.75,5.0,0.05,4659.24
ORD-001162,26-11-2023,03-12-2023,Standard Class,CUST-00072,Ishaan,Joshi,Corporate,Village,North,Uttar Pradesh,642911.0,Furniture,Chairs,15959.81,4.0,0.1,1605.77
ORD-001163,20-05-2019,26-05-2019,First Class,CUST-00456,Vivaan,Chatterjee,Corporate,Tier 2,North,Rajasthan,882734.0,Electronics,Accessories,69722.29,4.0,0.0,9003.02
ORD-001164,28-03-2021,29-03-2021,First Class,CUST-00225,Kavya,Bose,Consumer,Tier 1,South,Kerala,523029.0,Furniture,Furnishings,9480.67,2.0,0.1,1537.06
ORD-001165,16-06-2023,17-06-2023,First Class,CUST-00567,Isha,Gupta,Consumer,Tier 2,West,Madhya Pradesh,681393.0,Furniture,Storage,15218.88,3.0,0.0,583.51
ORD-001166,17-01-2022,22-01-2022,First Class,CUST-00234,Aditya,Verma,SMB,Tier 2,South,Telangana,803378.0,Grocery,Household,730.82,2.0,0.15,146.56
ORD-001167,08-03-2022,15-03-2022,First Class,CUST-00033,Aadhya,Nair,SMB,Village,East,Bihar,687786.0,Furniture,Furnishings,13861.89,3.0,0.0,1373.1
ORD-001168,02-05-2022,03-05-2022,Standard Class,CUST-00404,Aadhya,Verma,SMB,Village,East,Jharkhand,600353.0,Grocery,Staples,436.72,2.0,0.2,45.26
ORD-001169,08-08-2023,10-08-2023,First Class,CUST-00440,Rohan,Das,SMB,Tier 1,North,Rajasthan,804361.0,Furniture,Storage,13687.65,5.0,0.15,1844.35
ORD-001170,10-05-2019,11-05-2019,Same Day,CUST-00008,Anika,Chatterjee,Consumer,Tier 1,South,Telangana,638139.0,Grocery,Snacks,932.48,2.0,0.1,121.03
ORD-001171,29-12-2019,30-12-2019,First Class,CUST-00320,Vivaan,Das,SMB,Village,North,Punjab,446743.0,Furniture,Storage,17070.84,3.0,0.3,1512.73
ORD-001172,2020/02/09,14-02-2020,Second Class,CUST-00181,Sai,Joshi,Corporate,Tier 1,West,Maharashtra,122297.0,Clothing,Menswear,6870.55,5.0,0.5,176.72
ORD-001173,14-03-2020,16-03-2020,Same Day,CUST-00270,Sai,Rao,Consumer,Tier 1,East,Odisha,823145.0,Grocery,Beverages,2258.34,5.0,0.0,242.32
ORD-001174,02-05-2020,04-05-2020,Standard Class,CUST-00600,Reyansh,Das,Corporate,Tier 1,East,West Bengal,371546.0,Furniture,Storage,12246.63,2.0,0.0,844.03
ORD-001175,30-10-2023,31-10-2023,First Class,CUST-00281,Saanvi,Bose,Consumer,Tier 2,West,Madhya Pradesh,264611.0,Grocery,Household,2800.93,5.0,0.2,597.71
ORD-001176,18-05-2021,19-05-2021,Second Class,CUST-00091,Aadhya,Nair,Corporate,Tier 1,South,Karnataka,714433.0,Furniture,Storage,14451.01,3.0,0.3,2537.32
ORD-001177,10-02-2019,11-02-2019,Second Class,CUST-00046,Sai,Menon,SMB,Tier 1,West,Madhya Pradesh,627637.0,Electronics,Cameras,32080.17,4.0,0.0,2569.45
ORD-001178,28-05-2023,01-06-2023,Second Class,CUST-00153,Myra,Gupta,SMB,Tier 1,East,Odisha,479780.0,Clothing,Womenswear,2637.16,3.0,0.1,861.65
ORD-001179,31-07-2019,03-08-2019,First Class,CUST-00126,Aditya,Das,SMB,Village,East,Bihar,147245.0,Electronics,Cameras,7840.24,1.0,0.3,805.41
ORD-001180,07-05-2020,13-05-2020,Same Day,CUST-00497,Aadhya,Joshi,Consumer,Tier 2,North,Haryana,206992.0,Grocery,Snacks,3582.82,5.0,0.5,580.13
ORD-001181,17-06-2019,22-06-2019,Same Day,CUST-00264,Diya,Mukherjee,SMB,Tier 2,East,Bihar,340164.0,Furniture,Tables,5765.85,1.0,0.0,270.52
ORD-001182,19-11-2021,24-11-2021,First Class,CUST-00145,Aadhya,Singh,Consumer,Tier 2,West,Maharashtra,708836.0,Electronics,Accessories,55383.77,4.0,0.0,11611.47
ORD-001183,18-12-2022,22-12-2022,Second Class,CUST-00598,Aadhya,Rao,Corporate,Tier 2,North,Rajasthan,460667.0,Clothing,Menswear,5867.04,5.0,0.05,1412.96
ORD-001184,08-11-2023,12-11-2023,Same Day,CUST-00396,Aarav,Gupta,SMB,Tier 1,South,Andhra Pradesh,522507.0,Grocery,Household,717.99,2.0,0.5,104.83
ORD-001185,14-12-2020,15-12-2020,Standard Class,CUST-00019,Vivaan,Chatterjee,Corporate,Tier 2,East,Bihar,280227.0,Electronics,Laptops,28207.61,4.0,0.0,8171.05
ORD-001186,13-08-2020,18-08-2020,Standard Class,CUST-00406,Ananya,Bose,SMB,Tier 2,North,Rajasthan,349621.0,Clothing,Menswear,4917.31,3.0,0.0,1028.33
ORD-001187,27-05-2023,03-06-2023,Standard Class,CUST-00551,Aadhya,Sharma,Consumer,Tier 1,South,Telangana,529311.0,Furniture,Chairs,3032.18,2.0,0.05,525.09
ORD-001188,25-02-2019,04-03-2019,Same Day,CUST-00595,Vihaan,Sharma,Corporate,Tier 2,South,Telangana,482551.0,Electronics,Laptops,19550.89,1.0,0.1,5134.34
ORD-001189,28-06-2021,03-07-2021,Standard Class,CUST-00354,Arjun,Patel,Consumer,Tier 1,North,Haryana,361278.0,Grocery,Staples,946.57,2.0,0.05,-32.22
ORD-001190,04-01-2020,07-01-2020,Standard Class,CUST-00063,Ishaan,Verma,Corporate,Tier 1,West,Maharashtra,431959.0,Electronics,Laptops,14910.46,1.0,0.5,1373.01
ORD-001191,08-01-2020,14-01-2020,Second Class,CUST-00157,Saanvi,Gupta,Consumer,Tier 1,North,Rajasthan,736876.0,Clothing,Womenswear,3759.24,3.0,0.0,296.39
ORD-001192,06-06-2020,11-06-2020,Standard Class,CUST-00033,Aadhya,Nair,SMB,Village,East,Bihar,525460.0,Clothing,Womenswear,737.26,1.0,0.0,266.08
ORD-001193,20-08-2019,22-08-2019,Standard Class,CUST-00422,Aditya,Singh,Corporate,Tier 1,North,Haryana,463024.0,Electronics,Cameras,55427.71,3.0,0.0,7815.43
ORD-001194,20-08-2023,22-08-2023,Standard Class,CUST-00570,Vivaan,Mukherjee,Corporate,Tier 2,South,Karnataka,858718.0,Grocery,Beverages,1448.2,5.0,0.1,207.43
ORD-001195,11-02-2023,18-02-2023,Second Class,CUST-00104,Diya,Mukherjee,Consumer,Tier 1,West,Maharashtra,445898.0,Grocery,Snacks,2029.0,3.0,0.2,306.96
ORD-001196,08-04-2022,12-04-2022,Standard Class,CUST-00058,Vihaan,Bose,SMB,Tier 2,South,Andhra Pradesh,217318.0,Clothing,Womenswear,5980.84,5.0,0.0,825.93
ORD-001197,04-11-2020,07-11-2020,First Class,CUST-00260,Isha,Joshi,Consumer,Tier 1,North,Punjab,260781.0,Furniture,Furnishings,23596.7,4.0,0.2,1543.64
ORD-001198,21-04-2023,27-04-2023,Standard Class,CUST-00062,Vihaan,Sharma,SMB,Tier 1,North,Uttar Pradesh,767087.0,Clothing,Kidswear,1054.89,1.0,0.15,152.15
ORD-001199,04-12-2022,08-12-2022,Standard Class,CUST-00518,Ishaan,Bose,Consumer,Tier 2,South,Telangana,827648.0,Clothing,Menswear,1561.53,1.0,0.5,239.18
ORD-001200,25-06-2019,26-06-2019,Standard Class,CUST-00449,Diya,Singh,Corporate,Tier 2,South,Telangana,648305.0,Grocery,Household,2521.77,5.0,0.5,192.16
ORD-001201,24-05-2020,31-05-2020,Same Day,CUST-00068,Diya,Chatterjee,SMB,Tier 2,South,Telangana,148575.0,Furniture,Tables,6809.48,1.0,0.0,1542.13
ORD-001202,17-04-2020,23-04-2020,Second Class,CUST-00072,Ishaan,Joshi,Corporate,Village,North,Uttar Pradesh,498158.0,Clothing,Footwear,646.07,1.0,0.0,78.55
ORD-001203,06-12-2020,13-12-2020,Second Class,CUST-00062,Vihaan,Sharma,SMB,Tier 1,North,Uttar Pradesh,150119.0,Electronics,Laptops,98857.86,5.0,0.0,12411.39
ORD-001204,20-12-2023,27-12-2023,First Class,CUST-00325,Aditya,Bose,Consumer,Tier 1,South,Tamil Nadu,860207.0,Electronics,Cameras,27172.19,3.0,0.05,3553.86
ORD-001205,01-12-2022,08-12-2022,Same Day,CUST-00260,Isha,Joshi,Consumer,Tier 1,North,Punjab,133676.0,Furniture,Chairs,24886.52,4.0,0.3,2273.15
ORD-001206,15-03-2021,21-03-2021,Standard Class,CUST-00075,Rohan,Das,Corporate,Tier 1,North,Delhi,248262.0,Grocery,Beverages,150.0,3.0,0.05,37.83
ORD-001207,21-01-2019,26-01-2019,Standard Class,CUST-00469,Vivaan,Reddy,SMB,Tier 1,East,West Bengal,339042.0,Clothing,Kidswear,6181.53,5.0,0.15,1101.12
ORD-001208,26-01-2023,27-01-2023,First Class,CUST-00369,Sai,Patel,SMB,Tier 2,East,Odisha,364543.0,Electronics,Mobiles,42413.29,3.0,0.5,2779.63
ORD-001209,26-01-2022,02-02-2022,Second Class,CUST-00578,Priya,Nair,Corporate,Tier 1,West,Maharashtra,814288.0,Electronics,Laptops,38406.45,4.0,0.0,9283.24
ORD-001210,12-06-2021,14-06-2021,Standard Class,CUST-00513,Myra,Reddy,Corporate,Tier 1,East,Bihar,506898.0,Furniture,Furnishings,6369.74,1.0,0.0,190.56
ORD-001211,24-02-2020,26-02-2020,First Class,CUST-00269,Arjun,Joshi,SMB,Tier 2,North,Punjab,708742.0,Electronics,Mobiles,81756.95,4.0,0.3,1721.86
ORD-001212,22-11-2022,25-11-2022,First Class,CUST-00479,Priya,Verma,Consumer,Tier 2,West,Maharashtra,870380.0,Electronics,Laptops,69982.48,3.0,0.0,22271.0
ORD-001213,22-01-2021,29-01-2021,Standard Class,CUST-00582,Reyansh,Chatterjee,Consumer,Village,North,Uttar Pradesh,563151.0,Grocery,Staples,1814.24,4.0,0.3,100.7
ORD-001214,20-10-2019,22-10-2019,Second Class,CUST-00427,Saanvi,Mukherjee,SMB,Tier 1,East,Bihar,590644.0,Clothing,Menswear,1436.15,2.0,0.15,52.22
ORD-001215,2019/02/20,23-02-2019,Second Class,CUST-00126,Aditya,Das,SMB,Village,East,Bihar,234828.0,Electronics,Mobiles,24206.69,4.0,0.5,2347.09
ORD-001216,16-09-2019,17-09-2019,Standard Class,CUST-00236,Diya,Gupta,Corporate,Tier 1,West,Madhya Pradesh,365551.0,Clothing,Kidswear,5458.57,3.0,0.0,1380.81
ORD-001217,11-07-2020,16-07-2020,First Class,CUST-00032,Sai,Patel,SMB,Tier 1,North,Haryana,198620.0,Grocery,Beverages,427.49,1.0,0.3,62.99
ORD-001218,10-03-2023,15-03-2023,Standard Class,CUST-00279,Vihaan,Joshi,Consumer,Tier 2,South,Andhra Pradesh,315917.0,Clothing,Menswear,2272.28,2.0,0.5,251.49
ORD-001219,2021/08/16,17-08-2021,Same Day,CUST-00086,Meera,Das,SMB,Tier 2,East,Bihar,698135.0,Electronics,Accessories,19573.09,2.0,0.2,798.25
ORD-001220,27-11-2022,02-12-2022,Same Day,CUST-00276,Ishaan,Gupta,Consumer,Tier 2,North,Rajasthan,406935.0,Electronics,Cameras,33952.78,2.0,0.1,5373.02
ORD-001221,03-03-2022,10-03-2022,Same Day,CUST-00217,Aadhya,Nair,Consumer,Tier 2,West,Gujarat,603892.0,Grocery,Staples,757.06,3.0,0.15,240.94
ORD-001222,28-06-2022,03-07-2022,Standard Class,CUST-00526,Aarav,Gupta,SMB,Tier 1,East,Bihar,728132.0,Grocery,Staples,1700.86,5.0,0.15,225.25
ORD-001223,18-12-2019,19-12-2019,Second Class,CUST-00237,Vivaan,Das,Consumer,Tier 1,North,Rajasthan,515654.0,Furniture,Furnishings,7034.58,3.0,0.0,1384.76
ORD-001224,12-05-2023,15-05-2023,First Class,CUST-00394,Meera,Das,Corporate,Tier 2,West,Madhya Pradesh,354000.0,Electronics,Laptops,79216.49,4.0,0.05,14787.47
ORD-001225,19-03-2023,22-03-2023,First Class,CUST-00150,Anika,Menon,Consumer,Tier 1,North,Uttar Pradesh,419926.0,Furniture,Storage,2891.12,1.0,0.0,393.94
ORD-001226,19-11-2021,21-11-2021,Same Day,CUST-00007,Aadhya,Gupta,Consumer,Tier 2,West,Gujarat,581608.0,Grocery,Snacks,789.99,2.0,0.0,186.66
ORD-001227,30-03-2019,05-04-2019,Second Class,CUST-00356,Reyansh,Reddy,Consumer,Tier 1,East,Odisha,584746.0,Clothing,Womenswear,2705.58,2.0,0.05,288.13
ORD-001228,17-02-2020,18-02-2020,Standard Class,CUST-00069,Saanvi,Sharma,Corporate,Tier 2,North,Punjab,433917.0,Furniture,Chairs,11341.8,3.0,0.05,3054.98
ORD-001229,31-10-2023,06-11-2023,Standard Class,CUST-00479,Priya,Verma,Consumer,Tier 2,West,Maharashtra,310016.0,Clothing,Footwear,4286.8,3.0,0.3,459.13
ORD-001230,12-12-2022,17-12-2022,Standard Class,CUST-00547,Ananya,Iyer,Corporate,Tier 1,West,Gujarat,163702.0,Electronics,Mobiles,16075.42,1.0,0.05,2948.82
ORD-001231,08-09-2022,11-09-2022,Same Day,CUST-00484,Krishna,Bose,SMB,Tier 2,West,Maharashtra,397551.0,Grocery,Beverages,1336.78,4.0,0.2,196.17
ORD-001232,15-07-2021,21-07-2021,Same Day,CUST-00068,Diya,Chatterjee,SMB,Tier 2,South,Telangana,381103.0,Electronics,Accessories,28275.65,2.0,0.0,8029.14
ORD-001233,22-10-2020,26-10-2020,Standard Class,CUST-00362,Reyansh,Verma,Corporate,Tier 1,West,Madhya Pradesh,830421.0,Furniture,Storage,4917.82,1.0,0.0,1267.27
ORD-001234,02-03-2023,06-03-2023,Same Day,CUST-00518,Ishaan,Bose,Consumer,Tier 2,South,Telangana,753678.0,Electronics,Laptops,20345.02,1.0,0.0,3897.76
ORD-001235,15-08-2021,16-08-2021,Standard Class,CUST-00391,Meera,Singh,SMB,Tier 1,North,Haryana,317263.0,Grocery,Beverages,634.27,2.0,0.5,45.31
ORD-001236,12-08-2021,16-08-2021,First Class,CUST-00417,Rohan,Reddy,Corporate,Tier 1,South,Kerala,379294.0,Clothing,Womenswear,372.6,1.0,0.15,51.0
ORD-001237,24-05-2021,26-05-2021,Second Class,CUST-00252,Reyansh,Das,Corporate,Tier 2,South,Telangana,410811.0,Grocery,Snacks,405.8,1.0,0.1,119.38
ORD-001238,19-09-2021,23-09-2021,Second Class,CUST-00336,Aadhya,Nair,SMB,Tier 2,North,Haryana,532495.0,Clothing,Kidswear,6737.4,5.0,0.0,906.31
ORD-001239,14-05-2023,17-05-2023,First Class,CUST-00240,Diya,Menon,SMB,Tier 2,North,Haryana,549949.0,Electronics,Mobiles,11908.98,1.0,0.05,1331.64
ORD-001240,19-11-2022,24-11-2022,First Class,CUST-00454,Priya,Patel,Corporate,Tier 1,West,Goa,252929.0,Clothing,Footwear,1031.25,1.0,0.15,188.63
ORD-001241,21-05-2021,25-05-2021,Same Day,CUST-00031,Sai,Menon,SMB,Tier 1,South,Kerala,781550.0,Clothing,Footwear,4485.77,4.0,0.1,1035.04
ORD-001242,04-08-2021,06-08-2021,Standard Class,CUST-00536,Ishaan,Patel,SMB,Tier 2,West,Madhya Pradesh,667251.0,Clothing,Kidswear,1541.93,1.0,0.0,115.95
ORD-001243,02-07-2023,06-07-2023,Second Class,CUST-00112,Meera,Nair,SMB,Tier 1,West,Goa,603280.0,Grocery,Household,2595.15,5.0,0.05,109.21
ORD-001244,06-01-2022,13-01-2022,Second Class,CUST-00452,Saanvi,Menon,SMB,Tier 1,North,Rajasthan,703971.0,Clothing,Menswear,2015.09,2.0,0.1,606.25
ORD-001245,22-06-2020,25-06-2020,Second Class,CUST-00494,Rohan,Patel,Corporate,Tier 1,West,Madhya Pradesh,236000.0,Grocery,Staples,331.47,1.0,0.5,19.3
ORD-001246,09-10-2019,11-10-2019,Second Class,CUST-00567,Isha,Gupta,Consumer,Tier 2,West,Madhya Pradesh,718876.0,Grocery,Snacks,529.39,1.0,0.3,37.53
ORD-001247,17-08-2022,20-08-2022,First Class,CUST-00387,Arjun,Mukherjee,Consumer,Village,South,Kerala,390270.0,Electronics,Mobiles,20853.91,1.0,0.3,2736.82
ORD-001248,08-05-2020,13-05-2020,Standard Class,CUST-00165,Isha,Mukherjee,Corporate,Tier 2,East,Odisha,285904.0,Furniture,Tables,35636.48,5.0,0.2,2905.63
ORD-001249,02-03-2022,04-03-2022,First Class,CUST-00554,Aadhya,Mukherjee,Corporate,Tier 1,East,Bihar,729867.0,Grocery,Beverages,2839.82,5.0,0.15,107.71
ORD-001250,16-04-2020,22-04-2020,Second Class,CUST-00250,Aadhya,Reddy,SMB,Tier 2,West,Gujarat,890115.0,Furniture,Tables,23507.66,4.0,0.2,2710.31
ORD-001251,14-12-2020,17-12-2020,First Class,CUST-00010,Aadhya,Patel,Consumer,Tier 2,West,Gujarat,481942.0,Grocery,Staples,1060.87,4.0,0.5,36.98
ORD-001252,22-07-2019,26-07-2019,Same Day,CUST-00548,Ananya,Joshi,Consumer,Tier 2,West,Goa,886642.0,Furniture,Tables,24399.04,3.0,0.3,1254.88
ORD-001253,28-03-2019,03-04-2019,Standard Class,CUST-00473,Aditya,Reddy,Consumer,Tier 1,North,Delhi,860695.0,Furniture,Chairs,14857.07,2.0,0.1,1837.71
ORD-001254,25-07-2023,26-07-2023,Second Class,CUST-00034,Vihaan,Sharma,SMB,Tier 1,South,Kerala,556192.0,Electronics,Mobiles,41316.43,2.0,0.0,7535.78
ORD-001255,24-03-2022,28-03-2022,Same Day,CUST-00278,Diya,Iyer,Consumer,Tier 1,West,Maharashtra,652198.0,Grocery,Staples,1094.28,4.0,0.0,349.31
ORD-001256,24-07-2022,27-07-2022,,CUST-00277,Saanvi,Bose,Consumer,Tier 1,North,Punjab,783174.0,Clothing,Womenswear,2720.4,2.0,0.15,413.1
ORD-001257,11-12-2019,14-12-2019,First Class,CUST-00208,Meera,Nair,Consumer,Tier 1,North,Punjab,846749.0,Furniture,Tables,21403.31,3.0,0.1,4145.67
ORD-001258,28-07-2021,01-08-2021,Same Day,CUST-00229,Isha,Menon,SMB,Tier 1,East,Odisha,576884.0,Grocery,Household,2545.26,5.0,0.0,568.62
ORD-001259,02-12-2020,04-12-2020,Standard Class,CUST-00308,Kavya,Nair,Consumer,Tier 2,West,Goa,451358.0,Electronics,Mobiles,83052.28,4.0,0.0,30435.08
ORD-001260,14-03-2023,19-03-2023,Second Class,CUST-00242,Ananya,Bose,Consumer,Tier 1,West,Madhya Pradesh,311541.0,Clothing,Menswear,1800.3,2.0,0.05,266.01
ORD-001261,03-12-2021,06-12-2021,First Class,CUST-00497,Aadhya,Joshi,Consumer,Tier 2,North,Haryana,792039.0,Furniture,Chairs,35585.17,5.0,0.05,7575.7
ORD-001262,11-05-2021,18-05-2021,Standard Class,CUST-00342,Anika,Bose,SMB,Tier 1,South,Karnataka,121610.0,Furniture,Storage,7058.89,1.0,0.05,1166.36
ORD-001263,29-10-2020,31-10-2020,Second Class,CUST-00515,Sai,Rao,Corporate,Tier 1,East,West Bengal,742526.0,Grocery,Staples,1797.72,5.0,0.0,295.0
ORD-001264,28-12-2021,03-01-2022,Second Class,CUST-00546,Ishaan,Patel,SMB,Tier 1,East,Jharkhand,218358.0,Grocery,Household,2677.96,4.0,0.3,243.27
ORD-001265,31-10-2020,07-11-2020,Standard Class,CUST-00540,Reyansh,Patel,Consumer,Tier 1,East,Jharkhand,534853.0,Electronics,Accessories,43921.32,3.0,0.0,7154.32
ORD-001266,29-06-2020,03-07-2020,Standard Class,CUST-00160,Arjun,Iyer,Corporate,Tier 2,West,Goa,466329.0,Grocery,Staples,1624.72,5.0,0.15,418.47
ORD-001267,08-08-2023,12-08-2023,Second Class,CUST-00488,Priya,Verma,SMB,Tier 1,North,Delhi,449707.0,Furniture,Chairs,4848.13,1.0,0.0,434.58
ORD-001268,14-08-2021,16-08-2021,First Class,CUST-00433,Krishna,Rao,Consumer,Tier 1,East,West Bengal,556746.0,Furniture,Furnishings,14580.91,2.0,0.05,3630.96
ORD-001269,27-07-2019,02-08-2019,First Class,CUST-00112,Meera,Nair,SMB,Tier 1,West,Goa,139181.0,Grocery,Staples,957.15,4.0,0.0,47.16
ORD-001270,18-06-2020,21-06-2020,Standard Class,CUST-00313,Priya,Nair,Consumer,Tier 1,South,Telangana,884113.0,Clothing,Womenswear,2822.21,3.0,0.5,405.06
ORD-001271,11-02-2021,16-02-2021,Same Day,CUST-00140,Ishaan,Iyer,Consumer,Tier 2,North,Haryana,360575.0,Grocery,Staples,2144.68,5.0,0.2,357.47
ORD-001272,05-06-2020,07-06-2020,First Class,CUST-00553,Priya,Chatterjee,Corporate,Tier 1,West,Maharashtra,,Clothing,Menswear,5201.84,3.0,0.1,367.99
ORD-001273,08-03-2020,13-03-2020,Standard Class,CUST-00356,Reyansh,Reddy,Consumer,Tier 1,East,Odisha,,Grocery,Household,325.14,2.0,0.2,50.28
ORD-001274,14-10-2021,15-10-2021,Second Class,CUST-00270,Sai,Rao,Consumer,Tier 1,East,Odisha,744451.0,Grocery,Snacks,538.31,1.0,0.5,49.63
ORD-001275,05-01-2020,11-01-2020,Second Class,CUST-00168,Krishna,Rao,Corporate,Tier 1,South,Karnataka,596540.0,Clothing,Womenswear,837.17,1.0,0.5,87.46
ORD-001276,16-10-2021,23-10-2021,First Class,CUST-00379,Diya,Chatterjee,SMB,Tier 1,South,Andhra Pradesh,779838.0,Grocery,Household,469.17,1.0,0.5,56.51
ORD-001277,25-11-2019,30-11-2019,Second Class,CUST-00572,Reyansh,Menon,Corporate,Tier 1,South,Andhra Pradesh,225375.0,Furniture,Chairs,22944.96,4.0,0.5,2775.94
ORD-001278,11-12-2020,16-12-2020,Standard Class,CUST-00204,Rohan,Das,SMB,Village,South,Andhra Pradesh,476921.0,Furniture,Tables,10030.84,2.0,0.3,1347.78
ORD-001279,13-04-2022,16-04-2022,Standard Class,CUST-00300,Reyansh,Iyer,SMB,Tier 1,West,Madhya Pradesh,844884.0,Grocery,Household,1465.53,4.0,0.05,198.9
ORD-001280,27-06-2022,29-06-2022,Standard Class,CUST-00593,Aditya,Nair,Corporate,Tier 2,West,Madhya Pradesh,455178.0,Clothing,Menswear,1528.53,2.0,0.3,143.81
ORD-001281,21-11-2021,28-11-2021,Standard Class,CUST-00375,Isha,Bose,SMB,Tier 2,South,Karnataka,369075.0,Clothing,Menswear,1518.28,4.0,0.1,385.61
ORD-001282,31-03-2021,02-04-2021,Standard Class,CUST-00189,Aadhya,Das,Corporate,Village,South,Karnataka,774458.0,Grocery,Staples,224.47,1.0,0.15,30.64
ORD-001283,19-02-2021,20-02-2021,Same Day,CUST-00598,Aadhya,Rao,Corporate,Tier 2,North,Rajasthan,446029.0,Furniture,Furnishings,28020.57,4.0,0.15,4745.16
ORD-001284,14-04-2019,21-04-2019,Standard Class,CUST-00234,Aditya,Verma,SMB,Tier 2,South,Telangana,805597.0,Grocery,Household,798.16,2.0,0.0,160.01
ORD-001285,19-08-2019,22-08-2019,Second Class,CUST-00314,Diya,Nair,Consumer,Village,East,Jharkhand,220152.0,Grocery,Staples,1347.67,3.0,0.5,173.06
ORD-001286,23-10-2023,30-10-2023,Same Day,CUST-00156,Diya,Mukherjee,SMB,Tier 1,East,West Bengal,767740.0,Electronics,Cameras,58094.0,4.0,0.5,7544.82
ORD-001287,28-01-2022,29-01-2022,First Class,CUST-00497,Aadhya,Joshi,Consumer,Tier 2,North,Haryana,543095.0,Furniture,Chairs,14300.99,5.0,0.5,1597.19
ORD-001288,02-01-2021,05-01-2021,Second Class,CUST-00061,Kavya,Menon,SMB,Tier 2,East,Odisha,640550.0,Grocery,Snacks,2339.12,5.0,0.05,256.61
ORD-001289,14-04-2022,19-04-2022,Same Day,CUST-00582,Reyansh,Chatterjee,Consumer,Village,North,Uttar Pradesh,671318.0,Electronics,Accessories,12283.72,1.0,0.1,2001.25
ORD-001290,06-12-2022,09-12-2022,Second Class,CUST-00539,Isha,Chatterjee,SMB,Tier 1,South,Telangana,,Electronics,Cameras,76186.31,5.0,0.2,17291.8
ORD-001291,29-12-2021,04-01-2022,First Class,CUST-00594,Krishna,Joshi,SMB,Tier 1,North,Delhi,430750.0,Electronics,Cameras,129499.76,5.0,0.2,13807.18
ORD-001292,03-01-2023,07-01-2023,First Class,CUST-00340,Saanvi,Menon,SMB,Tier 2,West,Maharashtra,674238.0,Grocery,Staples,2171.92,4.0,0.0,219.47
ORD-001293,26-09-2019,02-10-2019,Standard Class,CUST-00594,Krishna,Joshi,SMB,Tier 1,North,Delhi,666233.0,Grocery,Household,2650.86,4.0,0.5,10.44
ORD-001294,29-04-2022,04-05-2022,Same Day,CUST-00076,Saanvi,Joshi,Consumer,Tier 1,West,Madhya Pradesh,733859.0,Grocery,Beverages,767.05,4.0,0.2,56.28
ORD-001295,31-01-2020,05-02-2020,Same Day,CUST-00242,Ananya,Bose,Consumer,Tier 1,West,Madhya Pradesh,557865.0,Clothing,Kidswear,2119.65,2.0,0.5,314.97
ORD-001296,30-08-2023,04-09-2023,Same Day,CUST-00367,Isha,Patel,Corporate,Village,South,Andhra Pradesh,792701.0,Electronics,Cameras,35808.14,3.0,0.0,7588.63
ORD-001297,05-01-2021,06-01-2021,Same Day,CUST-00260,Isha,Joshi,Consumer,Tier 1,North,Punjab,771194.0,Electronics,Mobiles,71418.25,4.0,0.1,8961.32
ORD-001298,29-02-2020,04-03-2020,Second Class,CUST-00473,Aditya,Reddy,Consumer,Tier 1,North,Delhi,764549.0,Clothing,Womenswear,3020.75,2.0,0.2,316.75
ORD-001299,17-06-2023,24-06-2023,Standard Class,CUST-00297,Ishaan,Gupta,SMB,Tier 1,South,Telangana,899297.0,Grocery,Staples,844.9,2.0,0.0,-39.27
ORD-001300,21-07-2023,28-07-2023,Standard Class,CUST-00547,Ananya,Iyer,Corporate,Tier 1,West,Gujarat,462599.0,Electronics,Laptops,13859.83,1.0,0.15,2019.24
ORD-001301,24-03-2022,29-03-2022,Second Class,CUST-00006,Diya,Mukherjee,SMB,Tier 2,South,Kerala,586042.0,Grocery,Staples,1406.2,4.0,0.0,215.27
ORD-001302,20-08-2021,26-08-2021,Same Day,CUST-00372,Vihaan,Bose,Corporate,Tier 2,West,Maharashtra,631727.0,Clothing,Menswear,1214.04,1.0,0.5,85.63
ORD-001303,29-11-2021,01-12-2021,First Class,CUST-00163,Priya,Sharma,SMB,Tier 1,South,Kerala,590725.0,Electronics,Accessories,22918.33,2.0,0.0,5616.82
ORD-001304,2023/08/03,08-08-2023,First Class,CUST-00572,Reyansh,Menon,Corporate,Tier 1,South,Andhra Pradesh,677670.0,Furniture,Furnishings,29694.41,4.0,0.5,3650.01
ORD-001305,08-04-2019,09-04-2019,Second Class,CUST-00482,Aadhya,Patel,Consumer,Tier 2,West,Maharashtra,591063.0,Furniture,Storage,13548.02,3.0,0.15,2695.58
ORD-001306,24-06-2022,01-07-2022,First Class,CUST-00504,Kavya,Mukherjee,Consumer,Tier 1,South,Tamil Nadu,168186.0,Clothing,Kidswear,5673.14,4.0,0.5,162.49
ORD-001307,23-11-2023,28-11-2023,Second Class,CUST-00576,Sai,Reddy,Corporate,Tier 2,East,Odisha,283614.0,Grocery,Staples,100.0,2.0,0.0,1.66
ORD-001308,13-04-2023,19-04-2023,Same Day,CUST-00390,Isha,Chatterjee,Corporate,Tier 2,North,Delhi,471451.0,Grocery,Beverages,1020.46,2.0,0.05,141.66
ORD-001309,02-04-2021,07-04-2021,Standard Class,CUST-00188,Arjun,Singh,Corporate,Tier 1,West,Madhya Pradesh,719297.0,Clothing,Menswear,9223.46,5.0,0.15,1185.63
ORD-001310,17-12-2021,23-12-2021,Same Day,CUST-00393,Vihaan,Patel,Consumer,Tier 1,West,Gujarat,258467.0,Clothing,Kidswear,9067.71,5.0,0.2,841.16
ORD-001311,05-09-2022,11-09-2022,Second Class,CUST-00159,Arjun,Joshi,SMB,Tier 1,North,Uttar Pradesh,361691.0,Clothing,Womenswear,5764.38,5.0,0.05,844.1
ORD-001312,28-09-2021,01-10-2021,Same Day,CUST-00491,Arjun,Chatterjee,Consumer,Tier 2,South,Tamil Nadu,148288.0,Clothing,Kidswear,4937.7,3.0,0.0,780.53
ORD-001313,03-10-2021,05-10-2021,First Class,CUST-00388,Reyansh,Sharma,Consumer,Tier 2,West,Goa,269912.0,Grocery,Household,1154.87,4.0,0.2,214.96
ORD-001314,20-12-2021,24-12-2021,First Class,CUST-00489,Priya,Joshi,Consumer,Tier 1,South,Telangana,184779.0,Grocery,Snacks,391.8,1.0,0.05,74.87
ORD-001315,05-06-2020,08-06-2020,Same Day,CUST-00132,Rohan,Reddy,Corporate,Tier 1,West,Goa,620978.0,Grocery,Staples,1906.32,5.0,0.5,103.2
ORD-001316,15-05-2023,22-05-2023,First Class,CUST-00262,Kavya,Rao,SMB,Tier 1,South,Andhra Pradesh,537901.0,Electronics,Mobiles,117622.45,5.0,0.05,20204.7
ORD-001317,30-05-2021,01-06-2021,First Class,CUST-00093,Myra,Nair,Corporate,Tier 2,East,Jharkhand,190926.0,Electronics,Accessories,21987.65,1.0,0.5,4343.1
ORD-001318,20-07-2020,21-07-2020,First Class,CUST-00118,Aditya,Sharma,Corporate,Tier 1,North,Uttar Pradesh,788490.0,Clothing,Footwear,4527.27,5.0,0.15,706.62
ORD-001319,20-12-2020,23-12-2020,Second Class,CUST-00281,Saanvi,Bose,Consumer,Tier 2,West,Madhya Pradesh,566961.0,Clothing,Womenswear,1702.03,5.0,0.3,241.89
ORD-001320,26-04-2023,02-05-2023,Second Class,CUST-00550,Rohan,Joshi,Corporate,Tier 1,West,Gujarat,834939.0,Furniture,Chairs,10115.73,2.0,0.2,2448.03
ORD-001321,31-01-2019,05-02-2019,First Class,CUST-00308,Kavya,Nair,Consumer,Tier 2,West,Goa,366649.0,Clothing,Menswear,990.06,1.0,0.3,188.54
ORD-001322,14-07-2022,16-07-2022,First Class,CUST-00414,Vihaan,Gupta,SMB,Tier 2,South,Telangana,875566.0,Furniture,Furnishings,4829.27,1.0,0.2,555.06
ORD-001323,12-08-2022,19-08-2022,Same Day,CUST-00522,Ananya,Bose,SMB,Tier 2,North,Delhi,693365.0,Electronics,Mobiles,66828.38,4.0,0.2,11598.34
ORD-001324,04-10-2023,05-10-2023,First Class,CUST-00570,Vivaan,Mukherjee,Corporate,Tier 2,South,Karnataka,169218.0,Grocery,Staples,1185.6,4.0,0.2,192.31
ORD-001325,14-07-2021,20-07-2021,Second Class,CUST-00259,Aarav,Singh,Consumer,Tier 2,West,Maharashtra,850826.0,Clothing,Menswear,3800.02,4.0,0.15,715.56
ORD-001326,20-09-2019,22-09-2019,Same Day,CUST-00279,Vihaan,Joshi,Consumer,Tier 2,South,Andhra Pradesh,509542.0,Clothing,Menswear,4699.5,4.0,0.05,370.16
ORD-001327,20-11-2020,27-11-2020,Same Day,CUST-00036,Priya,Chatterjee,Corporate,Tier 2,West,Maharashtra,280323.0,Furniture,Furnishings,20019.66,3.0,0.05,5250.0
ORD-001328,14-07-2022,16-07-2022,Same Day,CUST-00046,Sai,Menon,SMB,Tier 1,West,Madhya Pradesh,731390.0,Grocery,Beverages,1829.8,5.0,0.2,150.34
ORD-001329,11-01-2019,17-01-2019,Standard Class,CUST-00169,Reyansh,Iyer,Consumer,Tier 1,North,Uttar Pradesh,561839.0,Grocery,Household,305.37,3.0,0.2,29.46
ORD-001330,10-02-2021,14-02-2021,Second Class,CUST-00250,Aadhya,Reddy,SMB,Tier 2,West,Gujarat,461695.0,Electronics,Laptops,14732.32,1.0,0.3,2757.34
ORD-001331,2022/01/03,06-01-2022,Second Class,CUST-00102,Diya,Singh,Corporate,Tier 2,East,Bihar,326480.0,Grocery,Household,469.95,1.0,0.2,42.65
ORD-001332,26-09-2020,27-09-2020,Standard Class,CUST-00440,Rohan,Das,SMB,Tier 1,North,Rajasthan,569826.0,Grocery,Snacks,1945.02,5.0,0.5,315.9
ORD-001333,08-08-2021,10-08-2021,Standard Class,CUST-00068,Diya,Chatterjee,SMB,Tier 2,South,Telangana,566966.0,Grocery,Beverages,993.27,2.0,0.1,164.22
ORD-001334,16-11-2020,20-11-2020,Same Day,CUST-00289,Ishaan,Menon,SMB,Tier 2,South,Tamil Nadu,625646.0,Electronics,Mobiles,16813.89,1.0,0.5,2332.86
ORD-001335,21-08-2020,28-08-2020,Second Class,CUST-00018,Aditya,Patel,SMB,Tier 2,East,Odisha,152207.0,Clothing,Womenswear,2662.86,3.0,0.1,590.46
ORD-001336,17-12-2023,21-12-2023,First Class,CUST-00370,Rohan,Gupta,Corporate,Tier 1,South,Tamil Nadu,160540.0,Grocery,Staples,2223.22,5.0,0.0,31.4
ORD-001337,26-01-2022,27-01-2022,Standard Class,CUST-00365,Rohan,Verma,Corporate,Tier 1,South,Tamil Nadu,479799.0,Clothing,Footwear,1338.59,2.0,0.2,52.44
ORD-001338,13-11-2021,17-11-2021,First Class,CUST-00186,Aarav,Reddy,SMB,Tier 1,East,West Bengal,665147.0,Clothing,Menswear,3520.16,4.0,0.0,470.23
ORD-001339,28-06-2022,30-06-2022,Second Class,CUST-00128,Vihaan,Verma,SMB,Tier 2,East,Jharkhand,,Furniture,Chairs,52630.52,5.0,0.0,8794.67
ORD-001340,14-01-2021,19-01-2021,Second Class,CUST-00459,Meera,Mukherjee,Corporate,Village,North,Rajasthan,550353.0,Grocery,Household,525.15,1.0,0.15,136.93
ORD-001341,28-01-2021,31-01-2021,First Class,CUST-00232,Vihaan,Verma,SMB,Tier 1,South,Karnataka,188841.0,Grocery,Household,1667.59,5.0,0.0,374.6
ORD-001342,28-06-2023,01-07-2023,Second Class,CUST-00500,Priya,Joshi,Corporate,Tier 1,North,Haryana,108646.0,Grocery,Beverages,1685.23,4.0,0.2,453.01
ORD-001343,05-01-2021,10-01-2021,First Class,CUST-00082,Arjun,Rao,Corporate,Tier 1,West,Gujarat,720863.0,Clothing,Womenswear,1985.78,1.0,0.2,81.95
ORD-001344,15-02-2019,17-02-2019,Same Day,CUST-00281,Saanvi,Bose,Consumer,Tier 2,West,Madhya Pradesh,711534.0,Electronics,Laptops,18065.13,1.0,0.0,1960.85
ORD-001345,24-02-2023,27-02-2023,Same Day,CUST-00114,Aarav,Menon,SMB,Tier 2,South,Tamil Nadu,121527.0,Electronics,Accessories,16695.5,1.0,0.15,2370.5
ORD-001346,16-06-2019,21-06-2019,Standard Class,CUST-00468,Isha,Iyer,Corporate,Village,East,Odisha,300071.0,Electronics,Cameras,49485.47,4.0,0.0,6679.19
ORD-001347,11-07-2022,12-07-2022,Same Day,CUST-00109,Aadhya,Gupta,Consumer,Village,East,West Bengal,681231.0,Grocery,Snacks,868.2,3.0,0.5,22.36
ORD-001348,01-02-2021,02-02-2021,First Class,CUST-00193,Vihaan,Bose,SMB,Tier 1,East,Bihar,158764.0,Electronics,Mobiles,57610.16,5.0,0.0,11501.47
ORD-001349,15-09-2022,19-09-2022,Same Day,CUST-00243,Vihaan,Menon,Corporate,Tier 1,North,Punjab,773055.0,Grocery,Staples,1936.89,4.0,0.3,86.44
ORD-001350,10-06-2020,11-06-2020,Same Day,CUST-00218,Aarav,Mukherjee,SMB,Tier 1,North,Delhi,745324.0,Furniture,Storage,22499.96,3.0,0.2,3399.58
ORD-001351,28-03-2023,02-04-2023,Standard Class,CUST-00533,Aarav,Bose,Consumer,Village,East,Odisha,245225.0,Furniture,Chairs,33584.55,5.0,0.15,6442.93
ORD-001352,14-09-2022,20-09-2022,Same Day,CUST-00525,Ishaan,Reddy,Consumer,Tier 1,North,Haryana,582504.0,Grocery,Beverages,1293.99,2.0,0.05,253.77
ORD-001353,27-02-2021,02-03-2021,Same Day,CUST-00166,Kavya,Verma,SMB,Tier 2,South,Tamil Nadu,343643.0,Grocery,Snacks,1302.67,3.0,0.0,149.47
ORD-001354,16-03-2021,17-03-2021,Same Day,CUST-00262,Kavya,Rao,SMB,Tier 1,South,Andhra Pradesh,859757.0,Furniture,Furnishings,35718.77,4.0,0.05,7327.48
ORD-001355,2021/04/30,02-05-2021,Same Day,CUST-00232,Vihaan,Verma,SMB,Tier 1,South,Karnataka,808077.0,Furniture,Storage,34131.84,4.0,0.05,3497.79
ORD-001356,31-07-2022,01-08-2022,Same Day,CUST-00129,Ananya,Sharma,Consumer,Village,East,West Bengal,357636.0,Clothing,Footwear,4045.86,4.0,0.1,358.18
ORD-001357,20-06-2019,25-06-2019,Same Day,CUST-00101,Ananya,Rao,Consumer,Tier 2,North,Delhi,883943.0,Grocery,Beverages,742.37,2.0,0.5,108.82
ORD-001358,30-07-2019,05-08-2019,Second Class,CUST-00311,Aarav,Chatterjee,SMB,Tier 2,West,Maharashtra,362934.0,Clothing,Footwear,2449.25,2.0,0.3,451.86
ORD-001359,24-03-2022,30-03-2022,Same Day,CUST-00397,Arjun,Menon,Corporate,Tier 1,South,Telangana,139393.0,Clothing,Menswear,7435.6,5.0,0.1,710.86
ORD-001360,19-05-2021,24-05-2021,Standard Class,CUST-00533,Aarav,Bose,Consumer,Village,East,Odisha,661101.0,Electronics,Accessories,22084.46,1.0,0.15,3402.81
ORD-001361,03-08-2020,06-08-2020,Second Class,CUST-00231,Myra,Iyer,SMB,Tier 2,East,West Bengal,715513.0,Grocery,Snacks,2136.11,5.0,0.1,281.89
ORD-001362,13-10-2021,18-10-2021,Same Day,CUST-00193,Vihaan,Bose,SMB,Tier 1,East,Bihar,628978.0,Clothing,Footwear,1894.12,1.0,0.5,297.65
ORD-001363,14-02-2019,19-02-2019,Same Day,CUST-00297,Ishaan,Gupta,SMB,Tier 1,South,Telangana,468511.0,Clothing,Kidswear,4114.4,3.0,0.05,1265.69
ORD-001364,21-01-2022,28-01-2022,Same Day,CUST-00510,Vihaan,Chatterjee,Consumer,Tier 1,South,Karnataka,678595.0,Grocery,Household,1011.86,3.0,0.0,140.33
ORD-001365,22-09-2019,24-09-2019,Same Day,CUST-00078,Aditya,Menon,Consumer,Tier 1,North,Delhi,553169.0,Clothing,Menswear,2316.66,4.0,0.15,466.46
ORD-001366,29-06-2021,05-07-2021,Standard Class,CUST-00106,Myra,Menon,Corporate,Tier 2,East,Jharkhand,640095.0,Clothing,Menswear,3921.51,4.0,0.15,451.49
ORD-001367,21-09-2023,26-09-2023,Second Class,CUST-00375,Isha,Bose,SMB,Tier 2,South,Karnataka,389018.0,Clothing,Kidswear,1416.75,1.0,0.1,61.29
ORD-001368,10-05-2020,17-05-2020,Same Day,CUST-00577,Sai,Nair,Corporate,Tier 1,North,Uttar Pradesh,735046.0,Clothing,Menswear,1870.93,1.0,0.3,402.46
ORD-001369,04-08-2019,11-08-2019,Standard Class,CUST-00118,Aditya,Sharma,Corporate,Tier 1,North,Uttar Pradesh,393279.0,Electronics,Cameras,23412.96,2.0,0.0,4346.33
ORD-001370,04-06-2020,07-06-2020,Standard Class,CUST-00117,Isha,Nair,SMB,Village,West,Maharashtra,797820.0,Furniture,Storage,23468.19,4.0,0.2,1591.75
ORD-001371,14-02-2020,17-02-2020,First Class,CUST-00066,Aarav,Iyer,Corporate,Tier 1,West,Maharashtra,733236.0,Clothing,Menswear,4467.79,3.0,0.2,760.34
ORD-001372,21-08-2023,23-08-2023,Second Class,CUST-00279,Vihaan,Joshi,Consumer,Tier 2,South,Andhra Pradesh,864584.0,Clothing,Menswear,1788.11,2.0,0.0,236.56
ORD-001373,02-10-2019,06-10-2019,Second Class,CUST-00071,Kavya,Joshi,SMB,Tier 1,East,Odisha,396611.0,Electronics,Laptops,26516.26,3.0,0.5,3862.19
ORD-001374,11-11-2020,17-11-2020,Second Class,CUST-00388,Reyansh,Sharma,Consumer,Tier 2,West,Goa,344687.0,Clothing,Footwear,4326.54,2.0,0.0,688.95
ORD-001375,03-07-2021,08-07-2021,Second Class,CUST-00326,Rohan,Reddy,Consumer,Tier 1,South,Kerala,644294.0,Electronics,Accessories,16192.9,1.0,0.2,2321.61
ORD-001376,25-10-2020,31-10-2020,First Class,CUST-00190,Sai,Mukherjee,Consumer,Tier 1,East,West Bengal,476708.0,Grocery,Staples,1154.12,3.0,0.2,168.44
ORD-001377,30-08-2022,31-08-2022,Second Class,CUST-00150,Anika,Menon,Consumer,Tier 1,North,Uttar Pradesh,740736.0,Clothing,Womenswear,796.32,2.0,0.3,35.38
ORD-001378,03-07-2020,08-07-2020,Same Day,CUST-00536,Ishaan,Patel,SMB,Tier 2,West,Madhya Pradesh,811686.0,Grocery,Beverages,1569.67,4.0,0.0,234.99
ORD-001379,2019/12/06,08-12-2019,First Class,CUST-00296,Aadhya,Menon,SMB,Tier 2,South,Telangana,344635.0,Clothing,Menswear,1299.24,1.0,0.05,258.82
ORD-001380,01-10-2020,02-10-2020,Same Day,CUST-00157,Saanvi,Gupta,Consumer,Tier 1,North,Rajasthan,444765.0,Furniture,Tables,18986.57,5.0,0.0,1873.87
ORD-001381,02-12-2019,04-12-2019,First Class,CUST-00524,Rohan,Bose,SMB,Tier 1,East,Odisha,881186.0,Grocery,Beverages,2579.19,4.0,0.15,266.25
ORD-001382,28-05-2021,04-06-2021,First Class,CUST-00569,Priya,Bose,Corporate,Tier 2,North,Haryana,871195.0,Clothing,Menswear,1007.51,1.0,0.0,204.3
ORD-001383,10-12-2019,14-12-2019,First Class,CUST-00034,Vihaan,Sharma,SMB,Tier 1,South,Kerala,162860.0,Grocery,Snacks,617.98,1.0,0.15,81.29
ORD-001384,27-02-2022,04-03-2022,Second Class,CUST-00121,Sai,Rao,SMB,Tier 1,North,Delhi,182976.0,Electronics,Mobiles,33194.52,3.0,0.1,4911.15
ORD-001385,28-01-2021,03-02-2021,Second Class,CUST-00245,Arjun,Reddy,Corporate,Village,South,Andhra Pradesh,463959.0,Clothing,Womenswear,3835.84,3.0,0.3,223.16
ORD-001386,2023/05/08,11-05-2023,Second Class,CUST-00365,Rohan,Verma,Corporate,Tier 1,South,Tamil Nadu,874227.0,Grocery,Household,1618.48,5.0,0.05,376.26
ORD-001387,28-02-2020,06-03-2020,Standard Class,CUST-00170,Kavya,Patel,Consumer,Tier 1,North,Haryana,263931.0,Clothing,Menswear,1927.83,1.0,0.15,278.25
ORD-001388,09-12-2023,13-12-2023,Second Class,CUST-00126,Aditya,Das,SMB,Village,East,Bihar,313748.0,Clothing,Menswear,2811.31,3.0,0.5,309.44
ORD-001389,04-09-2022,05-09-2022,Same Day,CUST-00588,Saanvi,Sharma,Corporate,Tier 2,North,Rajasthan,104236.0,Grocery,Staples,451.21,1.0,0.5,60.91
ORD-001390,30-04-2019,07-05-2019,First Class,CUST-00175,Saanvi,Patel,Corporate,Village,East,Jharkhand,659860.0,Grocery,Snacks,389.06,1.0,0.2,70.83
ORD-001391,15-09-2023,20-09-2023,Standard Class,CUST-00299,Aadhya,Rao,Consumer,Tier 1,North,Rajasthan,364023.0,Electronics,Cameras,39749.46,2.0,0.05,9062.61
ORD-001392,05-03-2020,12-03-2020,Standard Class,CUST-00212,Reyansh,Reddy,Corporate,Tier 1,North,Delhi,102992.0,Electronics,Laptops,7626.78,1.0,0.3,623.46
ORD-001393,11-04-2020,12-04-2020,Second Class,CUST-00394,Meera,Das,Corporate,Tier 2,West,Madhya Pradesh,272086.0,Furniture,Tables,35317.91,5.0,0.05,6602.35
ORD-001394,20-12-2019,23-12-2019,Same Day,CUST-00160,Arjun,Iyer,Corporate,Tier 2,West,Goa,711610.0,Clothing,Womenswear,743.89,1.0,0.0,110.58
ORD-001395,23-09-2023,28-09-2023,Same Day,CUST-00198,Myra,Bose,Consumer,Tier 1,South,Andhra Pradesh,698434.0,Electronics,Mobiles,74766.35,4.0,0.05,21044.4
ORD-001396,06-12-2023,11-12-2023,First Class,CUST-00258,Vihaan,Sharma,Corporate,Tier 1,South,Tamil Nadu,475196.0,Electronics,Mobiles,36042.0,3.0,0.0,7045.19
ORD-001397,11-12-2022,13-12-2022,Standard Class,CUST-00026,Aadhya,Menon,Consumer,Tier 1,West,Goa,843436.0,Electronics,Mobiles,73981.26,4.0,0.5,8662.84
ORD-001398,08-10-2023,13-10-2023,Second Class,CUST-00229,Isha,Menon,SMB,Tier 1,East,Odisha,466211.0,Furniture,Furnishings,42106.39,5.0,0.05,10565.79
ORD-001399,13-08-2023,16-08-2023,Same Day,CUST-00441,Ishaan,Mukherjee,Consumer,Tier 1,North,Punjab,628127.0,Furniture,Tables,18324.97,2.0,0.15,2778.8
ORD-001400,19-05-2023,23-05-2023,Standard Class,CUST-00569,Priya,Bose,Corporate,Tier 2,North,Haryana,279959.0,Clothing,Womenswear,4740.76,3.0,0.2,800.72
ORD-001401,22-08-2019,24-08-2019,Standard Class,CUST-00135,Rohan,Singh,SMB,Tier 1,South,Andhra Pradesh,421409.0,Electronics,Mobiles,8705.16,1.0,0.15,1003.91
ORD-001402,16-02-2021,17-02-2021,First Class,CUST-00315,Diya,Iyer,Corporate,Tier 2,North,Delhi,127194.0,Grocery,Household,2492.46,4.0,0.05,271.15
ORD-001403,14-01-2022,17-01-2022,Same Day,CUST-00186,Aarav,Reddy,SMB,Tier 1,East,West Bengal,666039.0,Electronics,Mobiles,33522.36,2.0,0.05,7575.66
ORD-001404,26-09-2019,29-09-2019,Same Day,CUST-00249,Ananya,Verma,Consumer,Tier 1,North,Haryana,344508.0,Electronics,Accessories,55222.72,3.0,0.05,15310.26
ORD-001405,21-08-2023,25-08-2023,Same Day,CUST-00569,Priya,Bose,Corporate,Tier 2,North,Haryana,361232.0,Grocery,Beverages,2196.61,4.0,0.15,169.06
ORD-001406,01-04-2020,05-04-2020,Standard Class,CUST-00599,Sai,Reddy,Consumer,Tier 1,West,Gujarat,588001.0,Furniture,Tables,3686.26,1.0,0.15,566.93
ORD-001407,13-05-2022,16-05-2022,Standard Class,CUST-00200,Ananya,Reddy,Corporate,Tier 1,East,Bihar,507452.0,Clothing,Kidswear,4057.19,3.0,0.05,804.26
ORD-001408,18-06-2021,19-06-2021,Same Day,CUST-00567,Isha,Gupta,Consumer,Tier 2,West,Madhya Pradesh,784177.0,Grocery,Household,1344.68,3.0,0.15,304.65
ORD-001409,04-01-2023,10-01-2023,Same Day,CUST-00234,Aditya,Verma,SMB,Tier 2,South,Telangana,383714.0,Clothing,Footwear,2969.02,2.0,0.5,75.1
ORD-001410,08-12-2023,13-12-2023,Standard Class,CUST-00420,Isha,Mukherjee,Consumer,Tier 1,West,Goa,261498.0,Grocery,Snacks,199.52,3.0,0.15,15.01
ORD-001411,04-08-2023,08-08-2023,Second Class,CUST-00032,Sai,Patel,SMB,Tier 1,North,Haryana,677031.0,Clothing,Womenswear,5645.05,3.0,0.15,773.0
ORD-001412,04-04-2022,10-04-2022,Standard Class,CUST-00002,Anika,Reddy,Consumer,Tier 2,East,Jharkhand,275158.0,Grocery,Beverages,1367.94,3.0,0.15,267.57
ORD-001413,20-06-2022,22-06-2022,First Class,CUST-00105,Rohan,Rao,SMB,Tier 2,South,Andhra Pradesh,600048.0,Electronics,Laptops,20102.23,1.0,0.0,1501.27
ORD-001414,14-08-2022,18-08-2022,Standard Class,CUST-00083,Aarav,Gupta,SMB,Tier 2,East,Jharkhand,729870.0,Clothing,Menswear,2198.39,2.0,0.1,296.98
ORD-001415,30-01-2020,05-02-2020,Same Day,CUST-00226,Saanvi,Das,SMB,Tier 1,North,Uttar Pradesh,545426.0,Furniture,Storage,26662.41,4.0,0.15,4549.95
ORD-001416,03-04-2022,06-04-2022,Same Day,CUST-00313,Priya,Nair,Consumer,Tier 1,South,Telangana,308334.0,Clothing,Menswear,1331.23,1.0,0.15,360.33
ORD-001417,14-06-2023,16-06-2023,First Class,CUST-00526,Aarav,Gupta,SMB,Tier 1,East,Bihar,692943.0,Furniture,Tables,16670.2,3.0,0.15,3189.28
ORD-001418,28-11-2021,03-12-2021,Same Day,CUST-00271,Vihaan,Reddy,SMB,Village,East,West Bengal,673338.0,Furniture,Tables,18537.91,3.0,0.15,2981.09
ORD-001419,07-12-2020,08-12-2020,Standard Class,CUST-00018,Aditya,Patel,SMB,Tier 2,East,Odisha,376455.0,Furniture,Chairs,4812.09,1.0,0.1,787.95
ORD-001420,11-10-2021,13-10-2021,Second Class,CUST-00087,Aadhya,Iyer,SMB,Village,East,Odisha,756109.0,Furniture,Storage,23240.3,4.0,0.15,6532.43
ORD-001421,25-05-2022,29-05-2022,Standard Class,CUST-00120,Arjun,Mukherjee,SMB,Village,West,Maharashtra,567637.0,Grocery,Household,1237.99,4.0,0.0,190.3
ORD-001422,02-07-2020,04-07-2020,First Class,CUST-00110,Diya,Gupta,SMB,Tier 1,East,Odisha,784854.0,Clothing,Footwear,5596.76,5.0,0.05,791.91
ORD-001423,29-01-2019,02-02-2019,Standard Class,CUST-00350,Aarav,Das,SMB,Tier 1,West,Goa,619743.0,Grocery,Beverages,2256.45,4.0,0.05,500.77
ORD-001424,12-02-2023,15-02-2023,Standard Class,CUST-00482,Aadhya,Patel,Consumer,Tier 2,West,Maharashtra,809248.0,Grocery,Household,1524.16,5.0,0.05,425.75
ORD-001425,17-11-2023,21-11-2023,Same Day,CUST-00368,Priya,Mukherjee,SMB,Tier 1,East,Odisha,193076.0,Grocery,Household,205.31,1.0,0.0,30.82
ORD-001426,05-12-2020,10-12-2020,Same Day,CUST-00182,Aarav,Bose,Consumer,Tier 2,South,Karnataka,574113.0,Grocery,Staples,231.51,1.0,0.5,20.99
ORD-001427,05-07-2020,07-07-2020,Second Class,CUST-00580,Krishna,Sharma,Corporate,Tier 2,West,Goa,486701.0,Clothing,Kidswear,1052.53,1.0,0.0,98.09
ORD-001428,18-05-2020,20-05-2020,Same Day,CUST-00011,Myra,Iyer,Corporate,Tier 1,North,Uttar Pradesh,233068.0,Furniture,Furnishings,26274.16,4.0,0.05,2202.39
ORD-001429,09-03-2023,16-03-2023,First Class,CUST-00312,Myra,Rao,Corporate,Tier 2,East,West Bengal,870610.0,Clothing,Footwear,7619.59,4.0,0.5,36.75
ORD-001430,14-10-2021,15-10-2021,First Class,CUST-00333,Aadhya,Mukherjee,Corporate,Village,North,Delhi,324425.0,Grocery,Snacks,1225.99,4.0,0.0,277.16
ORD-001431,10-09-2021,15-09-2021,Same Day,CUST-00074,Arjun,Mukherjee,SMB,Tier 1,West,Maharashtra,321098.0,Furniture,Chairs,16957.8,3.0,0.15,4438.57
ORD-001432,23-04-2021,27-04-2021,Same Day,CUST-00164,Ananya,Joshi,SMB,Tier 2,South,Telangana,493281.0,Clothing,Womenswear,4025.62,3.0,0.1,635.72
ORD-001433,2022/05/16,22-05-2022,Standard Class,CUST-00304,Aadhya,Das,Corporate,Tier 2,East,Odisha,777424.0,Electronics,Cameras,20349.95,1.0,0.05,4456.04
ORD-001434,27-01-2019,31-01-2019,Same Day,CUST-00349,Priya,Menon,SMB,Tier 1,North,Punjab,370224.0,Electronics,Accessories,38453.15,4.0,0.0,7443.96
ORD-001435,10-06-2023,16-06-2023,,CUST-00019,Vivaan,Chatterjee,Corporate,Tier 2,East,Bihar,412319.0,Clothing,Womenswear,4794.27,5.0,0.5,584.9
ORD-001436,05-04-2022,09-04-2022,Same Day,CUST-00431,Krishna,Singh,Consumer,Tier 1,East,Odisha,750626.0,Clothing,Kidswear,3387.66,2.0,0.1,1030.06
ORD-001437,2022/04/10,11-04-2022,Second Class,CUST-00204,Rohan,Das,SMB,Village,South,Andhra Pradesh,878398.0,Electronics,Cameras,32500.87,4.0,0.5,2177.86
ORD-001438,11-09-2019,17-09-2019,Second Class,CUST-00289,Ishaan,Menon,SMB,Tier 2,South,Tamil Nadu,603379.0,Grocery,Snacks,1114.03,3.0,0.05,263.41
ORD-001439,21-07-2019,26-07-2019,Same Day,CUST-00228,Vivaan,Chatterjee,Corporate,Tier 1,South,Karnataka,848453.0,Clothing,Footwear,7285.86,4.0,0.3,393.1
ORD-001440,27-07-2019,01-08-2019,Standard Class,CUST-00441,Ishaan,Mukherjee,Consumer,Tier 1,North,Punjab,309089.0,Grocery,Household,1592.36,5.0,0.15,293.0
ORD-001441,17-12-2023,21-12-2023,First Class,CUST-00070,Saanvi,Patel,Consumer,Tier 2,South,Telangana,308004.0,Electronics,Mobiles,57163.85,5.0,0.5,2285.61
ORD-001442,08-08-2019,13-08-2019,Second Class,CUST-00581,Aditya,Sharma,Corporate,Tier 1,East,Jharkhand,196948.0,Electronics,Mobiles,12366.41,2.0,0.5,1150.09
ORD-001443,01-04-2019,06-04-2019,First Class,CUST-00247,Isha,Menon,Corporate,Tier 1,West,Madhya Pradesh,285761.0,Furniture,Storage,15100.04,2.0,0.05,278.61
ORD-001444,18-09-2023,25-09-2023,Second Class,CUST-00399,Sai,Sharma,Consumer,Tier 2,West,Madhya Pradesh,884539.0,Furniture,Furnishings,35515.41,5.0,0.2,5611.03
ORD-001445,28-08-2023,01-09-2023,Same Day,CUST-00193,Vihaan,Bose,SMB,Tier 1,East,Bihar,180611.0,Clothing,Womenswear,1565.85,1.0,0.5,217.22
ORD-001446,19-08-2019,21-08-2019,Standard Class,CUST-00205,Sai,Chatterjee,Corporate,Tier 1,North,Delhi,135224.0,Electronics,Cameras,23114.38,3.0,0.0,1141.8
ORD-001447,02-01-2019,09-01-2019,First Class,CUST-00411,Sai,Bose,SMB,Village,North,Punjab,400597.0,Grocery,Beverages,973.56,3.0,0.0,254.23
ORD-001448,05-03-2020,06-03-2020,Same Day,CUST-00381,Ishaan,Chatterjee,Consumer,Village,South,Tamil Nadu,,Furniture,Furnishings,4067.44,2.0,0.3,459.08
ORD-001449,07-02-2022,10-02-2022,Standard Class,CUST-00169,Reyansh,Iyer,Consumer,Tier 1,North,Uttar Pradesh,648130.0,Clothing,Kidswear,7798.8,5.0,0.5,665.74
ORD-001450,23-03-2020,26-03-2020,First Class,CUST-00382,Ananya,Verma,SMB,Tier 1,West,Madhya Pradesh,805875.0,Grocery,Household,1322.08,4.0,0.0,305.96
ORD-001451,04-07-2022,10-07-2022,Second Class,CUST-00007,Aadhya,Gupta,Consumer,Tier 2,West,Gujarat,109299.0,Furniture,Storage,6326.14,2.0,0.2,1005.01
ORD-001452,20-01-2022,22-01-2022,First Class,CUST-00459,Meera,Mukherjee,Corporate,Village,North,Rajasthan,225445.0,Clothing,Kidswear,2258.88,2.0,0.1,498.52
ORD-001453,10-02-2022,15-02-2022,Standard Class,CUST-00208,Meera,Nair,Consumer,Tier 1,North,Punjab,740597.0,Clothing,Kidswear,9474.5,5.0,0.05,1382.18
ORD-001454,05-06-2019,10-06-2019,Second Class,CUST-00032,Sai,Patel,SMB,Tier 1,North,Haryana,392190.0,Electronics,Accessories,54696.98,5.0,0.1,8744.16
ORD-001455,15-01-2020,17-01-2020,Standard Class,CUST-00312,Myra,Rao,Corporate,Tier 2,East,West Bengal,309737.0,Electronics,Cameras,70691.53,4.0,0.2,8661.06
ORD-001456,06-08-2022,13-08-2022,First Class,CUST-00348,Krishna,Verma,Corporate,Tier 2,North,Punjab,846123.0,Grocery,Staples,389.25,2.0,0.0,55.45
ORD-001457,20-04-2022,27-04-2022,Same Day,CUST-00316,Reyansh,Iyer,SMB,Tier 2,North,Delhi,166893.0,Furniture,Storage,9136.39,2.0,0.5,1574.93
ORD-001458,03-07-2022,06-07-2022,,CUST-00474,Kavya,Joshi,Consumer,Tier 1,South,Andhra Pradesh,138717.0,Grocery,Snacks,791.99,3.0,0.1,52.04
ORD-001459,23-12-2023,29-12-2023,First Class,CUST-00410,Kavya,Verma,Consumer,Tier 1,South,Karnataka,858372.0,Clothing,Womenswear,1830.85,1.0,0.05,262.12
ORD-001460,02-05-2019,06-05-2019,Second Class,CUST-00597,Ananya,Gupta,Corporate,Tier 2,South,Tamil Nadu,707403.0,Grocery,Snacks,304.04,1.0,0.5,11.28
ORD-001461,04-08-2021,05-08-2021,Standard Class,CUST-00178,Aditya,Singh,SMB,Village,West,Gujarat,492849.0,Furniture,Storage,4165.48,1.0,0.15,895.19
ORD-001462,16-09-2019,23-09-2019,Same Day,CUST-00479,Priya,Verma,Consumer,Tier 2,West,Maharashtra,621458.0,Electronics,Laptops,78945.86,4.0,0.3,6784.37
ORD-001463,12-09-2022,16-09-2022,Second Class,CUST-00187,Isha,Joshi,Corporate,Village,East,Odisha,505879.0,Grocery,Beverages,1991.98,4.0,0.2,188.12
ORD-001464,16-02-2020,22-02-2020,Second Class,CUST-00222,Diya,Singh,Consumer,Tier 2,South,Andhra Pradesh,768479.0,Furniture,Chairs,8678.93,2.0,0.05,1733.67
ORD-001465,16-05-2019,22-05-2019,Second Class,CUST-00586,Ishaan,Das,Consumer,Village,West,Gujarat,150332.0,Furniture,Chairs,2899.71,2.0,0.2,248.41
ORD-001466,01-09-2020,04-09-2020,Second Class,CUST-00418,Kavya,Nair,SMB,Tier 1,North,Haryana,618144.0,Grocery,Snacks,1699.5,4.0,0.0,365.56
ORD-001467,12-07-2020,13-07-2020,First Class,CUST-00292,Saanvi,Bose,Corporate,Tier 2,South,Andhra Pradesh,423251.0,Grocery,Snacks,922.28,2.0,0.15,216.0
ORD-001468,09-10-2020,11-10-2020,Same Day,CUST-00285,Arjun,Joshi,Corporate,Tier 1,South,Tamil Nadu,691146.0,Furniture,Storage,30866.39,4.0,0.0,8704.51
ORD-001469,2019/02/12,18-02-2019,First Class,CUST-00242,Ananya,Bose,Consumer,Tier 1,West,Madhya Pradesh,897414.0,Grocery,Beverages,700.66,3.0,0.0,102.37
ORD-001470,30-11-2019,05-12-2019,Second Class,CUST-00178,Aditya,Singh,SMB,Village,West,Gujarat,676100.0,Grocery,Staples,1542.98,4.0,0.3,156.93
ORD-001471,30-12-2019,04-01-2020,Second Class,CUST-00492,Priya,Bose,SMB,Tier 1,West,Maharashtra,796731.0,Furniture,Storage,27744.45,3.0,0.0,9336.39
ORD-001472,14-10-2022,21-10-2022,Standard Class,CUST-00567,Isha,Gupta,Consumer,Tier 2,West,Madhya Pradesh,111071.0,Grocery,Staples,1125.57,5.0,0.2,193.7
ORD-001473,20-11-2020,25-11-2020,Second Class,CUST-00315,Diya,Iyer,Corporate,Tier 2,North,Delhi,763367.0,Electronics,Cameras,56752.1,3.0,0.0,10531.4
ORD-001474,12-03-2021,17-03-2021,First Class,CUST-00545,Ananya,Rao,Consumer,Tier 1,South,Kerala,399108.0,Electronics,Mobiles,55157.79,5.0,0.0,6126.76
ORD-001475,22-05-2019,27-05-2019,Standard Class,CUST-00581,Aditya,Sharma,Corporate,Tier 1,East,Jharkhand,832154.0,Grocery,Household,1631.09,3.0,0.0,160.65
ORD-001476,07-02-2019,13-02-2019,Standard Class,CUST-00410,Kavya,Verma,Consumer,Tier 1,South,Karnataka,390230.0,Clothing,Footwear,2759.89,3.0,0.1,536.62
ORD-001477,17-05-2020,22-05-2020,Second Class,CUST-00270,Sai,Rao,Consumer,Tier 1,East,Odisha,724731.0,Electronics,Mobiles,5251.98,1.0,0.0,1592.94
ORD-001478,28-04-2021,30-04-2021,First Class,CUST-00338,Arjun,Rao,SMB,Tier 1,West,Maharashtra,675955.0,Clothing,Womenswear,4128.59,3.0,0.15,1150.75
ORD-001479,01-01-2019,06-01-2019,Same Day,CUST-00450,Ishaan,Chatterjee,Corporate,Tier 1,East,Jharkhand,266707.0,Clothing,Womenswear,4830.49,4.0,0.15,742.95
ORD-001480,10-11-2021,14-11-2021,Same Day,CUST-00398,Kavya,Nair,SMB,Tier 1,West,Madhya Pradesh,259522.0,Clothing,Kidswear,4633.31,4.0,0.0,914.57
ORD-001481,18-03-2020,21-03-2020,Standard Class,CUST-00230,Aadhya,Verma,SMB,Tier 1,North,Haryana,782711.0,Grocery,Snacks,1836.81,5.0,0.5,271.02
ORD-001482,18-09-2019,19-09-2019,Same Day,CUST-00591,Aarav,Joshi,SMB,Tier 1,East,Jharkhand,,Furniture,Tables,36893.07,5.0,0.5,3464.67
ORD-001483,12-05-2019,16-05-2019,Second Class,CUST-00245,Arjun,Reddy,Corporate,Village,South,Andhra Pradesh,238552.0,Clothing,Footwear,3392.44,2.0,0.5,144.26
ORD-001484,20-09-2020,21-09-2020,Same Day,CUST-00043,Ananya,Singh,SMB,Tier 2,South,Tamil Nadu,619986.0,Clothing,Kidswear,2999.98,3.0,0.3,561.99
ORD-001485,28-04-2022,05-05-2022,Standard Class,CUST-00599,Sai,Reddy,Consumer,Tier 1,West,Gujarat,773529.0,Furniture,Tables,7348.72,1.0,0.0,64.15
ORD-001486,18-11-2019,20-11-2019,Same Day,CUST-00046,Sai,Menon,SMB,Tier 1,West,Madhya Pradesh,401593.0,Furniture,Chairs,21540.34,5.0,0.5,2959.27
ORD-001487,18-05-2022,24-05-2022,First Class,CUST-00440,Rohan,Das,SMB,Tier 1,North,Rajasthan,134566.0,Clothing,Kidswear,3364.41,3.0,0.05,576.95
ORD-001488,11-10-2022,14-10-2022,Second Class,CUST-00172,Priya,Mukherjee,Corporate,Tier 2,West,Gujarat,863901.0,Clothing,Womenswear,4959.2,5.0,0.0,1479.82
ORD-001489,17-05-2023,23-05-2023,Same Day,CUST-00046,Sai,Menon,SMB,Tier 1,West,Madhya Pradesh,474871.0,Furniture,Storage,21949.39,4.0,0.15,4431.12
ORD-001490,04-02-2021,05-02-2021,Second Class,CUST-00423,Sai,Bose,Consumer,Tier 1,South,Telangana,169158.0,Clothing,Footwear,3430.72,3.0,0.5,202.75
ORD-001491,15-09-2019,16-09-2019,Standard Class,CUST-00576,Sai,Reddy,Corporate,Tier 2,East,Odisha,608546.0,Clothing,Menswear,2756.01,3.0,0.1,411.7
ORD-001492,28-06-2023,04-07-2023,First Class,CUST-00156,Diya,Mukherjee,SMB,Tier 1,East,West Bengal,206714.0,Grocery,Household,2918.31,5.0,0.05,438.7
ORD-001493,17-01-2019,20-01-2019,Standard Class,CUST-00079,Ishaan,Das,Corporate,Tier 1,East,Jharkhand,446234.0,Furniture,Chairs,20774.36,4.0,0.0,2961.32
ORD-001494,05-04-2019,12-04-2019,Second Class,CUST-00223,Rohan,Iyer,SMB,Tier 1,West,Madhya Pradesh,281806.0,Clothing,Womenswear,5432.06,4.0,0.2,816.58
ORD-001495,05-06-2023,07-06-2023,Second Class,CUST-00565,Meera,Iyer,Corporate,Village,North,Uttar Pradesh,129838.0,Furniture,Tables,14485.4,3.0,0.15,2008.07
ORD-001496,22-02-2023,01-03-2023,Standard Class,CUST-00244,Meera,Menon,Consumer,Village,West,Madhya Pradesh,527980.0,Furniture,Storage,32383.5,5.0,0.2,5998.41
ORD-001497,23-08-2020,30-08-2020,First Class,CUST-00182,Aarav,Bose,Consumer,Tier 2,South,Karnataka,467769.0,Grocery,Beverages,451.06,5.0,0.0,51.57
ORD-001498,14-03-2019,21-03-2019,Second Class,CUST-00224,Anika,Reddy,SMB,Tier 2,East,Odisha,293032.0,Grocery,Household,214.85,1.0,0.1,56.29
ORD-001499,24-06-2023,01-07-2023,First Class,CUST-00200,Ananya,Reddy,Corporate,Tier 1,East,Bihar,546399.0,Clothing,Kidswear,2646.71,2.0,0.0,143.32
ORD-001500,29-12-2019,31-12-2019,First Class,CUST-00183,Myra,Menon,Corporate,Tier 2,West,Maharashtra,497726.0,Electronics,Laptops,12481.22,1.0,0.3,2241.26
ORD-001501,09-09-2019,12-09-2019,First Class,CUST-00404,Aadhya,Verma,SMB,Village,East,Jharkhand,586900.0,Furniture,Storage,38415.85,5.0,0.3,3682.74
ORD-001502,27-06-2019,28-06-2019,Same Day,CUST-00077,Vihaan,Nair,Corporate,Tier 1,North,Haryana,665502.0,Electronics,Mobiles,20516.25,2.0,0.3,3605.82
ORD-001503,03-06-2021,08-06-2021,First Class,CUST-00212,Reyansh,Reddy,Corporate,Tier 1,North,Delhi,822896.0,Grocery,Household,650.11,2.0,0.2,58.23
ORD-001504,22-02-2019,23-02-2019,Standard Class,CUST-00117,Isha,Nair,SMB,Village,West,Maharashtra,533552.0,Electronics,Mobiles,49309.75,3.0,0.05,661.58
ORD-001505,19-06-2023,21-06-2023,Standard Class,CUST-00150,Anika,Menon,Consumer,Tier 1,North,Uttar Pradesh,303626.0,Grocery,Snacks,1514.21,5.0,0.05,318.13
ORD-001506,27-10-2022,03-11-2022,Same Day,CUST-00036,Priya,Chatterjee,Corporate,Tier 2,West,Maharashtra,848020.0,Electronics,Accessories,65996.94,4.0,0.05,11444.04
ORD-001507,18-02-2023,24-02-2023,Second Class,CUST-00527,Arjun,Das,SMB,Tier 1,North,Delhi,391755.0,Grocery,Beverages,911.68,3.0,0.05,122.84
ORD-001508,13-10-2020,18-10-2020,Second Class,CUST-00340,Saanvi,Menon,SMB,Tier 2,West,Maharashtra,452058.0,Furniture,Furnishings,17842.39,3.0,0.5,1603.15
ORD-001509,11-04-2020,13-04-2020,First Class,CUST-00260,Isha,Joshi,Consumer,Tier 1,North,Punjab,888692.0,Electronics,Laptops,64021.52,4.0,0.0,11813.0
ORD-001510,18-08-2023,24-08-2023,Standard Class,CUST-00104,Diya,Mukherjee,Consumer,Tier 1,West,Maharashtra,578307.0,Clothing,Womenswear,7533.58,5.0,0.05,1724.95
ORD-001511,09-08-2019,11-08-2019,First Class,CUST-00458,Saanvi,Joshi,SMB,Tier 2,West,Maharashtra,530503.0,Grocery,Snacks,2298.04,4.0,0.0,-29.97
ORD-001512,19-05-2022,23-05-2022,Standard Class,CUST-00512,Isha,Joshi,Consumer,Tier 1,West,Madhya Pradesh,676506.0,Grocery,Staples,674.53,2.0,0.15,39.48
ORD-001513,29-06-2023,01-07-2023,Second Class,CUST-00553,Priya,Chatterjee,Corporate,Tier 1,West,Maharashtra,427689.0,Grocery,Beverages,725.35,2.0,0.3,85.37
ORD-001514,11-01-2021,18-01-2021,Second Class,CUST-00066,Aarav,Iyer,Corporate,Tier 1,West,Maharashtra,870421.0,Grocery,Beverages,397.64,2.0,0.5,19.01
ORD-001515,18-10-2022,22-10-2022,Same Day,CUST-00188,Arjun,Singh,Corporate,Tier 1,West,Madhya Pradesh,168907.0,Clothing,Womenswear,3129.04,5.0,0.1,797.27
ORD-001516,15-07-2021,16-07-2021,Standard Class,CUST-00155,Ishaan,Mukherjee,SMB,Tier 2,West,Madhya Pradesh,172269.0,Electronics,Laptops,43491.56,5.0,0.15,8352.62
ORD-001517,09-08-2022,13-08-2022,Same Day,CUST-00376,Kavya,Bose,Consumer,Tier 2,East,West Bengal,825821.0,Clothing,Kidswear,5395.88,4.0,0.0,1418.41
ORD-001518,02-04-2020,09-04-2020,Standard Class,CUST-00050,Sai,Joshi,Consumer,Tier 1,West,Madhya Pradesh,731081.0,Furniture,Furnishings,14553.55,2.0,0.0,568.43
ORD-001519,03-06-2023,09-06-2023,First Class,CUST-00505,Vihaan,Verma,Corporate,Tier 1,North,Delhi,279455.0,Clothing,Footwear,3916.26,4.0,0.3,512.25
ORD-001520,26-03-2022,29-03-2022,First Class,CUST-00198,Myra,Bose,Consumer,Tier 1,South,Andhra Pradesh,795064.0,Furniture,Storage,23626.99,4.0,0.0,7262.41
ORD-001521,10-04-2023,15-04-2023,Second Class,CUST-00167,Saanvi,Singh,Corporate,Village,North,Delhi,194896.0,Electronics,Mobiles,24528.44,2.0,0.1,3212.01
ORD-001522,28-08-2019,03-09-2019,First Class,CUST-00494,Rohan,Patel,Corporate,Tier 1,West,Madhya Pradesh,,Furniture,Storage,3271.72,1.0,0.2,358.25
ORD-001523,23-07-2019,26-07-2019,Same Day,CUST-00430,Isha,Menon,Corporate,Tier 2,East,Odisha,226555.0,Clothing,Menswear,1119.92,1.0,0.0,176.79
ORD-001524,14-11-2020,16-11-2020,Second Class,CUST-00336,Aadhya,Nair,SMB,Tier 2,North,Haryana,286592.0,Clothing,Footwear,3331.34,2.0,0.1,273.15
ORD-001525,12-06-2020,18-06-2020,First Class,CUST-00367,Isha,Patel,Corporate,Village,South,Andhra Pradesh,335789.0,Clothing,Footwear,4808.8,5.0,0.3,665.2
ORD-001526,01-08-2021,03-08-2021,Same Day,CUST-00295,Krishna,Patel,SMB,Tier 2,East,West Bengal,697149.0,Electronics,Laptops,46231.68,5.0,0.2,4293.92
ORD-001527,11-09-2022,15-09-2022,First Class,CUST-00126,Aditya,Das,SMB,Village,East,Bihar,522663.0,Electronics,Laptops,102375.3,4.0,0.2,7343.4
ORD-001528,04-08-2019,10-08-2019,Second Class,CUST-00068,Diya,Chatterjee,SMB,Tier 2,South,Telangana,248589.0,Furniture,Furnishings,28566.96,5.0,0.1,4578.3
ORD-001529,23-12-2022,29-12-2022,First Class,CUST-00007,Aadhya,Gupta,Consumer,Tier 2,West,Gujarat,508007.0,Furniture,Furnishings,32447.24,5.0,0.1,2827.35
ORD-001530,15-02-2023,18-02-2023,Same Day,CUST-00478,Vivaan,Das,Consumer,Tier 2,North,Uttar Pradesh,140933.0,Clothing,Footwear,2457.05,3.0,0.0,361.05
ORD-001531,07-11-2020,14-11-2020,Second Class,CUST-00554,Aadhya,Mukherjee,Corporate,Tier 1,East,Bihar,472430.0,Clothing,Footwear,2282.47,3.0,0.5,242.83
ORD-001532,29-10-2023,30-10-2023,First Class,CUST-00099,Ishaan,Das,Corporate,Village,West,Madhya Pradesh,230310.0,Clothing,Kidswear,3127.79,3.0,0.0,515.77
ORD-001533,15-10-2019,20-10-2019,First Class,CUST-00455,Arjun,Iyer,Consumer,Village,North,Uttar Pradesh,832055.0,Furniture,Tables,25661.42,5.0,0.2,5390.49
ORD-001534,09-07-2019,13-07-2019,Same Day,CUST-00490,Myra,Rao,SMB,Tier 1,South,Andhra Pradesh,364809.0,Furniture,Storage,11129.56,3.0,0.1,1577.63
ORD-001535,07-06-2023,12-06-2023,First Class,CUST-00384,Krishna,Gupta,SMB,Tier 2,East,Odisha,566050.0,Clothing,Womenswear,3595.74,4.0,0.5,123.85
ORD-001536,25-07-2020,28-07-2020,First Class,CUST-00389,Ishaan,Menon,Corporate,Tier 1,North,Uttar Pradesh,235584.0,Clothing,Kidswear,3686.69,4.0,0.2,249.98
ORD-001537,06-08-2020,10-08-2020,Same Day,CUST-00247,Isha,Menon,Corporate,Tier 1,West,Madhya Pradesh,893608.0,Grocery,Staples,319.13,1.0,0.0,56.82
ORD-001538,19-12-2020,26-12-2020,First Class,CUST-00256,Meera,Iyer,Consumer,Village,South,Kerala,291335.0,Clothing,Footwear,4838.23,3.0,0.0,787.67
ORD-001539,18-04-2023,23-04-2023,Standard Class,CUST-00216,Reyansh,Joshi,Corporate,Tier 1,West,Goa,514391.0,Clothing,Menswear,1003.34,1.0,0.2,186.89
ORD-001540,19-12-2021,23-12-2021,First Class,CUST-00017,Diya,Patel,Corporate,Tier 1,East,West Bengal,819785.0,Furniture,Storage,7685.14,1.0,0.1,1063.74
ORD-001541,05-04-2021,11-04-2021,Second Class,CUST-00090,Rohan,Rao,Consumer,Tier 1,South,Tamil Nadu,679869.0,Furniture,Furnishings,8533.11,3.0,0.3,1135.37
ORD-001542,04-12-2021,11-12-2021,Same Day,CUST-00375,Isha,Bose,SMB,Tier 2,South,Karnataka,394932.0,Electronics,Laptops,26660.39,1.0,0.5,3206.58
ORD-001543,22-04-2022,27-04-2022,First Class,CUST-00525,Ishaan,Reddy,Consumer,Tier 1,North,Haryana,104468.0,Grocery,Beverages,674.7,2.0,0.5,38.55
ORD-001544,16-07-2020,21-07-2020,Second Class,CUST-00009,Ananya,Iyer,SMB,Village,East,Jharkhand,506894.0,Furniture,Tables,24918.2,3.0,0.0,1987.6
ORD-001545,10-07-2020,11-07-2020,First Class,CUST-00247,Isha,Menon,Corporate,Tier 1,West,Madhya Pradesh,625369.0,Grocery,Beverages,958.28,3.0,0.1,184.11
ORD-001546,19-03-2019,25-03-2019,Same Day,CUST-00153,Myra,Gupta,SMB,Tier 1,East,Odisha,698235.0,Furniture,Tables,30695.17,4.0,0.15,4693.3
ORD-001547,28-01-2023,30-01-2023,Same Day,CUST-00305,Vivaan,Nair,SMB,Tier 2,West,Goa,171583.0,Electronics,Cameras,78546.15,5.0,0.2,7737.56
ORD-001548,18-01-2022,23-01-2022,Same Day,CUST-00286,Priya,Das,SMB,Tier 1,South,Tamil Nadu,447593.0,Furniture,Chairs,28821.02,4.0,0.5,4151.55
ORD-001549,14-07-2020,15-07-2020,Second Class,CUST-00139,Priya,Nair,SMB,Tier 2,North,Punjab,130551.0,Electronics,Cameras,82449.83,4.0,0.5,16106.07
ORD-001550,16-12-2023,17-12-2023,Second Class,CUST-00320,Vivaan,Das,SMB,Village,North,Punjab,334843.0,Electronics,Cameras,28788.99,2.0,0.3,5158.4
ORD-001551,25-12-2023,26-12-2023,First Class,CUST-00231,Myra,Iyer,SMB,Tier 2,East,West Bengal,206710.0,Grocery,Snacks,2734.88,5.0,0.0,515.87
ORD-001552,18-12-2023,25-12-2023,Second Class,CUST-00517,Priya,Verma,SMB,Tier 1,South,Karnataka,540148.0,Electronics,Laptops,41948.66,5.0,0.1,3860.86
ORD-001553,03-05-2020,09-05-2020,Second Class,CUST-00561,Kavya,Rao,Corporate,Tier 1,South,Kerala,190605.0,Furniture,Chairs,6041.76,1.0,0.05,1154.71
ORD-001554,07-12-2021,14-12-2021,Same Day,CUST-00491,Arjun,Chatterjee,Consumer,Tier 2,South,Tamil Nadu,727519.0,Grocery,Household,1560.6,4.0,0.05,314.97
ORD-001555,23-12-2021,30-12-2021,Standard Class,CUST-00021,Meera,Reddy,Consumer,Tier 1,South,Andhra Pradesh,780836.0,Clothing,Kidswear,5797.32,4.0,0.3,310.39
ORD-001556,10-05-2021,16-05-2021,Standard Class,CUST-00355,Vivaan,Iyer,Corporate,Tier 1,West,Maharashtra,210807.0,Clothing,Footwear,4852.71,4.0,0.5,251.28
ORD-001557,28-02-2022,06-03-2022,Second Class,CUST-00306,Krishna,Das,Consumer,Village,East,Odisha,478959.0,Grocery,Beverages,454.67,1.0,0.2,80.61
ORD-001558,24-08-2022,29-08-2022,Standard Class,CUST-00550,Rohan,Joshi,Corporate,Tier 1,West,Gujarat,558311.0,Furniture,Furnishings,6489.61,1.0,0.2,1047.32
ORD-001559,08-06-2019,09-06-2019,Standard Class,CUST-00166,Kavya,Verma,SMB,Tier 2,South,Tamil Nadu,132891.0,Grocery,Beverages,1823.59,5.0,0.5,115.32
ORD-001560,10-09-2021,14-09-2021,First Class,CUST-00123,Sai,Mukherjee,Consumer,Village,North,Uttar Pradesh,395143.0,Furniture,Storage,14691.79,2.0,0.0,1534.21
ORD-001561,08-05-2020,15-05-2020,Standard Class,CUST-00019,Vivaan,Chatterjee,Corporate,Tier 2,East,Bihar,704228.0,Clothing,Footwear,740.03,1.0,0.3,45.86
ORD-001562,04-01-2023,08-01-2023,First Class,CUST-00357,Kavya,Rao,Corporate,Village,North,Rajasthan,121958.0,Electronics,Cameras,36081.55,2.0,0.0,3225.25
ORD-001563,12-02-2022,13-02-2022,First Class,CUST-00488,Priya,Verma,SMB,Tier 1,North,Delhi,712369.0,Grocery,Staples,2235.45,5.0,0.3,-13.5
ORD-001564,24-12-2020,30-12-2020,Second Class,CUST-00215,Rohan,Mukherjee,Corporate,Tier 1,South,Tamil Nadu,126179.0,Furniture,Chairs,22881.61,4.0,0.0,4964.58
ORD-001565,20-10-2021,22-10-2021,First Class,CUST-00281,Saanvi,Bose,Consumer,Tier 2,West,Madhya Pradesh,702849.0,Electronics,Cameras,22213.87,3.0,0.1,1919.21
ORD-001566,2022/02/27,28-02-2022,Standard Class,CUST-00088,Ananya,Mukherjee,Corporate,Tier 2,West,Gujarat,851490.0,Grocery,Household,1086.38,3.0,0.0,134.17
ORD-001567,23-05-2020,29-05-2020,Second Class,CUST-00036,Priya,Chatterjee,Corporate,Tier 2,West,Maharashtra,485359.0,Clothing,Footwear,3735.63,4.0,0.15,894.57
ORD-001568,2022/12/08,09-12-2022,Second Class,CUST-00556,Rohan,Verma,Consumer,Village,North,Rajasthan,458765.0,Grocery,Household,230.66,1.0,0.3,28.6
ORD-001569,21-12-2023,27-12-2023,Same Day,CUST-00218,Aarav,Mukherjee,SMB,Tier 1,North,Delhi,322831.0,Electronics,Accessories,35394.83,2.0,0.1,4857.99
ORD-001570,02-01-2019,08-01-2019,Same Day,CUST-00042,Kavya,Das,Corporate,Tier 1,West,Gujarat,365657.0,Electronics,Mobiles,26358.93,2.0,0.05,2706.7
ORD-001571,29-05-2022,31-05-2022,Standard Class,CUST-00508,Anika,Patel,Corporate,Tier 1,West,Goa,675098.0,Clothing,Kidswear,1390.8,1.0,0.0,329.48
ORD-001572,17-12-2021,24-12-2021,Same Day,CUST-00447,Rohan,Rao,Corporate,Tier 2,West,Madhya Pradesh,717459.0,Clothing,Footwear,2848.43,2.0,0.05,209.36
ORD-001573,08-03-2021,12-03-2021,Same Day,CUST-00350,Aarav,Das,SMB,Tier 1,West,Goa,686217.0,Electronics,Cameras,38300.27,3.0,0.0,3756.12
ORD-001574,13-06-2022,20-06-2022,First Class,CUST-00170,Kavya,Patel,Consumer,Tier 1,North,Haryana,278565.0,Electronics,Mobiles,41144.86,4.0,0.3,6080.09
ORD-001575,08-07-2022,12-07-2022,Same Day,CUST-00469,Vivaan,Reddy,SMB,Tier 1,East,West Bengal,848950.0,Furniture,Furnishings,13806.31,2.0,0.0,2056.62
ORD-001576,15-05-2019,17-05-2019,First Class,CUST-00062,Vihaan,Sharma,SMB,Tier 1,North,Uttar Pradesh,183621.0,Furniture,Storage,20259.79,5.0,0.15,-1217.63
ORD-001577,09-11-2020,12-11-2020,Second Class,CUST-00086,Meera,Das,SMB,Tier 2,East,Bihar,798898.0,Grocery,Staples,1289.87,2.0,0.3,268.43
ORD-001578,08-01-2019,15-01-2019,First Class,CUST-00221,Rohan,Reddy,Consumer,Tier 2,East,West Bengal,107211.0,Furniture,Storage,2596.73,3.0,0.5,191.07
ORD-001579,01-08-2019,07-08-2019,First Class,CUST-00538,Ananya,Iyer,Corporate,Tier 1,East,Bihar,219769.0,Clothing,Kidswear,2993.57,2.0,0.15,199.13
ORD-001580,16-08-2021,21-08-2021,First Class,CUST-00213,Ishaan,Mukherjee,Consumer,Tier 2,North,Delhi,707447.0,Clothing,Womenswear,1379.41,3.0,0.2,229.87
ORD-001581,28-09-2021,04-10-2021,Standard Class,CUST-00350,Aarav,Das,SMB,Tier 1,West,Goa,185538.0,Clothing,Menswear,2696.94,2.0,0.1,452.53
ORD-001582,04-05-2020,11-05-2020,Same Day,CUST-00309,Ishaan,Rao,SMB,Village,South,Andhra Pradesh,109165.0,Clothing,Menswear,995.92,3.0,0.15,166.43
ORD-001583,20-01-2020,25-01-2020,First Class,CUST-00328,Saanvi,Gupta,Consumer,Tier 2,North,Uttar Pradesh,166153.0,Electronics,Laptops,68374.82,5.0,0.1,13127.91
ORD-001584,20-05-2022,23-05-2022,Same Day,CUST-00305,Vivaan,Nair,SMB,Tier 2,West,Goa,708335.0,Furniture,Storage,8426.61,1.0,0.3,1825.83
ORD-001585,07-06-2020,10-06-2020,Second Class,CUST-00037,Vihaan,Nair,Corporate,Tier 2,North,Uttar Pradesh,852607.0,Clothing,Footwear,4532.51,3.0,0.1,646.22
ORD-001586,03-01-2022,04-01-2022,Standard Class,CUST-00530,Arjun,Bose,Corporate,Tier 2,North,Uttar Pradesh,152906.0,Grocery,Snacks,1532.25,4.0,0.2,270.63
ORD-001587,04-02-2023,10-02-2023,First Class,CUST-00051,Ananya,Sharma,Consumer,Village,South,Andhra Pradesh,211758.0,Clothing,Footwear,2901.35,2.0,0.0,635.92
ORD-001588,26-12-2019,31-12-2019,Second Class,CUST-00381,Ishaan,Chatterjee,Consumer,Village,South,Tamil Nadu,822390.0,Clothing,Menswear,10291.01,5.0,0.1,2658.05
ORD-001589,21-11-2021,24-11-2021,Second Class,CUST-00155,Ishaan,Mukherjee,SMB,Tier 2,West,Madhya Pradesh,102920.0,Electronics,Mobiles,74061.91,4.0,0.0,15950.26
ORD-001590,18-10-2023,23-10-2023,Second Class,CUST-00446,Kavya,Rao,Corporate,Village,North,Rajasthan,480574.0,Furniture,Tables,17795.22,4.0,0.0,2348.98
ORD-001591,16-11-2023,23-11-2023,Standard Class,CUST-00251,Kavya,Joshi,Corporate,Tier 2,South,Kerala,239167.0,Grocery,Staples,323.6,1.0,0.15,25.62
ORD-001592,2021/09/16,23-09-2021,Second Class,CUST-00216,Reyansh,Joshi,Corporate,Tier 1,West,Goa,115332.0,Clothing,Menswear,1166.58,1.0,0.0,308.42
ORD-001593,18-12-2020,19-12-2020,Second Class,CUST-00078,Aditya,Menon,Consumer,Tier 1,North,Delhi,803228.0,Furniture,Furnishings,25002.15,3.0,0.0,5252.38
ORD-001594,01-01-2023,03-01-2023,Same Day,CUST-00576,Sai,Reddy,Corporate,Tier 2,East,Odisha,405992.0,Electronics,Accessories,69544.42,4.0,0.0,11999.75
ORD-001595,05-02-2019,07-02-2019,Standard Class,CUST-00460,Sai,Das,Consumer,Tier 1,North,Haryana,183317.0,Grocery,Household,635.95,4.0,0.2,74.73
ORD-001596,02-06-2020,05-06-2020,Standard Class,CUST-00507,Vivaan,Chatterjee,Consumer,Tier 2,East,Odisha,549787.0,Furniture,Chairs,26962.31,3.0,0.05,1472.34
ORD-001597,29-09-2019,02-10-2019,Same Day,CUST-00286,Priya,Das,SMB,Tier 1,South,Tamil Nadu,,Clothing,Footwear,3603.03,3.0,0.5,363.51
ORD-001598,16-04-2023,17-04-2023,Standard Class,CUST-00166,Kavya,Verma,SMB,Tier 2,South,Tamil Nadu,281599.0,Furniture,Chairs,20205.19,3.0,0.05,4072.39
ORD-001599,10-02-2022,17-02-2022,First Class,CUST-00476,Priya,Iyer,Consumer,Village,South,Andhra Pradesh,132826.0,Clothing,Menswear,8013.72,5.0,0.0,2340.51
ORD-001600,17-08-2023,22-08-2023,First Class,CUST-00464,Aarav,Joshi,Corporate,Tier 1,East,Jharkhand,863183.0,Electronics,Mobiles,92373.18,4.0,0.05,19076.26
ORD-001601,19-12-2022,24-12-2022,Second Class,CUST-00495,Saanvi,Gupta,Corporate,Tier 2,West,Madhya Pradesh,820171.0,Grocery,Staples,1135.96,4.0,0.5,159.47
ORD-001602,11-12-2020,16-12-2020,Second Class,CUST-00482,Aadhya,Patel,Consumer,Tier 2,West,Maharashtra,486480.0,Electronics,Accessories,21789.99,1.0,0.15,4095.13
ORD-001603,08-01-2019,12-01-2019,Standard Class,CUST-00345,Rohan,Sharma,Corporate,Tier 2,North,Rajasthan,184882.0,Grocery,Snacks,1349.97,5.0,0.1,342.6
ORD-001604,16-12-2019,18-12-2019,,CUST-00295,Krishna,Patel,SMB,Tier 2,East,West Bengal,874968.0,Electronics,Accessories,22313.04,3.0,0.05,2739.19
ORD-001605,2021/03/10,11-03-2021,Standard Class,CUST-00321,Arjun,Rao,Corporate,Tier 1,North,Uttar Pradesh,137657.0,Clothing,Menswear,1096.42,1.0,0.1,214.75
ORD-001606,17-05-2019,24-05-2019,Second Class,CUST-00382,Ananya,Verma,SMB,Tier 1,West,Madhya Pradesh,677901.0,Furniture,Furnishings,5394.37,1.0,0.1,1500.47
ORD-001607,27-05-2020,03-06-2020,Same Day,CUST-00399,Sai,Sharma,Consumer,Tier 2,West,Madhya Pradesh,442117.0,Furniture,Furnishings,3828.62,5.0,0.05,782.39
ORD-001608,2023/02/12,18-02-2023,First Class,CUST-00033,Aadhya,Nair,SMB,Village,East,Bihar,348569.0,Grocery,Snacks,263.61,4.0,0.1,54.73
ORD-001609,21-04-2019,25-04-2019,First Class,CUST-00460,Sai,Das,Consumer,Tier 1,North,Haryana,688277.0,Grocery,Snacks,526.21,2.0,0.3,27.92
ORD-001610,05-02-2021,07-02-2021,Second Class,CUST-00059,Ishaan,Iyer,SMB,Tier 1,North,Delhi,582489.0,Grocery,Household,1295.1,4.0,0.2,175.15
ORD-001611,17-02-2022,22-02-2022,Same Day,CUST-00297,Ishaan,Gupta,SMB,Tier 1,South,Telangana,624287.0,Furniture,Chairs,21585.61,4.0,0.2,1963.91
ORD-001612,26-01-2023,28-01-2023,First Class,CUST-00336,Aadhya,Nair,SMB,Tier 2,North,Haryana,304036.0,Grocery,Staples,489.56,2.0,0.15,88.12
ORD-001613,15-08-2022,18-08-2022,Second Class,CUST-00246,Aadhya,Rao,Corporate,Tier 2,South,Telangana,507661.0,Clothing,Footwear,5317.13,4.0,0.1,720.3
ORD-001614,22-06-2022,29-06-2022,First Class,CUST-00470,Myra,Patel,Corporate,Tier 1,North,Punjab,761437.0,Grocery,Beverages,553.51,1.0,0.0,139.7
ORD-001615,02-02-2023,06-02-2023,,CUST-00442,Krishna,Reddy,Corporate,Tier 1,South,Tamil Nadu,377847.0,Electronics,Cameras,43031.15,2.0,0.2,11096.01
ORD-001616,14-05-2023,18-05-2023,Same Day,CUST-00342,Anika,Bose,SMB,Tier 1,South,Karnataka,657180.0,Grocery,Household,318.26,2.0,0.1,71.86
ORD-001617,29-10-2020,04-11-2020,Standard Class,CUST-00160,Arjun,Iyer,Corporate,Tier 2,West,Goa,248689.0,Furniture,Chairs,23231.21,4.0,0.0,7045.26
ORD-001618,22-06-2019,28-06-2019,Second Class,CUST-00457,Isha,Iyer,SMB,Tier 1,North,Punjab,600429.0,Clothing,Kidswear,6663.04,5.0,0.5,396.49
ORD-001619,16-09-2021,18-09-2021,Second Class,CUST-00116,Kavya,Das,Consumer,Village,South,Andhra Pradesh,207595.0,Grocery,Snacks,378.22,1.0,0.1,125.37
ORD-001620,29-06-2022,30-06-2022,Same Day,CUST-00068,Diya,Chatterjee,SMB,Tier 2,South,Telangana,173511.0,Furniture,Furnishings,9536.63,2.0,0.2,1071.64
ORD-001621,30-06-2021,06-07-2021,First Class,CUST-00469,Vivaan,Reddy,SMB,Tier 1,East,West Bengal,476069.0,Electronics,Mobiles,18493.71,1.0,0.5,684.51
ORD-001622,03-03-2023,04-03-2023,Same Day,CUST-00478,Vivaan,Das,Consumer,Tier 2,North,Uttar Pradesh,104631.0,Grocery,Household,984.81,3.0,0.15,228.7
ORD-001623,12-04-2023,18-04-2023,Standard Class,CUST-00398,Kavya,Nair,SMB,Tier 1,West,Madhya Pradesh,217920.0,Grocery,Household,563.74,1.0,0.0,155.6
ORD-001624,11-04-2023,12-04-2023,First Class,CUST-00067,Aadhya,Patel,Consumer,Village,West,Maharashtra,890072.0,Electronics,Laptops,67853.63,5.0,0.5,3629.88
ORD-001625,16-07-2021,17-07-2021,Standard Class,CUST-00536,Ishaan,Patel,SMB,Tier 2,West,Madhya Pradesh,660494.0,Electronics,Accessories,74165.42,5.0,0.0,7728.58
ORD-001626,31-05-2020,05-06-2020,Standard Class,CUST-00322,Saanvi,Iyer,Corporate,Tier 2,East,Bihar,146567.0,Furniture,Tables,7863.17,1.0,0.5,810.81
ORD-001627,07-11-2023,08-11-2023,Same Day,CUST-00368,Priya,Mukherjee,SMB,Tier 1,East,Odisha,813943.0,Clothing,Menswear,5303.31,4.0,0.3,383.57
ORD-001628,05-01-2020,12-01-2020,Same Day,CUST-00334,Aditya,Nair,SMB,Tier 2,East,Bihar,391815.0,Furniture,Furnishings,7959.84,1.0,0.2,981.97
ORD-001629,09-06-2023,14-06-2023,Same Day,CUST-00153,Myra,Gupta,SMB,Tier 1,East,Odisha,509873.0,Clothing,Menswear,1473.45,1.0,0.1,161.42
ORD-001630,26-05-2020,01-06-2020,Second Class,CUST-00479,Priya,Verma,Consumer,Tier 2,West,Maharashtra,493992.0,Clothing,Menswear,365.3,1.0,0.0,104.9
ORD-001631,06-09-2019,11-09-2019,Second Class,CUST-00306,Krishna,Das,Consumer,Village,East,Odisha,278526.0,Electronics,Accessories,17449.13,4.0,0.3,3509.96
ORD-001632,27-03-2021,30-03-2021,Same Day,CUST-00309,Ishaan,Rao,SMB,Village,South,Andhra Pradesh,487061.0,Furniture,Tables,57903.96,5.0,0.05,3589.12
ORD-001633,08-02-2021,15-02-2021,First Class,CUST-00110,Diya,Gupta,SMB,Tier 1,East,Odisha,583924.0,Grocery,Beverages,1082.78,3.0,0.2,199.74
ORD-001634,22-09-2020,23-09-2020,Same Day,CUST-00148,Sai,Singh,Consumer,Tier 2,East,Odisha,195227.0,Electronics,Mobiles,20364.38,1.0,0.5,2985.26
ORD-001635,02-01-2020,07-01-2020,Second Class,CUST-00537,Meera,Nair,Consumer,Tier 2,South,Kerala,422869.0,Grocery,Beverages,253.52,1.0,0.5,15.87
ORD-001636,16-02-2020,23-02-2020,Second Class,CUST-00506,Meera,Sharma,Consumer,Tier 2,East,Jharkhand,765969.0,Grocery,Beverages,2780.18,5.0,0.15,242.65
ORD-001637,13-03-2019,20-03-2019,Standard Class,CUST-00411,Sai,Bose,SMB,Village,North,Punjab,317468.0,Clothing,Menswear,5483.04,4.0,0.0,418.26
ORD-001638,15-12-2020,16-12-2020,Same Day,CUST-00578,Priya,Nair,Corporate,Tier 1,West,Maharashtra,474154.0,Furniture,Tables,6921.86,1.0,0.3,1105.01
ORD-001639,24-11-2019,25-11-2019,First Class,CUST-00121,Sai,Rao,SMB,Tier 1,North,Delhi,808239.0,Clothing,Womenswear,5632.26,4.0,0.15,1037.28
ORD-001640,24-06-2020,28-06-2020,Second Class,CUST-00554,Aadhya,Mukherjee,Corporate,Tier 1,East,Bihar,494535.0,Furniture,Tables,21622.24,5.0,0.05,3741.05
ORD-001641,27-02-2019,03-03-2019,Second Class,CUST-00591,Aarav,Joshi,SMB,Tier 1,East,Jharkhand,846445.0,Electronics,Mobiles,60833.48,4.0,0.1,11932.85
ORD-001642,30-06-2022,04-07-2022,Standard Class,CUST-00198,Myra,Bose,Consumer,Tier 1,South,Andhra Pradesh,744719.0,Grocery,Beverages,2576.8,5.0,0.5,192.32
ORD-001643,04-05-2019,08-05-2019,First Class,CUST-00126,Aditya,Das,SMB,Village,East,Bihar,814138.0,Furniture,Chairs,15139.32,2.0,0.05,2431.38
ORD-001644,11-06-2021,17-06-2021,Second Class,CUST-00296,Aadhya,Menon,SMB,Tier 2,South,Telangana,532553.0,Clothing,Menswear,1570.17,1.0,0.0,161.13
ORD-001645,30-10-2020,06-11-2020,First Class,CUST-00133,Arjun,Bose,Corporate,Tier 2,South,Telangana,563599.0,Grocery,Beverages,369.1,1.0,0.05,71.17
ORD-001646,22-12-2023,28-12-2023,Same Day,CUST-00443,Kavya,Chatterjee,Consumer,Tier 1,South,Karnataka,505405.0,Electronics,Mobiles,16958.59,1.0,0.0,1165.8
ORD-001647,07-02-2022,09-02-2022,First Class,CUST-00575,Vihaan,Menon,Consumer,Tier 1,North,Haryana,395558.0,Clothing,Menswear,2799.06,2.0,0.3,420.82
ORD-001648,30-01-2020,01-02-2020,First Class,CUST-00244,Meera,Menon,Consumer,Village,West,Madhya Pradesh,584143.0,Furniture,Furnishings,5987.15,1.0,0.1,813.28
ORD-001649,24-02-2023,28-02-2023,Standard Class,CUST-00041,Sai,Singh,SMB,Tier 2,South,Telangana,494162.0,Clothing,Footwear,1770.85,1.0,0.1,532.7
ORD-001650,14-06-2022,17-06-2022,First Class,CUST-00244,Meera,Menon,Consumer,Village,West,Madhya Pradesh,885055.0,Grocery,Snacks,553.24,1.0,0.5,20.12
ORD-001651,2022/09/29,30-09-2022,Second Class,CUST-00430,Isha,Menon,Corporate,Tier 2,East,Odisha,612564.0,Electronics,Accessories,44568.01,2.0,0.0,1231.44
ORD-001652,06-12-2022,13-12-2022,First Class,CUST-00528,Kavya,Patel,Corporate,Tier 2,North,Punjab,144449.0,Electronics,Accessories,90499.76,5.0,0.15,21302.57
ORD-001653,07-01-2022,09-01-2022,First Class,CUST-00390,Isha,Chatterjee,Corporate,Tier 2,North,Delhi,157174.0,Furniture,Storage,4433.67,1.0,0.0,716.81
ORD-001654,21-07-2020,22-07-2020,First Class,CUST-00290,Isha,Verma,Corporate,Tier 1,East,Jharkhand,534059.0,Grocery,Snacks,973.22,4.0,0.1,127.93
ORD-001655,24-10-2023,25-10-2023,Standard Class,CUST-00266,Vihaan,Gupta,Corporate,Tier 1,East,Bihar,855468.0,Furniture,Furnishings,5462.07,2.0,0.1,1240.39
ORD-001656,24-11-2020,01-12-2020,First Class,CUST-00462,Myra,Chatterjee,SMB,Tier 1,West,Maharashtra,186707.0,Grocery,Beverages,1316.36,3.0,0.0,229.73
ORD-001657,29-08-2022,04-09-2022,Standard Class,CUST-00221,Rohan,Reddy,Consumer,Tier 2,East,West Bengal,474726.0,Grocery,Staples,323.03,2.0,0.0,68.28
ORD-001658,04-05-2019,11-05-2019,Second Class,CUST-00237,Vivaan,Das,Consumer,Tier 1,North,Rajasthan,834015.0,Electronics,Mobiles,26336.3,4.0,0.5,1267.45
ORD-001659,23-01-2021,26-01-2021,Second Class,CUST-00462,Myra,Chatterjee,SMB,Tier 1,West,Maharashtra,873394.0,Grocery,Staples,698.52,3.0,0.0,213.32
ORD-001660,25-08-2023,29-08-2023,First Class,CUST-00069,Saanvi,Sharma,Corporate,Tier 2,North,Punjab,280872.0,Clothing,Footwear,2303.71,2.0,0.0,859.39
ORD-001661,26-05-2023,30-05-2023,Standard Class,CUST-00075,Rohan,Das,Corporate,Tier 1,North,Delhi,171109.0,Electronics,Accessories,75527.38,5.0,0.5,9082.19
ORD-001662,28-01-2021,02-02-2021,Same Day,CUST-00138,Priya,Iyer,Corporate,Tier 2,West,Maharashtra,422226.0,Clothing,Footwear,1389.96,1.0,0.15,190.46
ORD-001663,19-07-2020,23-07-2020,Same Day,CUST-00200,Ananya,Reddy,Corporate,Tier 1,East,Bihar,597607.0,Clothing,Womenswear,841.74,1.0,0.0,148.64
ORD-001664,03-11-2020,10-11-2020,Same Day,CUST-00553,Priya,Chatterjee,Corporate,Tier 1,West,Maharashtra,841838.0,Clothing,Footwear,1943.35,3.0,0.0,168.99
ORD-001665,20-05-2020,25-05-2020,Standard Class,CUST-00183,Myra,Menon,Corporate,Tier 2,West,Maharashtra,101877.0,Electronics,Cameras,109210.5,4.0,0.3,20187.28
ORD-001666,16-03-2023,21-03-2023,Same Day,CUST-00171,Ishaan,Nair,Consumer,Village,East,Bihar,385057.0,Electronics,Accessories,39968.43,2.0,0.3,5301.74
ORD-001667,22-07-2023,24-07-2023,Standard Class,CUST-00379,Diya,Chatterjee,SMB,Tier 1,South,Andhra Pradesh,194684.0,Grocery,Snacks,1836.52,3.0,0.15,314.11
ORD-001668,30-05-2021,06-06-2021,Same Day,CUST-00275,Rohan,Singh,Corporate,Tier 1,East,Jharkhand,324847.0,Grocery,Snacks,732.92,2.0,0.1,137.5
ORD-001669,25-08-2023,30-08-2023,First Class,CUST-00185,Aditya,Rao,Consumer,Tier 2,West,Gujarat,546585.0,Grocery,Staples,1464.96,3.0,0.2,264.43
ORD-001670,02-03-2023,03-03-2023,First Class,CUST-00584,Myra,Chatterjee,SMB,Village,East,Bihar,619703.0,Furniture,Tables,12177.07,2.0,0.15,76.39
ORD-001671,29-06-2023,03-07-2023,Standard Class,CUST-00219,Reyansh,Iyer,Consumer,Tier 1,West,Maharashtra,528006.0,Furniture,Storage,7430.17,1.0,0.5,970.65
ORD-001672,09-04-2020,10-04-2020,First Class,CUST-00595,Vihaan,Sharma,Corporate,Tier 2,South,Telangana,,Electronics,Mobiles,87838.74,5.0,0.1,20351.41
ORD-001673,19-08-2022,21-08-2022,First Class,CUST-00120,Arjun,Mukherjee,SMB,Village,West,Maharashtra,840943.0,Clothing,Kidswear,1123.72,1.0,0.3,153.36
ORD-001674,03-10-2019,09-10-2019,Same Day,CUST-00575,Vihaan,Menon,Consumer,Tier 1,North,Haryana,780512.0,Furniture,Tables,10294.34,3.0,0.1,2273.93
ORD-001675,17-10-2023,23-10-2023,Same Day,CUST-00364,Rohan,Bose,Corporate,Tier 2,West,Gujarat,808145.0,Clothing,Menswear,1732.04,1.0,0.05,346.19
ORD-001676,02-08-2019,05-08-2019,Same Day,CUST-00453,Aditya,Patel,SMB,Village,South,Andhra Pradesh,228773.0,Grocery,Beverages,606.92,3.0,0.0,95.98
ORD-001677,25-11-2020,30-11-2020,First Class,CUST-00322,Saanvi,Iyer,Corporate,Tier 2,East,Bihar,189891.0,Electronics,Laptops,32925.73,2.0,0.05,8465.95
ORD-001678,28-12-2023,31-12-2023,Standard Class,CUST-00501,Vivaan,Rao,Consumer,Tier 2,North,Delhi,177647.0,Furniture,Storage,4381.49,1.0,0.0,1019.09
ORD-001679,17-07-2021,18-07-2021,Same Day,CUST-00482,Aadhya,Patel,Consumer,Tier 2,West,Maharashtra,508064.0,Furniture,Chairs,11813.77,2.0,0.2,2117.21
ORD-001680,07-01-2020,09-01-2020,Second Class,CUST-00588,Saanvi,Sharma,Corporate,Tier 2,North,Rajasthan,389741.0,Electronics,Mobiles,21817.13,1.0,0.05,4286.92
ORD-001681,24-06-2021,26-06-2021,Same Day,CUST-00251,Kavya,Joshi,Corporate,Tier 2,South,Kerala,732437.0,Clothing,Footwear,8203.07,5.0,0.15,1497.8
ORD-001682,10-10-2023,11-10-2023,Second Class,CUST-00509,Aadhya,Gupta,Consumer,Tier 2,South,Karnataka,709952.0,Grocery,Snacks,1973.65,4.0,0.0,671.23
ORD-001683,04-12-2022,05-12-2022,First Class,CUST-00212,Reyansh,Reddy,Corporate,Tier 1,North,Delhi,,Furniture,Storage,30746.74,4.0,0.2,3276.51
ORD-001684,13-12-2019,19-12-2019,Second Class,CUST-00581,Aditya,Sharma,Corporate,Tier 1,East,Jharkhand,220984.0,Electronics,Cameras,40065.0,2.0,0.3,6083.44
ORD-001685,27-03-2023,29-03-2023,Second Class,CUST-00452,Saanvi,Menon,SMB,Tier 1,North,Rajasthan,505280.0,Grocery,Staples,1342.98,3.0,0.5,147.03
ORD-001686,17-02-2020,23-02-2020,Second Class,CUST-00084,Aditya,Verma,Consumer,Tier 1,South,Andhra Pradesh,177368.0,Electronics,Accessories,132087.76,5.0,0.5,6141.36
ORD-001687,11-03-2023,18-03-2023,First Class,CUST-00271,Vihaan,Reddy,SMB,Village,East,West Bengal,345209.0,Electronics,Cameras,20163.71,1.0,0.15,2562.8
ORD-001688,05-06-2021,06-06-2021,Standard Class,CUST-00008,Anika,Chatterjee,Consumer,Tier 1,South,Telangana,567874.0,Grocery,Household,690.38,2.0,0.0,113.75
ORD-001689,27-10-2019,31-10-2019,First Class,CUST-00163,Priya,Sharma,SMB,Tier 1,South,Kerala,637475.0,Clothing,Womenswear,3886.09,2.0,0.5,246.98
ORD-001690,02-01-2023,05-01-2023,Second Class,CUST-00539,Isha,Chatterjee,SMB,Tier 1,South,Telangana,228055.0,Grocery,Staples,1434.02,5.0,0.0,206.12
ORD-001691,03-04-2022,08-04-2022,Standard Class,CUST-00344,Aadhya,Chatterjee,Corporate,Tier 2,South,Andhra Pradesh,122532.0,Clothing,Womenswear,2950.3,4.0,0.5,369.35
ORD-001692,20-03-2019,25-03-2019,Second Class,CUST-00282,Aadhya,Mukherjee,Consumer,Tier 1,West,Madhya Pradesh,652300.0,Grocery,Household,479.51,1.0,0.15,88.46
ORD-001693,09-07-2020,13-07-2020,First Class,CUST-00525,Ishaan,Reddy,Consumer,Tier 1,North,Haryana,346116.0,Grocery,Staples,970.86,3.0,0.5,118.48
ORD-001694,09-01-2022,15-01-2022,First Class,CUST-00457,Isha,Iyer,SMB,Tier 1,North,Punjab,312707.0,Furniture,Tables,18362.1,4.0,0.1,3704.34
ORD-001695,09-03-2020,12-03-2020,Same Day,CUST-00242,Ananya,Bose,Consumer,Tier 1,West,Madhya Pradesh,674668.0,Furniture,Furnishings,10709.97,2.0,0.05,2633.68
ORD-001696,14-01-2023,20-01-2023,Standard Class,CUST-00061,Kavya,Menon,SMB,Tier 2,East,Odisha,896760.0,Clothing,Womenswear,540.0,1.0,0.1,42.33
ORD-001697,12-09-2020,16-09-2020,Standard Class,CUST-00143,Ananya,Rao,Corporate,Tier 2,South,Andhra Pradesh,314338.0,Grocery,Staples,1709.85,5.0,0.05,183.63
ORD-001698,16-03-2022,20-03-2022,Second Class,CUST-00118,Aditya,Sharma,Corporate,Tier 1,North,Uttar Pradesh,268022.0,Furniture,Chairs,10317.83,2.0,0.2,286.97
ORD-001699,28-12-2021,30-12-2021,,CUST-00110,Diya,Gupta,SMB,Tier 1,East,Odisha,653963.0,Furniture,Chairs,15068.19,2.0,0.1,3004.79
ORD-001700,20-09-2020,26-09-2020,Second Class,CUST-00211,Anika,Menon,Corporate,Tier 1,North,Rajasthan,743826.0,Clothing,Kidswear,1618.58,4.0,0.1,236.1
ORD-001701,27-11-2022,28-11-2022,Standard Class,CUST-00043,Ananya,Singh,SMB,Tier 2,South,Tamil Nadu,307806.0,Electronics,Cameras,9342.83,2.0,0.1,2340.21
ORD-001702,28-02-2019,06-03-2019,Second Class,CUST-00417,Rohan,Reddy,Corporate,Tier 1,South,Kerala,643796.0,Electronics,Laptops,85181.7,5.0,0.0,11973.04
ORD-001703,11-01-2021,15-01-2021,Second Class,CUST-00100,Myra,Verma,Consumer,Tier 1,East,Bihar,,Furniture,Chairs,29682.5,4.0,0.2,6008.98
ORD-001704,03-11-2020,08-11-2020,Standard Class,CUST-00013,Priya,Menon,Consumer,Tier 2,South,Kerala,518758.0,Furniture,Chairs,22613.55,3.0,0.15,2472.8
ORD-001705,26-09-2020,28-09-2020,Second Class,CUST-00184,Anika,Gupta,SMB,Tier 1,South,Karnataka,871558.0,Electronics,Laptops,82435.2,4.0,0.1,18636.35
ORD-001706,17-05-2021,24-05-2021,First Class,CUST-00325,Aditya,Bose,Consumer,Tier 1,South,Tamil Nadu,155301.0,Grocery,Household,1841.58,4.0,0.0,403.36
ORD-001707,07-01-2023,11-01-2023,Same Day,CUST-00191,Ishaan,Menon,Corporate,Tier 1,West,Goa,286042.0,Furniture,Storage,51242.18,5.0,0.1,10884.61
ORD-001708,07-11-2020,14-11-2020,Standard Class,CUST-00211,Anika,Menon,Corporate,Tier 1,North,Rajasthan,137918.0,Grocery,Beverages,650.2,4.0,0.1,74.38
ORD-001709,08-04-2021,15-04-2021,Standard Class,CUST-00595,Vihaan,Sharma,Corporate,Tier 2,South,Telangana,,Furniture,Furnishings,10952.08,1.0,0.2,1737.14
ORD-001710,18-10-2019,19-10-2019,Second Class,CUST-00301,Kavya,Menon,Consumer,Tier 1,North,Rajasthan,389597.0,Furniture,Furnishings,4545.11,1.0,0.5,301.93
ORD-001711,05-08-2021,08-08-2021,Same Day,CUST-00367,Isha,Patel,Corporate,Village,South,Andhra Pradesh,564054.0,Grocery,Beverages,1266.45,3.0,0.0,262.21
ORD-001712,09-03-2019,11-03-2019,Standard Class,CUST-00516,Priya,Nair,SMB,Tier 2,East,Bihar,891161.0,Grocery,Household,1166.17,4.0,0.0,74.36
ORD-001713,06-05-2019,09-05-2019,First Class,CUST-00118,Aditya,Sharma,Corporate,Tier 1,North,Uttar Pradesh,209703.0,Furniture,Furnishings,10568.01,3.0,0.0,2190.38
ORD-001714,19-06-2021,22-06-2021,Second Class,CUST-00506,Meera,Sharma,Consumer,Tier 2,East,Jharkhand,561762.0,Grocery,Snacks,1112.28,3.0,0.3,158.29
ORD-001715,03-05-2020,06-05-2020,Second Class,CUST-00068,Diya,Chatterjee,SMB,Tier 2,South,Telangana,433894.0,Furniture,Furnishings,3063.69,1.0,0.1,215.15
ORD-001716,19-09-2022,26-09-2022,First Class,CUST-00510,Vihaan,Chatterjee,Consumer,Tier 1,South,Karnataka,510852.0,Furniture,Chairs,7502.04,1.0,0.15,-319.47
ORD-001717,29-09-2020,30-09-2020,First Class,CUST-00591,Aarav,Joshi,SMB,Tier 1,East,Jharkhand,550318.0,Grocery,Staples,1241.43,5.0,0.3,132.69
ORD-001718,24-05-2019,29-05-2019,First Class,CUST-00538,Ananya,Iyer,Corporate,Tier 1,East,Bihar,315326.0,Clothing,Womenswear,1114.94,1.0,0.0,165.58
ORD-001719,29-04-2022,30-04-2022,Second Class,CUST-00086,Meera,Das,SMB,Tier 2,East,Bihar,353045.0,Electronics,Cameras,59297.13,4.0,0.05,9349.16
ORD-001720,13-11-2021,16-11-2021,First Class,CUST-00345,Rohan,Sharma,Corporate,Tier 2,North,Rajasthan,508720.0,Clothing,Menswear,7264.28,5.0,0.3,217.57
ORD-001721,23-08-2019,25-08-2019,Second Class,CUST-00088,Ananya,Mukherjee,Corporate,Tier 2,West,Gujarat,207378.0,Grocery,Snacks,1115.43,3.0,0.05,258.12
ORD-001722,22-09-2021,29-09-2021,Same Day,CUST-00019,Vivaan,Chatterjee,Corporate,Tier 2,East,Bihar,745302.0,Electronics,Mobiles,12578.21,1.0,0.05,2640.15
ORD-001723,17-09-2022,24-09-2022,First Class,CUST-00145,Aadhya,Singh,Consumer,Tier 2,West,Maharashtra,613089.0,Clothing,Kidswear,4346.09,3.0,0.0,784.49
ORD-001724,13-07-2021,15-07-2021,First Class,CUST-00195,Aditya,Gupta,Consumer,Tier 1,North,Punjab,581354.0,Electronics,Laptops,77477.63,4.0,0.2,20372.71
ORD-001725,29-08-2022,05-09-2022,Same Day,CUST-00315,Diya,Iyer,Corporate,Tier 2,North,Delhi,582791.0,Furniture,Storage,11583.38,2.0,0.0,3614.6
ORD-001726,23-06-2020,28-06-2020,First Class,CUST-00161,Aarav,Verma,Consumer,Tier 2,North,Rajasthan,617614.0,Grocery,Household,1039.07,2.0,0.1,207.52
ORD-001727,15-02-2020,18-02-2020,Standard Class,CUST-00241,Kavya,Sharma,Consumer,Tier 1,West,Gujarat,896614.0,Furniture,Chairs,15205.91,4.0,0.5,1451.57
ORD-001728,27-12-2020,30-12-2020,Standard Class,CUST-00038,Aditya,Chatterjee,Consumer,Tier 2,South,Andhra Pradesh,486532.0,Electronics,Mobiles,26817.21,2.0,0.05,-88.43
ORD-001729,28-10-2020,31-10-2020,First Class,CUST-00447,Rohan,Rao,Corporate,Tier 2,West,Madhya Pradesh,234719.0,Electronics,Accessories,71964.47,5.0,0.0,12429.34
ORD-001730,2022/03/14,21-03-2022,Same Day,CUST-00029,Reyansh,Verma,Corporate,Tier 2,West,Gujarat,669109.0,Electronics,Cameras,94935.91,5.0,0.15,12317.34
ORD-001731,16-08-2021,19-08-2021,First Class,CUST-00194,Diya,Singh,SMB,Tier 1,North,Haryana,752320.0,Clothing,Footwear,7670.63,5.0,0.15,1073.52
ORD-001732,23-07-2020,25-07-2020,First Class,CUST-00239,Myra,Menon,Corporate,Tier 2,East,Jharkhand,136688.0,Grocery,Staples,655.78,3.0,0.3,107.27
ORD-001733,16-01-2023,17-01-2023,First Class,CUST-00415,Myra,Reddy,Corporate,Village,West,Madhya Pradesh,243321.0,Grocery,Beverages,906.7,3.0,0.05,120.22
ORD-001734,27-02-2023,06-03-2023,Same Day,CUST-00177,Meera,Chatterjee,Corporate,Tier 1,South,Karnataka,614168.0,Electronics,Laptops,26303.39,2.0,0.0,5788.47
ORD-001735,11-02-2023,13-02-2023,Second Class,CUST-00360,Anika,Verma,SMB,Village,East,Bihar,519890.0,Clothing,Kidswear,567.35,1.0,0.0,75.24
ORD-001736,05-05-2023,08-05-2023,Same Day,CUST-00324,Meera,Sharma,Corporate,Tier 2,North,Delhi,803606.0,Electronics,Accessories,100953.97,5.0,0.3,14252.64
ORD-001737,12-02-2019,13-02-2019,Same Day,CUST-00236,Diya,Gupta,Corporate,Tier 1,West,Madhya Pradesh,753166.0,Grocery,Household,1343.38,4.0,0.15,227.25
ORD-001738,23-05-2022,25-05-2022,Standard Class,CUST-00402,Meera,Chatterjee,Consumer,Village,East,Odisha,207851.0,Clothing,Footwear,3131.73,5.0,0.0,571.95
ORD-001739,08-06-2021,13-06-2021,Second Class,CUST-00444,Sai,Sharma,Corporate,Tier 1,East,Odisha,638057.0,Furniture,Storage,31577.41,5.0,0.0,536.34
ORD-001740,24-05-2021,25-05-2021,Same Day,CUST-00334,Aditya,Nair,SMB,Tier 2,East,Bihar,423854.0,Furniture,Tables,18877.88,4.0,0.1,4468.91
ORD-001741,06-09-2021,10-09-2021,Second Class,CUST-00087,Aadhya,Iyer,SMB,Village,East,Odisha,500877.0,Electronics,Cameras,48260.2,3.0,0.1,10168.03
ORD-001742,06-10-2022,12-10-2022,Standard Class,CUST-00096,Arjun,Singh,SMB,Tier 2,West,Maharashtra,894729.0,Furniture,Furnishings,6818.56,2.0,0.0,1396.1
ORD-001743,17-06-2023,24-06-2023,Standard Class,CUST-00054,Myra,Patel,Corporate,Tier 2,West,Maharashtra,103867.0,Electronics,Mobiles,49896.24,5.0,0.1,13090.01
ORD-001744,07-12-2022,11-12-2022,Second Class,CUST-00194,Diya,Singh,SMB,Tier 1,North,Haryana,252914.0,Clothing,Menswear,1963.76,2.0,0.5,126.26
ORD-001745,25-03-2023,28-03-2023,Second Class,CUST-00503,Sai,Bose,Consumer,Tier 1,West,Goa,178605.0,Furniture,Chairs,26569.93,5.0,0.5,2112.43
ORD-001746,28-09-2021,29-09-2021,First Class,CUST-00179,Anika,Patel,Consumer,Tier 2,West,Maharashtra,113250.0,Electronics,Accessories,55314.54,3.0,0.2,11098.55
ORD-001747,2021/05/17,24-05-2021,Same Day,CUST-00011,Myra,Iyer,Corporate,Tier 1,North,Uttar Pradesh,535871.0,Grocery,Beverages,1748.09,3.0,0.5,117.11
ORD-001748,2021/04/18,23-04-2021,Second Class,CUST-00088,Ananya,Mukherjee,Corporate,Tier 2,West,Gujarat,774856.0,Clothing,Womenswear,5925.48,4.0,0.5,664.31
ORD-001749,11-04-2023,12-04-2023,First Class,CUST-00021,Meera,Reddy,Consumer,Tier 1,South,Andhra Pradesh,602446.0,Grocery,Snacks,827.82,3.0,0.2,176.96
ORD-001750,30-09-2023,03-10-2023,Second Class,CUST-00599,Sai,Reddy,Consumer,Tier 1,West,Gujarat,861679.0,Electronics,Cameras,10617.77,1.0,0.0,2194.34
ORD-001751,16-03-2023,23-03-2023,First Class,CUST-00151,Ananya,Gupta,Corporate,Tier 2,West,Maharashtra,705582.0,Electronics,Cameras,43346.54,3.0,0.2,7432.91
ORD-001752,13-09-2019,18-09-2019,Same Day,CUST-00343,Rohan,Rao,SMB,Tier 2,South,Tamil Nadu,137248.0,Electronics,Mobiles,65087.82,4.0,0.3,8508.66
ORD-001753,05-01-2021,07-01-2021,Second Class,CUST-00492,Priya,Bose,SMB,Tier 1,West,Maharashtra,801923.0,Clothing,Footwear,4045.75,4.0,0.3,367.45
ORD-001754,12-01-2019,16-01-2019,Second Class,CUST-00316,Reyansh,Iyer,SMB,Tier 2,North,Delhi,829148.0,Electronics,Mobiles,27605.06,2.0,0.0,6294.93
ORD-001755,26-04-2023,27-04-2023,Standard Class,CUST-00231,Myra,Iyer,SMB,Tier 2,East,West Bengal,180210.0,Furniture,Tables,42615.08,5.0,0.0,6023.29
ORD-001756,24-02-2022,28-02-2022,First Class,CUST-00386,Ishaan,Verma,Corporate,Tier 2,North,Delhi,314616.0,Electronics,Laptops,28221.27,5.0,0.5,3532.53
ORD-001757,20-08-2019,22-08-2019,Second Class,CUST-00163,Priya,Sharma,SMB,Tier 1,South,Kerala,185815.0,Grocery,Staples,475.26,1.0,0.0,103.1
ORD-001758,29-07-2020,02-08-2020,Second Class,CUST-00004,Rohan,Iyer,SMB,Tier 2,West,Goa,696088.0,Furniture,Chairs,3605.09,1.0,0.0,473.62
ORD-001759,30-09-2020,07-10-2020,First Class,CUST-00542,Diya,Bose,Consumer,Tier 2,North,Delhi,228034.0,Clothing,Footwear,1573.52,4.0,0.15,142.67
ORD-001760,10-08-2019,17-08-2019,Same Day,CUST-00040,Aarav,Patel,Corporate,Tier 1,South,Kerala,815586.0,Furniture,Chairs,17950.21,2.0,0.1,3418.71
ORD-001761,02-04-2023,03-04-2023,Standard Class,CUST-00516,Priya,Nair,SMB,Tier 2,East,Bihar,140477.0,Furniture,Furnishings,6855.75,2.0,0.2,1410.66
ORD-001762,03-04-2019,09-04-2019,First Class,CUST-00317,Priya,Verma,Consumer,Tier 1,South,Telangana,683793.0,Clothing,Footwear,1095.21,1.0,0.3,42.29
ORD-001763,12-07-2023,17-07-2023,Standard Class,CUST-00476,Priya,Iyer,Consumer,Village,South,Andhra Pradesh,256348.0,Electronics,Laptops,20986.63,1.0,0.05,4407.15
ORD-001764,08-08-2019,13-08-2019,Standard Class,CUST-00451,Aadhya,Reddy,Consumer,Village,West,Maharashtra,871052.0,Electronics,Accessories,65218.7,4.0,0.3,11507.47
ORD-001765,07-08-2019,10-08-2019,First Class,CUST-00177,Meera,Chatterjee,Corporate,Tier 1,South,Karnataka,413156.0,Furniture,Furnishings,9385.21,2.0,0.0,2178.5
ORD-001766,08-11-2019,11-11-2019,Same Day,CUST-00129,Ananya,Sharma,Consumer,Village,East,West Bengal,154493.0,Electronics,Cameras,26215.17,2.0,0.5,2597.49
ORD-001767,05-10-2019,06-10-2019,Same Day,CUST-00288,Vihaan,Singh,Corporate,Tier 1,North,Rajasthan,249911.0,Furniture,Storage,6448.94,1.0,0.15,283.15
ORD-001768,08-04-2023,12-04-2023,First Class,CUST-00456,Vivaan,Chatterjee,Corporate,Tier 2,North,Rajasthan,266495.0,Electronics,Mobiles,94531.7,4.0,0.0,2411.84
ORD-001769,11-07-2022,14-07-2022,Same Day,CUST-00469,Vivaan,Reddy,SMB,Tier 1,East,West Bengal,118684.0,Electronics,Mobiles,24436.52,3.0,0.1,3958.51
ORD-001770,24-05-2023,25-05-2023,Same Day,CUST-00286,Priya,Das,SMB,Tier 1,South,Tamil Nadu,716023.0,Grocery,Snacks,2329.18,5.0,0.15,-3.39
ORD-001771,11-04-2022,14-04-2022,Standard Class,CUST-00421,Aadhya,Bose,SMB,Tier 2,North,Rajasthan,885943.0,Furniture,Chairs,25430.83,4.0,0.15,6226.15
ORD-001772,03-10-2021,04-10-2021,First Class,CUST-00336,Aadhya,Nair,SMB,Tier 2,North,Haryana,491419.0,Grocery,Snacks,1975.7,4.0,0.2,349.95
ORD-001773,02-07-2020,03-07-2020,First Class,CUST-00346,Priya,Rao,Consumer,Tier 2,South,Telangana,786412.0,Clothing,Kidswear,1911.13,1.0,0.0,137.41
ORD-001774,02-03-2023,04-03-2023,Same Day,CUST-00309,Ishaan,Rao,SMB,Village,South,Andhra Pradesh,414418.0,Grocery,Staples,1127.18,2.0,0.0,238.98
ORD-001775,05-04-2020,09-04-2020,Second Class,CUST-00504,Kavya,Mukherjee,Consumer,Tier 1,South,Tamil Nadu,342843.0,Clothing,Kidswear,955.25,1.0,0.05,73.19
ORD-001776,13-02-2020,16-02-2020,,CUST-00172,Priya,Mukherjee,Corporate,Tier 2,West,Gujarat,752250.0,Electronics,Laptops,98529.49,5.0,0.15,13962.0
ORD-001777,29-08-2020,03-09-2020,Same Day,CUST-00364,Rohan,Bose,Corporate,Tier 2,West,Gujarat,456262.0,Clothing,Menswear,1871.79,2.0,0.1,405.76
ORD-001778,03-03-2023,09-03-2023,Same Day,CUST-00597,Ananya,Gupta,Corporate,Tier 2,South,Tamil Nadu,667610.0,Furniture,Storage,31031.05,5.0,0.5,1814.58
ORD-001779,09-03-2021,13-03-2021,Standard Class,CUST-00182,Aarav,Bose,Consumer,Tier 2,South,Karnataka,398880.0,Electronics,Accessories,87810.18,4.0,0.5,5243.74
ORD-001780,09-11-2020,14-11-2020,Same Day,CUST-00439,Saanvi,Menon,Consumer,Tier 2,North,Haryana,878376.0,Furniture,Tables,21499.28,3.0,0.15,5119.86
ORD-001781,06-06-2021,10-06-2021,Standard Class,CUST-00065,Ananya,Nair,SMB,Tier 2,West,Gujarat,124811.0,Electronics,Mobiles,18153.2,3.0,0.5,1865.81
ORD-001782,17-05-2022,18-05-2022,Standard Class,CUST-00249,Ananya,Verma,Consumer,Tier 1,North,Haryana,272929.0,Clothing,Menswear,4170.49,3.0,0.2,255.64
ORD-001783,29-06-2019,02-07-2019,Same Day,CUST-00330,Aditya,Joshi,Consumer,Tier 2,South,Karnataka,337574.0,Furniture,Tables,4622.78,1.0,0.5,293.52
ORD-001784,10-11-2022,11-11-2022,Second Class,CUST-00189,Aadhya,Das,Corporate,Village,South,Karnataka,606354.0,Furniture,Chairs,6149.14,1.0,0.3,853.98
ORD-001785,27-08-2021,03-09-2021,Same Day,CUST-00505,Vihaan,Verma,Corporate,Tier 1,North,Delhi,792791.0,Clothing,Womenswear,2753.15,2.0,0.1,678.98
ORD-001786,17-04-2019,23-04-2019,Same Day,CUST-00419,Priya,Nair,Consumer,Tier 1,East,West Bengal,577582.0,Furniture,Tables,30407.1,5.0,0.2,6011.38
ORD-001787,29-08-2019,03-09-2019,Same Day,CUST-00084,Aditya,Verma,Consumer,Tier 1,South,Andhra Pradesh,816011.0,Grocery,Snacks,2598.5,4.0,0.5,311.66
ORD-001788,28-06-2023,30-06-2023,Same Day,CUST-00070,Saanvi,Patel,Consumer,Tier 2,South,Telangana,185566.0,Furniture,Furnishings,14314.57,4.0,0.0,3888.92
ORD-001789,08-08-2022,15-08-2022,Same Day,CUST-00191,Ishaan,Menon,Corporate,Tier 1,West,Goa,819355.0,Grocery,Staples,630.6,2.0,0.5,92.41
ORD-001790,21-01-2023,25-01-2023,First Class,CUST-00088,Ananya,Mukherjee,Corporate,Tier 2,West,Gujarat,324920.0,Clothing,Kidswear,244.61,1.0,0.0,44.83
ORD-001791,07-09-2023,14-09-2023,First Class,CUST-00353,Rohan,Iyer,Consumer,Tier 1,East,West Bengal,767594.0,Clothing,Menswear,3843.59,3.0,0.0,940.44
ORD-001792,18-01-2022,24-01-2022,,CUST-00083,Aarav,Gupta,SMB,Tier 2,East,Jharkhand,701351.0,Grocery,Beverages,516.52,1.0,0.15,77.69
ORD-001793,18-10-2023,24-10-2023,Second Class,CUST-00455,Arjun,Iyer,Consumer,Village,North,Uttar Pradesh,883038.0,Furniture,Storage,11493.84,4.0,0.0,946.21
ORD-001794,08-05-2022,10-05-2022,Second Class,CUST-00552,Aadhya,Nair,Corporate,Tier 2,East,Bihar,320384.0,Furniture,Tables,42425.49,5.0,0.0,3489.62
ORD-001795,10-07-2019,17-07-2019,Standard Class,CUST-00350,Aarav,Das,SMB,Tier 1,West,Goa,555008.0,Clothing,Kidswear,4601.25,4.0,0.5,441.32
ORD-001796,2022/09/15,20-09-2022,Same Day,CUST-00021,Meera,Reddy,Consumer,Tier 1,South,Andhra Pradesh,568979.0,Grocery,Beverages,1272.09,5.0,0.2,134.61
ORD-001797,29-07-2022,30-07-2022,,CUST-00056,Arjun,Verma,SMB,Tier 1,West,Maharashtra,304941.0,Clothing,Footwear,961.53,1.0,0.0,250.62
ORD-001798,24-03-2022,31-03-2022,First Class,CUST-00121,Sai,Rao,SMB,Tier 1,North,Delhi,794443.0,Furniture,Storage,17068.39,3.0,0.0,1803.63
ORD-001799,2021/03/10,13-03-2021,Same Day,CUST-00008,Anika,Chatterjee,Consumer,Tier 1,South,Telangana,137772.0,Grocery,Household,1011.13,3.0,0.1,63.99
ORD-001800,15-01-2022,18-01-2022,Second Class,CUST-00137,Priya,Patel,SMB,Tier 1,East,Odisha,389316.0,Grocery,Staples,702.75,2.0,0.15,80.14
ORD-001801,11-06-2022,14-06-2022,Second Class,CUST-00468,Isha,Iyer,Corporate,Village,East,Odisha,209265.0,Grocery,Beverages,1367.52,3.0,0.05,251.5
ORD-001802,08-09-2022,10-09-2022,First Class,CUST-00357,Kavya,Rao,Corporate,Village,North,Rajasthan,502432.0,Grocery,Beverages,426.34,1.0,0.15,64.55
ORD-001803,22-07-2020,24-07-2020,First Class,CUST-00418,Kavya,Nair,SMB,Tier 1,North,Haryana,602470.0,Grocery,Snacks,1032.91,2.0,0.0,280.24
ORD-001804,31-10-2020,02-11-2020,Second Class,CUST-00493,Kavya,Menon,Consumer,Tier 1,East,Bihar,620832.0,Electronics,Laptops,48097.02,4.0,0.15,12540.15
ORD-001805,25-10-2023,28-10-2023,Standard Class,CUST-00051,Ananya,Sharma,Consumer,Village,South,Andhra Pradesh,100547.0,Furniture,Chairs,7042.26,1.0,0.0,596.07
ORD-001806,03-04-2020,09-04-2020,Same Day,CUST-00437,Myra,Gupta,SMB,Tier 1,South,Andhra Pradesh,207926.0,Furniture,Tables,19952.52,3.0,0.0,3046.95
ORD-001807,29-04-2023,04-05-2023,First Class,CUST-00136,Rohan,Bose,Consumer,Tier 1,West,Gujarat,727832.0,Furniture,Tables,21284.94,4.0,0.1,4836.74
ORD-001808,08-07-2021,10-07-2021,Standard Class,CUST-00487,Vihaan,Bose,Corporate,Tier 2,South,Tamil Nadu,641389.0,Grocery,Snacks,756.73,2.0,0.5,41.84
ORD-001809,18-01-2022,24-01-2022,Same Day,CUST-00440,Rohan,Das,SMB,Tier 1,North,Rajasthan,793007.0,Grocery,Staples,464.28,2.0,0.5,60.53
ORD-001810,29-03-2021,04-04-2021,Second Class,CUST-00527,Arjun,Das,SMB,Tier 1,North,Delhi,147133.0,Furniture,Furnishings,4771.21,1.0,0.2,1468.38
ORD-001811,05-04-2023,06-04-2023,First Class,CUST-00360,Anika,Verma,SMB,Village,East,Bihar,132020.0,Electronics,Cameras,24727.16,3.0,0.0,4110.35
ORD-001812,09-05-2021,10-05-2021,First Class,CUST-00275,Rohan,Singh,Corporate,Tier 1,East,Jharkhand,101995.0,Furniture,Tables,22900.72,3.0,0.1,4515.14
ORD-001813,10-04-2022,11-04-2022,Same Day,CUST-00186,Aarav,Reddy,SMB,Tier 1,East,West Bengal,531038.0,Furniture,Storage,26781.33,5.0,0.3,2442.93
ORD-001814,10-03-2022,16-03-2022,Second Class,CUST-00495,Saanvi,Gupta,Corporate,Tier 2,West,Madhya Pradesh,420608.0,Clothing,Footwear,3526.07,2.0,0.0,660.08
ORD-001815,13-04-2023,16-04-2023,Second Class,CUST-00469,Vivaan,Reddy,SMB,Tier 1,East,West Bengal,831094.0,Furniture,Tables,38696.3,5.0,0.3,5863.97
ORD-001816,01-06-2022,08-06-2022,Standard Class,CUST-00059,Ishaan,Iyer,SMB,Tier 1,North,Delhi,313181.0,Clothing,Womenswear,2037.57,2.0,0.05,477.53
ORD-001817,04-02-2020,07-02-2020,Second Class,CUST-00104,Diya,Mukherjee,Consumer,Tier 1,West,Maharashtra,223309.0,Clothing,Menswear,2197.09,2.0,0.5,128.85
ORD-001818,19-03-2020,26-03-2020,First Class,CUST-00079,Ishaan,Das,Corporate,Tier 1,East,Jharkhand,591081.0,Electronics,Laptops,10771.71,1.0,0.5,1281.96
ORD-001819,23-08-2023,30-08-2023,Second Class,CUST-00254,Vihaan,Gupta,Corporate,Tier 1,West,Maharashtra,175933.0,Furniture,Storage,30494.53,4.0,0.0,828.41
ORD-001820,30-06-2021,07-07-2021,Same Day,CUST-00044,Aarav,Sharma,SMB,Tier 2,East,West Bengal,242871.0,Furniture,Chairs,9317.3,1.0,0.2,1235.55
ORD-001821,24-06-2022,26-06-2022,First Class,CUST-00181,Sai,Joshi,Corporate,Tier 1,West,Maharashtra,479672.0,Grocery,Snacks,2505.52,3.0,0.3,391.53
ORD-001822,18-09-2019,23-09-2019,Second Class,CUST-00597,Ananya,Gupta,Corporate,Tier 2,South,Tamil Nadu,739343.0,Grocery,Household,1904.89,5.0,0.2,242.88
ORD-001823,25-06-2021,28-06-2021,Standard Class,CUST-00497,Aadhya,Joshi,Consumer,Tier 2,North,Haryana,281783.0,Grocery,Snacks,261.01,1.0,0.2,38.5
ORD-001824,21-04-2019,25-04-2019,First Class,CUST-00044,Aarav,Sharma,SMB,Tier 2,East,West Bengal,849976.0,Electronics,Cameras,145602.16,5.0,0.2,32518.27
ORD-001825,2020/03/10,16-03-2020,Same Day,CUST-00206,Diya,Patel,Corporate,Tier 2,South,Andhra Pradesh,224005.0,Grocery,Household,837.36,2.0,0.2,97.03
ORD-001826,21-01-2023,27-01-2023,First Class,CUST-00118,Aditya,Sharma,Corporate,Tier 1,North,Uttar Pradesh,745814.0,Furniture,Tables,9223.47,2.0,0.3,290.08
ORD-001827,16-08-2022,18-08-2022,Second Class,CUST-00107,Priya,Nair,SMB,Tier 1,South,Telangana,725869.0,Clothing,Menswear,3350.63,5.0,0.05,676.35
ORD-001828,06-11-2021,10-11-2021,First Class,CUST-00345,Rohan,Sharma,Corporate,Tier 2,North,Rajasthan,533572.0,Electronics,Accessories,14966.34,1.0,0.0,1486.77
ORD-001829,21-11-2021,26-11-2021,Second Class,CUST-00120,Arjun,Mukherjee,SMB,Village,West,Maharashtra,286603.0,Electronics,Mobiles,21384.78,1.0,0.1,3236.39
ORD-001830,31-01-2022,01-02-2022,Same Day,CUST-00483,Isha,Singh,Corporate,Tier 2,East,Jharkhand,170802.0,Clothing,Footwear,672.58,2.0,0.1,153.43
ORD-001831,30-10-2022,05-11-2022,Second Class,CUST-00466,Krishna,Iyer,Consumer,Tier 2,East,Odisha,793826.0,Grocery,Household,2656.3,5.0,0.5,-35.26
ORD-001832,12-08-2020,15-08-2020,First Class,CUST-00378,Aadhya,Reddy,Corporate,Tier 1,North,Haryana,375475.0,Electronics,Mobiles,65697.65,5.0,0.0,9931.29
ORD-001833,11-03-2019,15-03-2019,Second Class,CUST-00347,Aditya,Mukherjee,Corporate,Tier 1,East,West Bengal,329875.0,Furniture,Tables,26780.97,5.0,0.15,5163.97
ORD-001834,08-02-2023,11-02-2023,Standard Class,CUST-00275,Rohan,Singh,Corporate,Tier 1,East,Jharkhand,718396.0,Electronics,Laptops,83606.24,4.0,0.5,11044.59
ORD-001835,13-12-2019,20-12-2019,Second Class,CUST-00341,Vihaan,Patel,SMB,Village,South,Karnataka,492043.0,Electronics,Accessories,12583.4,1.0,0.0,2877.51
ORD-001836,09-11-2023,14-11-2023,Standard Class,CUST-00166,Kavya,Verma,SMB,Tier 2,South,Tamil Nadu,,Electronics,Mobiles,26248.01,5.0,0.2,5141.06
ORD-001837,27-08-2020,31-08-2020,Second Class,CUST-00359,Rohan,Rao,Corporate,Tier 2,North,Delhi,882448.0,Grocery,Beverages,2028.89,4.0,0.15,429.43
ORD-001838,07-01-2020,10-01-2020,Standard Class,CUST-00460,Sai,Das,Consumer,Tier 1,North,Haryana,147584.0,Electronics,Cameras,58529.44,4.0,0.2,4625.09
ORD-001839,27-07-2020,29-07-2020,Standard Class,CUST-00133,Arjun,Bose,Corporate,Tier 2,South,Telangana,430283.0,Grocery,Snacks,1217.42,3.0,0.0,173.5
ORD-001840,14-04-2022,16-04-2022,Same Day,CUST-00546,Ishaan,Patel,SMB,Tier 1,East,Jharkhand,678333.0,Grocery,Snacks,569.37,2.0,0.05,123.15
ORD-001841,06-09-2023,10-09-2023,Second Class,CUST-00377,Kavya,Das,Consumer,Village,North,Punjab,133713.0,Furniture,Tables,7111.22,2.0,0.15,1118.73
ORD-001842,15-06-2022,20-06-2022,Standard Class,CUST-00541,Vivaan,Reddy,Consumer,Tier 1,West,Madhya Pradesh,495944.0,Clothing,Menswear,4792.91,3.0,0.15,821.06
ORD-001843,03-05-2019,04-05-2019,Same Day,CUST-00577,Sai,Nair,Corporate,Tier 1,North,Uttar Pradesh,206180.0,Furniture,Furnishings,11196.77,3.0,0.3,1158.35
ORD-001844,28-12-2020,30-12-2020,First Class,CUST-00558,Aarav,Singh,SMB,Tier 2,East,West Bengal,595985.0,Furniture,Furnishings,18683.89,3.0,0.2,3960.77
ORD-001845,17-12-2020,18-12-2020,,CUST-00330,Aditya,Joshi,Consumer,Tier 2,South,Karnataka,752866.0,Electronics,Cameras,77055.83,4.0,0.0,5484.84
ORD-001846,24-06-2020,25-06-2020,Same Day,CUST-00213,Ishaan,Mukherjee,Consumer,Tier 2,North,Delhi,257038.0,Furniture,Chairs,11294.39,4.0,0.05,2253.84
ORD-001847,03-12-2020,06-12-2020,Second Class,CUST-00269,Arjun,Joshi,SMB,Tier 2,North,Punjab,627412.0,Furniture,Tables,21509.17,2.0,0.3,3754.2
ORD-001848,08-05-2021,15-05-2021,Same Day,CUST-00442,Krishna,Reddy,Corporate,Tier 1,South,Tamil Nadu,728095.0,Clothing,Womenswear,3481.9,4.0,0.2,468.05
ORD-001849,09-08-2019,14-08-2019,Standard Class,CUST-00494,Rohan,Patel,Corporate,Tier 1,West,Madhya Pradesh,609101.0,Grocery,Snacks,367.51,2.0,0.0,58.57
ORD-001850,10-02-2019,12-02-2019,Standard Class,CUST-00166,Kavya,Verma,SMB,Tier 2,South,Tamil Nadu,318059.0,Grocery,Snacks,304.65,1.0,0.5,29.84
ORD-001851,2021/10/25,31-10-2021,First Class,CUST-00331,Sai,Verma,Corporate,Tier 1,North,Punjab,439751.0,Grocery,Household,1798.6,3.0,0.3,194.78
ORD-001852,22-10-2020,23-10-2020,Standard Class,CUST-00198,Myra,Bose,Consumer,Tier 1,South,Andhra Pradesh,481487.0,Furniture,Chairs,17783.14,3.0,0.15,2653.12
ORD-001853,26-03-2023,29-03-2023,Same Day,CUST-00561,Kavya,Rao,Corporate,Tier 1,South,Kerala,310725.0,Electronics,Laptops,78552.29,4.0,0.3,2646.94
ORD-001854,29-05-2019,30-05-2019,Same Day,CUST-00239,Myra,Menon,Corporate,Tier 2,East,Jharkhand,177115.0,Clothing,Womenswear,2711.8,2.0,0.2,330.99
ORD-001855,09-03-2020,11-03-2020,Same Day,CUST-00239,Myra,Menon,Corporate,Tier 2,East,Jharkhand,594815.0,Clothing,Footwear,964.05,3.0,0.0,100.62
ORD-001856,16-03-2019,20-03-2019,Standard Class,CUST-00423,Sai,Bose,Consumer,Tier 1,South,Telangana,682567.0,Clothing,Menswear,9653.78,4.0,0.1,1645.64
ORD-001857,17-11-2022,24-11-2022,Same Day,CUST-00066,Aarav,Iyer,Corporate,Tier 1,West,Maharashtra,236546.0,Furniture,Tables,36937.08,5.0,0.15,7180.34
ORD-001858,10-03-2020,13-03-2020,First Class,CUST-00173,Isha,Joshi,Corporate,Tier 2,East,Odisha,899770.0,Furniture,Chairs,25276.6,4.0,0.3,5263.4
ORD-001859,19-05-2021,22-05-2021,Standard Class,CUST-00516,Priya,Nair,SMB,Tier 2,East,Bihar,315006.0,Grocery,Beverages,1709.51,3.0,0.0,200.82
ORD-001860,01-02-2020,06-02-2020,Same Day,CUST-00318,Meera,Bose,Consumer,Tier 2,North,Haryana,167681.0,Clothing,Footwear,1306.1,2.0,0.2,176.61
ORD-001861,02-08-2022,07-08-2022,First Class,CUST-00172,Priya,Mukherjee,Corporate,Tier 2,West,Gujarat,319746.0,Electronics,Accessories,49747.56,4.0,0.5,2513.38
ORD-001862,12-05-2023,19-05-2023,Second Class,CUST-00526,Aarav,Gupta,SMB,Tier 1,East,Bihar,318654.0,Grocery,Beverages,700.5,2.0,0.0,209.73
ORD-001863,30-08-2022,05-09-2022,First Class,CUST-00009,Ananya,Iyer,SMB,Village,East,Jharkhand,214066.0,Electronics,Laptops,79545.26,5.0,0.05,12081.84
ORD-001864,25-08-2021,26-08-2021,Standard Class,CUST-00183,Myra,Menon,Corporate,Tier 2,West,Maharashtra,237685.0,Electronics,Laptops,87480.25,5.0,0.05,10805.67
ORD-001865,21-07-2022,24-07-2022,Same Day,CUST-00215,Rohan,Mukherjee,Corporate,Tier 1,South,Tamil Nadu,521816.0,Furniture,Furnishings,36067.44,5.0,0.5,4173.64
ORD-001866,27-10-2022,31-10-2022,Same Day,CUST-00192,Meera,Chatterjee,Corporate,Tier 2,East,West Bengal,822191.0,Furniture,Chairs,29343.19,3.0,0.5,3872.03
ORD-001867,03-02-2023,08-02-2023,Same Day,CUST-00401,Myra,Patel,SMB,Tier 1,North,Delhi,128936.0,Electronics,Laptops,21307.57,2.0,0.0,2890.04
ORD-001868,07-06-2021,12-06-2021,First Class,CUST-00564,Ananya,Joshi,SMB,Tier 1,North,Uttar Pradesh,452576.0,Grocery,Household,638.99,1.0,0.0,45.24
ORD-001869,17-06-2019,18-06-2019,Standard Class,CUST-00150,Anika,Menon,Consumer,Tier 1,North,Uttar Pradesh,885569.0,Clothing,Menswear,1727.23,1.0,0.5,89.22
ORD-001870,27-11-2023,28-11-2023,First Class,CUST-00212,Reyansh,Reddy,Corporate,Tier 1,North,Delhi,549561.0,Furniture,Storage,14341.61,3.0,0.05,3222.64
ORD-001871,13-11-2021,14-11-2021,Second Class,CUST-00588,Saanvi,Sharma,Corporate,Tier 2,North,Rajasthan,677755.0,Grocery,Beverages,610.73,3.0,0.1,138.66
ORD-001872,10-03-2019,12-03-2019,,CUST-00128,Vihaan,Verma,SMB,Tier 2,East,Jharkhand,509181.0,Clothing,Kidswear,1765.6,1.0,0.5,243.02
ORD-001873,03-07-2023,09-07-2023,Standard Class,CUST-00502,Anika,Sharma,Corporate,Tier 1,West,Goa,706042.0,Electronics,Mobiles,81173.65,5.0,0.0,10372.64
ORD-001874,14-11-2023,16-11-2023,First Class,CUST-00426,Meera,Singh,SMB,Tier 1,South,Telangana,553860.0,Electronics,Laptops,54556.31,5.0,0.15,7615.02
ORD-001875,05-03-2021,07-03-2021,Second Class,CUST-00277,Saanvi,Bose,Consumer,Tier 1,North,Punjab,633375.0,Clothing,Kidswear,4468.06,3.0,0.5,565.76
ORD-001876,14-03-2019,15-03-2019,First Class,CUST-00488,Priya,Verma,SMB,Tier 1,North,Delhi,735178.0,Electronics,Accessories,64639.43,5.0,0.2,2075.08
ORD-001877,10-05-2019,14-05-2019,Standard Class,CUST-00133,Arjun,Bose,Corporate,Tier 2,South,Telangana,390209.0,Grocery,Staples,1750.27,3.0,0.2,244.61
ORD-001878,24-01-2019,29-01-2019,Standard Class,CUST-00135,Rohan,Singh,SMB,Tier 1,South,Andhra Pradesh,374785.0,Furniture,Storage,50221.66,5.0,0.5,6539.21
ORD-001879,18-06-2022,23-06-2022,First Class,CUST-00072,Ishaan,Joshi,Corporate,Village,North,Uttar Pradesh,502712.0,Electronics,Cameras,38379.95,2.0,0.5,3441.46
ORD-001880,01-11-2023,03-11-2023,Same Day,CUST-00434,Anika,Das,Consumer,Tier 1,North,Rajasthan,594838.0,Grocery,Beverages,389.58,1.0,0.05,27.47
ORD-001881,20-09-2019,26-09-2019,First Class,CUST-00440,Rohan,Das,SMB,Tier 1,North,Rajasthan,334197.0,Grocery,Household,403.58,1.0,0.0,60.94
ORD-001882,12-10-2021,19-10-2021,Standard Class,CUST-00047,Priya,Joshi,SMB,Tier 2,North,Punjab,,Clothing,Footwear,2184.01,1.0,0.2,436.46
ORD-001883,28-05-2021,01-06-2021,Same Day,CUST-00388,Reyansh,Sharma,Consumer,Tier 2,West,Goa,134050.0,Clothing,Womenswear,5562.5,4.0,0.05,65.17
ORD-001884,28-06-2020,30-06-2020,First Class,CUST-00208,Meera,Nair,Consumer,Tier 1,North,Punjab,373576.0,Grocery,Household,1406.45,3.0,0.2,250.94
ORD-001885,2021/10/16,22-10-2021,Second Class,CUST-00075,Rohan,Das,Corporate,Tier 1,North,Delhi,424079.0,Grocery,Beverages,2185.23,5.0,0.1,554.83
ORD-001886,26-09-2020,27-09-2020,Second Class,CUST-00449,Diya,Singh,Corporate,Tier 2,South,Telangana,125120.0,Electronics,Mobiles,13310.73,1.0,0.3,290.95
ORD-001887,30-05-2022,31-05-2022,Same Day,CUST-00432,Rohan,Das,SMB,Tier 1,South,Karnataka,,Grocery,Beverages,1485.14,3.0,0.2,194.83
ORD-001888,25-07-2020,30-07-2020,Standard Class,CUST-00545,Ananya,Rao,Consumer,Tier 1,South,Kerala,387047.0,Grocery,Beverages,787.08,1.0,0.1,75.38
ORD-001889,11-10-2022,18-10-2022,Second Class,CUST-00133,Arjun,Bose,Corporate,Tier 2,South,Telangana,553832.0,Clothing,Footwear,8694.63,5.0,0.0,1788.71
ORD-001890,2022/10/04,10-10-2022,First Class,CUST-00220,Aarav,Mukherjee,Consumer,Tier 2,North,Delhi,773097.0,Electronics,Laptops,15688.21,1.0,0.0,1568.56
ORD-001891,01-02-2023,08-02-2023,Same Day,CUST-00500,Priya,Joshi,Corporate,Tier 1,North,Haryana,607633.0,Clothing,Menswear,1948.41,1.0,0.05,209.15
ORD-001892,21-06-2022,27-06-2022,Same Day,CUST-00555,Vihaan,Sharma,SMB,Tier 1,North,Haryana,170203.0,Furniture,Furnishings,35058.12,4.0,0.2,7980.52
ORD-001893,26-01-2021,27-01-2021,First Class,CUST-00240,Diya,Menon,SMB,Tier 2,North,Haryana,710906.0,Electronics,Mobiles,60307.3,4.0,0.05,11758.93
ORD-001894,01-06-2019,06-06-2019,First Class,CUST-00339,Reyansh,Iyer,Consumer,Tier 1,North,Delhi,879104.0,Grocery,Household,532.42,1.0,0.1,102.74
ORD-001895,30-09-2022,05-10-2022,Same Day,CUST-00211,Anika,Menon,Corporate,Tier 1,North,Rajasthan,193271.0,Electronics,Cameras,69683.93,5.0,0.05,15418.97
ORD-001896,14-10-2022,19-10-2022,First Class,CUST-00288,Vihaan,Singh,Corporate,Tier 1,North,Rajasthan,270225.0,Electronics,Laptops,18520.07,4.0,0.2,3447.05
ORD-001897,29-06-2020,01-07-2020,Standard Class,CUST-00599,Sai,Reddy,Consumer,Tier 1,West,Gujarat,790998.0,Clothing,Womenswear,1029.87,1.0,0.0,89.2
ORD-001898,24-11-2023,01-12-2023,Same Day,CUST-00582,Reyansh,Chatterjee,Consumer,Village,North,Uttar Pradesh,196195.0,Clothing,Kidswear,2272.08,2.0,0.2,257.52
ORD-001899,18-09-2023,23-09-2023,First Class,CUST-00156,Diya,Mukherjee,SMB,Tier 1,East,West Bengal,409076.0,Grocery,Snacks,371.69,1.0,0.3,76.61
ORD-001900,27-01-2020,30-01-2020,First Class,CUST-00498,Ananya,Chatterjee,Consumer,Tier 1,West,Maharashtra,210740.0,Electronics,Laptops,93676.58,5.0,0.0,14274.84
ORD-001901,25-04-2023,26-04-2023,Standard Class,CUST-00215,Rohan,Mukherjee,Corporate,Tier 1,South,Tamil Nadu,231603.0,Grocery,Snacks,1742.28,3.0,0.2,206.8
ORD-001902,25-05-2023,26-05-2023,,CUST-00437,Myra,Gupta,SMB,Tier 1,South,Andhra Pradesh,208935.0,Electronics,Accessories,74078.78,4.0,0.1,19299.36
ORD-001903,22-03-2021,26-03-2021,Second Class,CUST-00370,Rohan,Gupta,Corporate,Tier 1,South,Tamil Nadu,730029.0,Grocery,Beverages,516.94,1.0,0.0,41.81
ORD-001904,07-12-2020,13-12-2020,First Class,CUST-00510,Vihaan,Chatterjee,Consumer,Tier 1,South,Karnataka,,Grocery,Staples,565.26,1.0,0.0,101.47
ORD-001905,18-08-2020,20-08-2020,First Class,CUST-00092,Isha,Chatterjee,SMB,Tier 2,East,Jharkhand,769299.0,Electronics,Mobiles,11093.37,1.0,0.0,1102.22
ORD-001906,26-03-2023,01-04-2023,Same Day,CUST-00416,Priya,Rao,SMB,Tier 1,North,Punjab,389618.0,Clothing,Womenswear,5555.31,4.0,0.3,930.29
ORD-001907,03-04-2020,07-04-2020,First Class,CUST-00426,Meera,Singh,SMB,Tier 1,South,Telangana,899949.0,Electronics,Mobiles,39608.93,2.0,0.1,7167.09
ORD-001908,12-02-2022,17-02-2022,Standard Class,CUST-00424,Rohan,Bose,Consumer,Tier 1,East,Bihar,581956.0,Furniture,Storage,8359.81,1.0,0.0,1284.94
ORD-001909,04-09-2023,10-09-2023,Same Day,CUST-00342,Anika,Bose,SMB,Tier 1,South,Karnataka,575729.0,Furniture,Storage,16449.7,3.0,0.2,2099.06
ORD-001910,10-08-2023,17-08-2023,Same Day,CUST-00163,Priya,Sharma,SMB,Tier 1,South,Kerala,566832.0,Grocery,Beverages,392.11,2.0,0.3,63.56
ORD-001911,04-04-2020,07-04-2020,First Class,CUST-00394,Meera,Das,Corporate,Tier 2,West,Madhya Pradesh,505978.0,Furniture,Tables,6060.34,1.0,0.5,646.58
ORD-001912,08-08-2022,10-08-2022,Same Day,CUST-00038,Aditya,Chatterjee,Consumer,Tier 2,South,Andhra Pradesh,221972.0,Grocery,Household,886.25,2.0,0.3,188.68
ORD-001913,2020/09/24,01-10-2020,Standard Class,CUST-00520,Ananya,Bose,Corporate,Tier 2,East,Odisha,172573.0,Furniture,Tables,5403.79,1.0,0.5,599.74
ORD-001914,14-10-2021,21-10-2021,Standard Class,CUST-00169,Reyansh,Iyer,Consumer,Tier 1,North,Uttar Pradesh,354350.0,Grocery,Beverages,2378.99,5.0,0.0,160.54
ORD-001915,20-08-2019,22-08-2019,Standard Class,CUST-00405,Priya,Verma,SMB,Tier 2,West,Gujarat,640121.0,Clothing,Womenswear,3650.02,2.0,0.2,623.49
ORD-001916,20-11-2021,26-11-2021,Same Day,CUST-00469,Vivaan,Reddy,SMB,Tier 1,East,West Bengal,693744.0,Clothing,Kidswear,5086.24,5.0,0.0,2063.84
ORD-001917,11-09-2021,12-09-2021,First Class,CUST-00170,Kavya,Patel,Consumer,Tier 1,North,Haryana,597985.0,Clothing,Kidswear,6665.33,5.0,0.15,1505.14
ORD-001918,20-12-2021,22-12-2021,Second Class,CUST-00007,Aadhya,Gupta,Consumer,Tier 2,West,Gujarat,551261.0,Electronics,Accessories,14040.65,1.0,0.15,327.35
ORD-001919,16-12-2020,23-12-2020,Same Day,CUST-00568,Arjun,Singh,SMB,Tier 2,North,Punjab,467046.0,Clothing,Womenswear,1869.56,1.0,0.2,304.06
ORD-001920,08-04-2019,15-04-2019,Standard Class,CUST-00419,Priya,Nair,Consumer,Tier 1,East,West Bengal,524148.0,Furniture,Tables,17299.76,3.0,0.15,2360.0
ORD-001921,31-01-2022,04-02-2022,First Class,CUST-00120,Arjun,Mukherjee,SMB,Village,West,Maharashtra,802414.0,Grocery,Staples,472.78,1.0,0.3,60.6
ORD-001922,30-05-2019,02-06-2019,Second Class,CUST-00231,Myra,Iyer,SMB,Tier 2,East,West Bengal,557124.0,Electronics,Cameras,43779.1,3.0,0.0,6618.21
ORD-001923,20-01-2020,22-01-2020,First Class,CUST-00523,Isha,Singh,Corporate,Tier 2,West,Gujarat,751777.0,Electronics,Mobiles,130221.6,5.0,0.05,43887.11
ORD-001924,20-03-2020,26-03-2020,First Class,CUST-00217,Aadhya,Nair,Consumer,Tier 2,West,Gujarat,473675.0,Grocery,Household,192.05,1.0,0.3,27.24
ORD-001925,10-08-2022,12-08-2022,Same Day,CUST-00435,Sai,Iyer,Corporate,Village,South,Tamil Nadu,142009.0,Clothing,Kidswear,2949.08,2.0,0.3,785.41
ORD-001926,03-09-2023,10-09-2023,Standard Class,CUST-00186,Aarav,Reddy,SMB,Tier 1,East,West Bengal,699590.0,Grocery,Snacks,513.87,1.0,0.2,100.15
ORD-001927,12-01-2020,17-01-2020,Standard Class,CUST-00369,Sai,Patel,SMB,Tier 2,East,Odisha,240837.0,Grocery,Snacks,1469.35,3.0,0.1,362.34
ORD-001928,26-09-2021,02-10-2021,Standard Class,CUST-00566,Rohan,Singh,SMB,Village,North,Punjab,161227.0,Grocery,Household,1528.36,4.0,0.0,135.83
ORD-001929,20-10-2019,22-10-2019,Same Day,CUST-00340,Saanvi,Menon,SMB,Tier 2,West,Maharashtra,,Clothing,Kidswear,2263.1,3.0,0.05,523.87
ORD-001930,26-12-2019,28-12-2019,Same Day,CUST-00374,Saanvi,Iyer,Corporate,Tier 1,North,Uttar Pradesh,679972.0,Furniture,Tables,25132.1,3.0,0.5,2805.26
ORD-001931,14-12-2022,17-12-2022,Second Class,CUST-00492,Priya,Bose,SMB,Tier 1,West,Maharashtra,411602.0,Furniture,Furnishings,29294.63,5.0,0.15,6726.97
ORD-001932,04-12-2022,08-12-2022,Standard Class,CUST-00178,Aditya,Singh,SMB,Village,West,Gujarat,336823.0,Clothing,Womenswear,3432.84,2.0,0.15,512.94
ORD-001933,21-07-2019,27-07-2019,Same Day,CUST-00439,Saanvi,Menon,Consumer,Tier 2,North,Haryana,484950.0,Grocery,Snacks,1013.78,3.0,0.0,289.46
ORD-001934,18-09-2023,20-09-2023,First Class,CUST-00058,Vihaan,Bose,SMB,Tier 2,South,Andhra Pradesh,624123.0,Electronics,Accessories,37433.89,3.0,0.2,10262.19
ORD-001935,13-12-2023,17-12-2023,Second Class,CUST-00325,Aditya,Bose,Consumer,Tier 1,South,Tamil Nadu,572847.0,Clothing,Menswear,6301.09,5.0,0.5,385.97
ORD-001936,11-11-2022,17-11-2022,First Class,CUST-00565,Meera,Iyer,Corporate,Village,North,Uttar Pradesh,473943.0,Furniture,Tables,28977.45,4.0,0.05,2952.88
ORD-001937,16-09-2019,22-09-2019,Same Day,CUST-00431,Krishna,Singh,Consumer,Tier 1,East,Odisha,226401.0,Furniture,Chairs,8389.5,1.0,0.5,935.81
ORD-001938,04-05-2019,08-05-2019,Same Day,CUST-00027,Rohan,Menon,Corporate,Tier 1,South,Karnataka,496294.0,Furniture,Tables,14060.67,2.0,0.5,843.85
ORD-001939,29-08-2023,05-09-2023,Same Day,CUST-00107,Priya,Nair,SMB,Tier 1,South,Telangana,498153.0,Clothing,Womenswear,1345.28,1.0,0.5,60.38
ORD-001940,20-01-2021,27-01-2021,Standard Class,CUST-00157,Saanvi,Gupta,Consumer,Tier 1,North,Rajasthan,436413.0,Clothing,Kidswear,1141.96,1.0,0.05,77.86
ORD-001941,28-09-2020,30-09-2020,Same Day,CUST-00001,Vivaan,Chatterjee,Corporate,Tier 2,South,Telangana,647010.0,Furniture,Furnishings,14088.39,4.0,0.1,2908.26
ORD-001942,22-08-2021,25-08-2021,Second Class,CUST-00046,Sai,Menon,SMB,Tier 1,West,Madhya Pradesh,632645.0,Electronics,Cameras,70890.92,4.0,0.15,7107.19
ORD-001943,24-08-2021,25-08-2021,Second Class,CUST-00494,Rohan,Patel,Corporate,Tier 1,West,Madhya Pradesh,598145.0,Electronics,Cameras,40885.58,5.0,0.0,5722.14
ORD-001944,29-04-2019,30-04-2019,First Class,CUST-00039,Ishaan,Gupta,Corporate,Village,East,Odisha,706198.0,Furniture,Storage,200.0,4.0,0.0,22.81
ORD-001945,22-06-2019,29-06-2019,Standard Class,CUST-00210,Reyansh,Mukherjee,Consumer,Tier 1,East,Odisha,360473.0,Furniture,Furnishings,18339.95,4.0,0.2,3515.89
ORD-001946,20-09-2022,23-09-2022,Same Day,CUST-00554,Aadhya,Mukherjee,Corporate,Tier 1,East,Bihar,,Grocery,Household,1775.49,3.0,0.1,255.83
ORD-001947,21-03-2022,25-03-2022,Same Day,CUST-00256,Meera,Iyer,Consumer,Village,South,Kerala,572736.0,Grocery,Household,1014.53,3.0,0.3,104.7
ORD-001948,03-05-2023,07-05-2023,Same Day,CUST-00202,Vihaan,Sharma,Consumer,Tier 2,North,Haryana,610520.0,Electronics,Accessories,71133.55,5.0,0.5,8244.15
ORD-001949,03-09-2023,08-09-2023,First Class,CUST-00098,Vivaan,Menon,Consumer,Tier 2,West,Madhya Pradesh,877747.0,Furniture,Furnishings,19596.96,4.0,0.3,2146.23
ORD-001950,03-07-2020,10-07-2020,Second Class,CUST-00394,Meera,Das,Corporate,Tier 2,West,Madhya Pradesh,113146.0,Grocery,Staples,1136.48,2.0,0.2,124.85
ORD-001951,05-11-2022,12-11-2022,Second Class,CUST-00153,Myra,Gupta,SMB,Tier 1,East,Odisha,311846.0,Furniture,Furnishings,27487.57,5.0,0.15,1100.86
ORD-001952,03-11-2022,06-11-2022,Second Class,CUST-00017,Diya,Patel,Corporate,Tier 1,East,West Bengal,769473.0,Electronics,Laptops,25427.71,3.0,0.5,1510.49
ORD-001953,29-05-2022,02-06-2022,Second Class,CUST-00221,Rohan,Reddy,Consumer,Tier 2,East,West Bengal,345507.0,Clothing,Womenswear,3090.87,3.0,0.1,796.77
ORD-001954,30-10-2019,01-11-2019,First Class,CUST-00108,Reyansh,Bose,Consumer,Tier 1,North,Rajasthan,871388.0,Furniture,Furnishings,32884.83,4.0,0.0,5631.22
ORD-001955,09-08-2020,14-08-2020,Second Class,CUST-00515,Sai,Rao,Corporate,Tier 1,East,West Bengal,297071.0,Clothing,Womenswear,5232.59,5.0,0.1,1019.9
ORD-001956,12-03-2020,19-03-2020,Same Day,CUST-00539,Isha,Chatterjee,SMB,Tier 1,South,Telangana,812639.0,Grocery,Staples,811.36,3.0,0.3,189.53
ORD-001957,01-11-2022,02-11-2022,Standard Class,CUST-00324,Meera,Sharma,Corporate,Tier 2,North,Delhi,723688.0,Grocery,Household,1229.4,5.0,0.15,102.37
ORD-001958,08-07-2021,13-07-2021,Same Day,CUST-00408,Krishna,Iyer,Corporate,Tier 1,North,Delhi,228808.0,Clothing,Womenswear,1275.76,1.0,0.15,226.83
ORD-001959,14-10-2022,16-10-2022,Second Class,CUST-00139,Priya,Nair,SMB,Tier 2,North,Punjab,669530.0,Grocery,Household,641.45,1.0,0.2,75.96
ORD-001960,17-04-2022,23-04-2022,Same Day,CUST-00191,Ishaan,Menon,Corporate,Tier 1,West,Goa,187126.0,Grocery,Household,717.06,1.0,0.0,126.16
ORD-001961,17-11-2019,23-11-2019,Second Class,CUST-00580,Krishna,Sharma,Corporate,Tier 2,West,Goa,899727.0,Grocery,Staples,432.22,2.0,0.2,30.84
ORD-001962,02-03-2020,07-03-2020,Same Day,CUST-00406,Ananya,Bose,SMB,Tier 2,North,Rajasthan,732691.0,Clothing,Menswear,1672.07,1.0,0.15,273.37
ORD-001963,16-07-2019,19-07-2019,Standard Class,CUST-00169,Reyansh,Iyer,Consumer,Tier 1,North,Uttar Pradesh,163890.0,Furniture,Tables,8840.04,1.0,0.15,1795.9
ORD-001964,07-07-2022,08-07-2022,First Class,CUST-00330,Aditya,Joshi,Consumer,Tier 2,South,Karnataka,360396.0,Electronics,Laptops,50389.1,4.0,0.0,7679.08
ORD-001965,20-11-2020,27-11-2020,Same Day,CUST-00595,Vihaan,Sharma,Corporate,Tier 2,South,Telangana,615946.0,Furniture,Tables,35123.71,5.0,0.15,3872.67
ORD-001966,2023/08/14,17-08-2023,Standard Class,CUST-00024,Myra,Patel,Corporate,Tier 1,South,Andhra Pradesh,497666.0,Clothing,Menswear,5652.9,3.0,0.3,358.79
ORD-001967,24-12-2023,29-12-2023,Standard Class,CUST-00068,Diya,Chatterjee,SMB,Tier 2,South,Telangana,496570.0,Furniture,Furnishings,8844.82,2.0,0.05,2585.12
ORD-001968,23-11-2023,25-11-2023,Standard Class,CUST-00241,Kavya,Sharma,Consumer,Tier 1,West,Gujarat,664071.0,Furniture,Storage,31949.76,4.0,0.1,4150.07
ORD-001969,27-10-2020,29-10-2020,Standard Class,CUST-00276,Ishaan,Gupta,Consumer,Tier 2,North,Rajasthan,295271.0,Furniture,Furnishings,32991.13,4.0,0.15,6703.02
ORD-001970,02-05-2023,07-05-2023,Standard Class,CUST-00296,Aadhya,Menon,SMB,Tier 2,South,Telangana,776354.0,Grocery,Snacks,1158.08,3.0,0.0,204.92
ORD-001971,28-04-2023,03-05-2023,Same Day,CUST-00107,Priya,Nair,SMB,Tier 1,South,Telangana,103960.0,Grocery,Snacks,935.96,2.0,0.0,106.64
ORD-001972,21-03-2022,22-03-2022,Standard Class,CUST-00476,Priya,Iyer,Consumer,Village,South,Andhra Pradesh,610447.0,Clothing,Footwear,3184.22,3.0,0.0,270.4
ORD-001973,15-03-2021,16-03-2021,Second Class,CUST-00218,Aarav,Mukherjee,SMB,Tier 1,North,Delhi,194817.0,Grocery,Snacks,502.02,3.0,0.2,87.15
ORD-001974,24-11-2023,26-11-2023,Same Day,CUST-00487,Vihaan,Bose,Corporate,Tier 2,South,Tamil Nadu,607160.0,Furniture,Storage,40712.12,5.0,0.5,3937.48
ORD-001975,24-09-2021,30-09-2021,Second Class,CUST-00374,Saanvi,Iyer,Corporate,Tier 1,North,Uttar Pradesh,184011.0,Grocery,Beverages,1158.62,3.0,0.1,275.2
ORD-001976,24-12-2021,31-12-2021,Same Day,CUST-00550,Rohan,Joshi,Corporate,Tier 1,West,Gujarat,524032.0,Grocery,Beverages,1114.72,2.0,0.0,321.4
ORD-001977,27-08-2022,30-08-2022,Second Class,CUST-00399,Sai,Sharma,Consumer,Tier 2,West,Madhya Pradesh,450275.0,Electronics,Mobiles,34822.55,4.0,0.5,3720.79
ORD-001978,04-01-2022,11-01-2022,Second Class,CUST-00569,Priya,Bose,Corporate,Tier 2,North,Haryana,378496.0,Grocery,Beverages,633.25,3.0,0.3,153.78
ORD-001979,06-07-2021,10-07-2021,Same Day,CUST-00436,Ananya,Menon,SMB,Tier 1,North,Uttar Pradesh,699533.0,Grocery,Beverages,910.8,2.0,0.0,260.21
ORD-001980,15-10-2019,21-10-2019,Same Day,CUST-00069,Saanvi,Sharma,Corporate,Tier 2,North,Punjab,456009.0,Electronics,Mobiles,82361.34,5.0,0.05,18593.34
ORD-001981,19-11-2022,23-11-2022,Standard Class,CUST-00593,Aditya,Nair,Corporate,Tier 2,West,Madhya Pradesh,285297.0,Clothing,Footwear,7081.41,4.0,0.05,1357.88
ORD-001982,01-06-2019,08-06-2019,Second Class,CUST-00333,Aadhya,Mukherjee,Corporate,Village,North,Delhi,156006.0,Furniture,Furnishings,31071.6,5.0,0.05,6842.45
ORD-001983,30-12-2023,04-01-2024,Second Class,CUST-00242,Ananya,Bose,Consumer,Tier 1,West,Madhya Pradesh,521563.0,Clothing,Menswear,1629.62,1.0,0.15,283.71
ORD-001984,25-05-2023,31-05-2023,Standard Class,CUST-00333,Aadhya,Mukherjee,Corporate,Village,North,Delhi,676891.0,Clothing,Footwear,2171.93,2.0,0.0,433.73
ORD-001985,17-09-2021,22-09-2021,First Class,CUST-00418,Kavya,Nair,SMB,Tier 1,North,Haryana,235122.0,Furniture,Storage,18070.62,3.0,0.1,3050.65
ORD-001986,22-01-2021,26-01-2021,Standard Class,CUST-00269,Arjun,Joshi,SMB,Tier 2,North,Punjab,418250.0,Grocery,Staples,1230.35,4.0,0.0,149.84
ORD-001987,21-06-2019,25-06-2019,Same Day,CUST-00315,Diya,Iyer,Corporate,Tier 2,North,Delhi,493252.0,Clothing,Menswear,4540.06,5.0,0.2,290.93
ORD-001988,16-02-2023,21-02-2023,Same Day,CUST-00436,Ananya,Menon,SMB,Tier 1,North,Uttar Pradesh,407584.0,Grocery,Staples,406.42,2.0,0.5,9.46
ORD-001989,15-10-2022,19-10-2022,Second Class,CUST-00301,Kavya,Menon,Consumer,Tier 1,North,Rajasthan,679957.0,Electronics,Laptops,51283.69,3.0,0.3,4544.78
ORD-001990,21-10-2022,28-10-2022,First Class,CUST-00393,Vihaan,Patel,Consumer,Tier 1,West,Gujarat,125030.0,Grocery,Beverages,2161.85,5.0,0.1,284.87
ORD-001991,13-04-2021,15-04-2021,Same Day,CUST-00067,Aadhya,Patel,Consumer,Village,West,Maharashtra,184152.0,Grocery,Beverages,2539.52,5.0,0.3,220.77
ORD-001992,20-12-2020,24-12-2020,First Class,CUST-00102,Diya,Singh,Corporate,Tier 2,East,Bihar,639287.0,Clothing,Footwear,883.98,1.0,0.1,104.33
ORD-001993,22-04-2021,26-04-2021,First Class,CUST-00117,Isha,Nair,SMB,Village,West,Maharashtra,715762.0,Electronics,Cameras,22563.7,2.0,0.3,2658.24
ORD-001994,21-10-2020,27-10-2020,Same Day,CUST-00319,Anika,Joshi,Consumer,Tier 1,West,Goa,388232.0,Electronics,Cameras,58077.87,5.0,0.15,7274.82
ORD-001995,12-08-2021,17-08-2021,Same Day,CUST-00511,Myra,Mukherjee,SMB,Village,South,Andhra Pradesh,190279.0,Grocery,Household,527.62,1.0,0.15,137.28
ORD-001996,17-05-2020,18-05-2020,Standard Class,CUST-00568,Arjun,Singh,SMB,Tier 2,North,Punjab,130736.0,Grocery,Household,2783.67,4.0,0.0,713.98
ORD-001997,21-08-2021,26-08-2021,Standard Class,CUST-00071,Kavya,Joshi,SMB,Tier 1,East,Odisha,838399.0,Electronics,Accessories,14152.47,1.0,0.1,468.65
ORD-001998,25-09-2023,27-09-2023,Same Day,CUST-00128,Vihaan,Verma,SMB,Tier 2,East,Jharkhand,759688.0,Clothing,Menswear,1498.27,1.0,0.1,301.15
ORD-001999,2023/06/08,12-06-2023,First Class,CUST-00564,Ananya,Joshi,SMB,Tier 1,North,Uttar Pradesh,,Electronics,Accessories,18490.25,1.0,0.05,1878.58
ORD-002000,05-05-2022,06-05-2022,Same Day,CUST-00490,Myra,Rao,SMB,Tier 1,South,Andhra Pradesh,560602.0,Furniture,Furnishings,2699.47,1.0,0.15,433.14
ORD-002001,10-08-2020,14-08-2020,Second Class,CUST-00503,Sai,Bose,Consumer,Tier 1,West,Goa,466726.0,Clothing,Womenswear,1295.15,3.0,0.3,299.02
ORD-002002,16-08-2020,22-08-2020,Standard Class,CUST-00366,Vihaan,Chatterjee,SMB,Tier 1,North,Haryana,167930.0,Electronics,Mobiles,49774.66,5.0,0.15,8267.61
ORD-002003,23-01-2020,30-01-2020,Second Class,CUST-00501,Vivaan,Rao,Consumer,Tier 2,North,Delhi,601897.0,Clothing,Menswear,2502.9,2.0,0.0,24.21
ORD-002004,27-07-2020,29-07-2020,Standard Class,CUST-00476,Priya,Iyer,Consumer,Village,South,Andhra Pradesh,534289.0,Furniture,Chairs,22907.72,3.0,0.0,5448.41
ORD-002005,21-08-2019,28-08-2019,Same Day,CUST-00557,Ishaan,Reddy,Corporate,Village,West,Goa,427111.0,Furniture,Tables,7127.65,2.0,0.0,65.1
ORD-002006,28-05-2019,29-05-2019,First Class,CUST-00223,Rohan,Iyer,SMB,Tier 1,West,Madhya Pradesh,777158.0,Grocery,Household,1016.47,2.0,0.15,156.16
ORD-002007,15-12-2022,21-12-2022,Standard Class,CUST-00511,Myra,Mukherjee,SMB,Village,South,Andhra Pradesh,777368.0,Furniture,Chairs,11440.43,2.0,0.15,2276.31
ORD-002008,19-08-2023,22-08-2023,Second Class,CUST-00072,Ishaan,Joshi,Corporate,Village,North,Uttar Pradesh,845745.0,Grocery,Staples,636.36,1.0,0.15,50.61
ORD-002009,31-05-2020,03-06-2020,Standard Class,CUST-00186,Aarav,Reddy,SMB,Tier 1,East,West Bengal,772385.0,Grocery,Household,940.57,2.0,0.5,54.66
ORD-002010,08-05-2020,14-05-2020,Standard Class,CUST-00506,Meera,Sharma,Consumer,Tier 2,East,Jharkhand,734152.0,Furniture,Storage,18404.53,4.0,0.15,4245.13
ORD-002011,27-04-2020,30-04-2020,Second Class,CUST-00315,Diya,Iyer,Corporate,Tier 2,North,Delhi,477746.0,Clothing,Womenswear,3658.19,3.0,0.0,636.28
ORD-002012,03-07-2021,09-07-2021,First Class,CUST-00380,Anika,Mukherjee,Corporate,Tier 1,North,Punjab,273888.0,Grocery,Staples,1350.45,2.0,0.05,259.21
ORD-002013,15-06-2020,17-06-2020,Standard Class,CUST-00283,Diya,Sharma,SMB,Tier 2,South,Karnataka,827613.0,Grocery,Staples,1406.27,5.0,0.3,170.79
ORD-002014,22-05-2023,26-05-2023,Second Class,CUST-00024,Myra,Patel,Corporate,Tier 1,South,Andhra Pradesh,475598.0,Electronics,Laptops,46459.43,4.0,0.2,8307.21
ORD-002015,12-01-2022,19-01-2022,First Class,CUST-00490,Myra,Rao,SMB,Tier 1,South,Andhra Pradesh,404114.0,Grocery,Household,1672.68,4.0,0.0,337.09
ORD-002016,29-08-2021,02-09-2021,Standard Class,CUST-00570,Vivaan,Mukherjee,Corporate,Tier 2,South,Karnataka,532240.0,Grocery,Snacks,1428.46,3.0,0.3,122.96
ORD-002017,15-01-2022,19-01-2022,Same Day,CUST-00413,Krishna,Iyer,SMB,Tier 2,North,Delhi,276228.0,Furniture,Furnishings,37747.82,5.0,0.1,10740.08
ORD-002018,16-01-2021,23-01-2021,Standard Class,CUST-00367,Isha,Patel,Corporate,Village,South,Andhra Pradesh,220727.0,Clothing,Menswear,1582.5,2.0,0.2,120.45
ORD-002019,17-04-2023,23-04-2023,Standard Class,CUST-00122,Aarav,Mukherjee,Corporate,Tier 1,West,Madhya Pradesh,440341.0,Clothing,Womenswear,1537.73,2.0,0.05,319.77
ORD-002020,25-05-2021,30-05-2021,Same Day,CUST-00329,Vihaan,Singh,Consumer,Village,West,Gujarat,814595.0,Grocery,Beverages,906.78,2.0,0.5,128.18
ORD-002021,13-11-2020,19-11-2020,Same Day,CUST-00490,Myra,Rao,SMB,Tier 1,South,Andhra Pradesh,676562.0,Electronics,Laptops,39387.59,2.0,0.1,4978.57
ORD-002022,04-10-2020,07-10-2020,Same Day,CUST-00186,Aarav,Reddy,SMB,Tier 1,East,West Bengal,491626.0,Furniture,Chairs,25004.69,3.0,0.0,3392.25
ORD-002023,11-07-2021,18-07-2021,Same Day,CUST-00596,Arjun,Patel,Consumer,Tier 1,East,Bihar,508965.0,Clothing,Menswear,1038.76,1.0,0.3,85.26
ORD-002024,03-11-2019,07-11-2019,Same Day,CUST-00284,Myra,Sharma,SMB,Tier 1,East,Jharkhand,451427.0,Clothing,Footwear,1680.44,1.0,0.5,121.6
ORD-002025,10-02-2020,11-02-2020,Second Class,CUST-00554,Aadhya,Mukherjee,Corporate,Tier 1,East,Bihar,561682.0,Clothing,Menswear,6879.75,4.0,0.2,496.64
ORD-002026,29-06-2019,30-06-2019,Second Class,CUST-00576,Sai,Reddy,Corporate,Tier 2,East,Odisha,227585.0,Electronics,Cameras,49286.49,3.0,0.0,4595.3
ORD-002027,25-02-2022,04-03-2022,Standard Class,CUST-00084,Aditya,Verma,Consumer,Tier 1,South,Andhra Pradesh,687080.0,Electronics,Mobiles,13270.21,1.0,0.2,3733.96
ORD-002028,27-10-2020,28-10-2020,Same Day,CUST-00362,Reyansh,Verma,Corporate,Tier 1,West,Madhya Pradesh,593097.0,Clothing,Menswear,2402.45,5.0,0.15,284.73
ORD-002029,22-05-2019,26-05-2019,Same Day,CUST-00365,Rohan,Verma,Corporate,Tier 1,South,Tamil Nadu,839426.0,Electronics,Cameras,29171.97,5.0,0.15,8799.77
ORD-002030,16-08-2022,19-08-2022,First Class,CUST-00464,Aarav,Joshi,Corporate,Tier 1,East,Jharkhand,847666.0,Electronics,Mobiles,10724.63,1.0,0.2,173.97
ORD-002031,18-06-2019,25-06-2019,Standard Class,CUST-00260,Isha,Joshi,Consumer,Tier 1,North,Punjab,306391.0,Grocery,Snacks,1487.62,4.0,0.2,217.85
ORD-002032,04-04-2021,11-04-2021,Same Day,CUST-00379,Diya,Chatterjee,SMB,Tier 1,South,Andhra Pradesh,520737.0,Furniture,Chairs,34887.4,5.0,0.0,4298.94
ORD-002033,26-08-2022,31-08-2022,First Class,CUST-00569,Priya,Bose,Corporate,Tier 2,North,Haryana,428829.0,Furniture,Furnishings,16483.49,3.0,0.15,1803.98
ORD-002034,02-06-2020,08-06-2020,Same Day,CUST-00222,Diya,Singh,Consumer,Tier 2,South,Andhra Pradesh,123040.0,Clothing,Kidswear,2557.0,3.0,0.5,198.72
ORD-002035,11-11-2022,12-11-2022,Same Day,CUST-00591,Aarav,Joshi,SMB,Tier 1,East,Jharkhand,813193.0,Grocery,Beverages,752.25,2.0,0.0,224.62
ORD-002036,02-07-2021,08-07-2021,Standard Class,CUST-00593,Aditya,Nair,Corporate,Tier 2,West,Madhya Pradesh,773600.0,Grocery,Beverages,446.2,2.0,0.3,104.57
ORD-002037,02-09-2020,04-09-2020,First Class,CUST-00266,Vihaan,Gupta,Corporate,Tier 1,East,Bihar,131888.0,Furniture,Tables,17672.55,2.0,0.05,866.92
ORD-002038,30-06-2019,07-07-2019,Standard Class,CUST-00013,Priya,Menon,Consumer,Tier 2,South,Kerala,517058.0,Grocery,Staples,1405.27,4.0,0.15,260.0
ORD-002039,21-02-2022,23-02-2022,First Class,CUST-00536,Ishaan,Patel,SMB,Tier 2,West,Madhya Pradesh,636386.0,Electronics,Mobiles,14950.88,1.0,0.5,1536.17
ORD-002040,15-05-2019,20-05-2019,First Class,CUST-00064,Krishna,Verma,Corporate,Village,East,Bihar,776635.0,Grocery,Snacks,1842.08,5.0,0.2,437.31
ORD-002041,25-05-2020,27-05-2020,Standard Class,CUST-00514,Kavya,Bose,Corporate,Tier 2,North,Punjab,602126.0,Grocery,Household,1845.01,3.0,0.1,190.51
ORD-002042,16-01-2021,19-01-2021,Second Class,CUST-00488,Priya,Verma,SMB,Tier 1,North,Delhi,392936.0,Furniture,Chairs,11453.54,3.0,0.1,2108.55
ORD-002043,23-09-2020,26-09-2020,Same Day,CUST-00271,Vihaan,Reddy,SMB,Village,East,West Bengal,557410.0,Furniture,Chairs,21908.43,4.0,0.15,3493.59
ORD-002044,30-04-2020,06-05-2020,Second Class,CUST-00239,Myra,Menon,Corporate,Tier 2,East,Jharkhand,830494.0,Clothing,Womenswear,3373.14,2.0,0.15,720.02
ORD-002045,07-04-2021,08-04-2021,Standard Class,CUST-00315,Diya,Iyer,Corporate,Tier 2,North,Delhi,480087.0,Electronics,Laptops,28136.38,2.0,0.05,5387.35
ORD-002046,23-09-2021,30-09-2021,First Class,CUST-00466,Krishna,Iyer,Consumer,Tier 2,East,Odisha,775801.0,Grocery,Household,1911.79,4.0,0.1,209.47
ORD-002047,03-01-2022,05-01-2022,Second Class,CUST-00286,Priya,Das,SMB,Tier 1,South,Tamil Nadu,198770.0,Grocery,Beverages,697.69,2.0,0.05,76.19
ORD-002048,12-05-2023,16-05-2023,Standard Class,CUST-00319,Anika,Joshi,Consumer,Tier 1,West,Goa,553748.0,Furniture,Storage,27480.02,3.0,0.0,6799.48
ORD-002049,09-11-2019,16-11-2019,Second Class,CUST-00529,Reyansh,Patel,Consumer,Village,West,Maharashtra,321456.0,Furniture,Furnishings,33972.91,5.0,0.0,6051.17
ORD-002050,15-02-2022,17-02-2022,Standard Class,CUST-00277,Saanvi,Bose,Consumer,Tier 1,North,Punjab,675820.0,Grocery,Snacks,2030.02,4.0,0.0,546.6
ORD-002051,14-09-2019,15-09-2019,Second Class,CUST-00124,Saanvi,Verma,SMB,Tier 2,West,Goa,744179.0,Electronics,Cameras,39353.99,2.0,0.5,5215.19
ORD-002052,07-06-2020,13-06-2020,First Class,CUST-00296,Aadhya,Menon,SMB,Tier 2,South,Telangana,162004.0,Electronics,Laptops,30407.28,3.0,0.0,4717.14
ORD-002053,27-01-2023,29-01-2023,Second Class,CUST-00448,Kavya,Gupta,Corporate,Tier 1,West,Maharashtra,685841.0,Furniture,Chairs,10942.13,5.0,0.1,-186.78
ORD-002054,28-02-2022,04-03-2022,First Class,CUST-00352,Rohan,Singh,Consumer,Tier 2,South,Tamil Nadu,183922.0,Electronics,Cameras,56244.73,3.0,0.15,16963.33
ORD-002055,27-01-2023,30-01-2023,Standard Class,CUST-00565,Meera,Iyer,Corporate,Village,North,Uttar Pradesh,716815.0,Grocery,Household,619.84,3.0,0.5,71.62
ORD-002056,15-05-2020,18-05-2020,Standard Class,CUST-00242,Ananya,Bose,Consumer,Tier 1,West,Madhya Pradesh,252090.0,Furniture,Furnishings,31473.32,4.0,0.05,1285.94
ORD-002057,19-09-2021,20-09-2021,Same Day,CUST-00589,Aarav,Verma,Consumer,Tier 1,North,Uttar Pradesh,182020.0,Furniture,Furnishings,28600.96,5.0,0.1,8284.34
ORD-002058,24-07-2019,27-07-2019,Second Class,CUST-00020,Diya,Chatterjee,Consumer,Tier 1,East,West Bengal,120310.0,Clothing,Footwear,1197.32,1.0,0.2,207.9
ORD-002059,07-08-2021,13-08-2021,Same Day,CUST-00189,Aadhya,Das,Corporate,Village,South,Karnataka,813909.0,Clothing,Womenswear,4085.25,5.0,0.5,451.1
ORD-002060,17-05-2022,23-05-2022,Standard Class,CUST-00547,Ananya,Iyer,Corporate,Tier 1,West,Gujarat,262643.0,Furniture,Tables,4501.92,1.0,0.05,772.08
ORD-002061,2023/11/25,01-12-2023,Standard Class,CUST-00444,Sai,Sharma,Corporate,Tier 1,East,Odisha,374864.0,Furniture,Tables,9862.27,3.0,0.1,1346.89
ORD-002062,19-10-2019,25-10-2019,First Class,CUST-00259,Aarav,Singh,Consumer,Tier 2,West,Maharashtra,623821.0,Clothing,Womenswear,1238.24,1.0,0.1,243.62
ORD-002063,15-04-2021,22-04-2021,First Class,CUST-00511,Myra,Mukherjee,SMB,Village,South,Andhra Pradesh,534386.0,Electronics,Accessories,85680.54,5.0,0.2,1343.05
ORD-002064,17-05-2022,22-05-2022,First Class,CUST-00596,Arjun,Patel,Consumer,Tier 1,East,Bihar,703398.0,Furniture,Furnishings,3041.36,1.0,0.0,737.87
ORD-002065,31-07-2019,03-08-2019,First Class,CUST-00404,Aadhya,Verma,SMB,Village,East,Jharkhand,371483.0,Clothing,Kidswear,3354.33,3.0,0.2,662.84
ORD-002066,08-06-2019,10-06-2019,Standard Class,CUST-00467,Aadhya,Mukherjee,Corporate,Village,East,Bihar,210162.0,Clothing,Footwear,1624.59,2.0,0.3,-22.66
ORD-002067,20-12-2019,25-12-2019,Standard Class,CUST-00572,Reyansh,Menon,Corporate,Tier 1,South,Andhra Pradesh,675443.0,Electronics,Accessories,14387.38,1.0,0.2,2751.46
ORD-002068,06-07-2019,10-07-2019,Same Day,CUST-00564,Ananya,Joshi,SMB,Tier 1,North,Uttar Pradesh,810166.0,Grocery,Beverages,1696.18,3.0,0.15,437.46
ORD-002069,08-09-2022,10-09-2022,Same Day,CUST-00269,Arjun,Joshi,SMB,Tier 2,North,Punjab,201979.0,Clothing,Footwear,5672.15,4.0,0.2,131.33
ORD-002070,30-05-2020,01-06-2020,Second Class,CUST-00544,Vivaan,Mukherjee,Consumer,Tier 1,North,Rajasthan,150043.0,Clothing,Womenswear,1041.31,1.0,0.3,141.92
ORD-002071,18-01-2020,22-01-2020,Second Class,CUST-00389,Ishaan,Menon,Corporate,Tier 1,North,Uttar Pradesh,771920.0,Furniture,Furnishings,22024.07,4.0,0.05,3664.02
ORD-002072,12-05-2019,18-05-2019,Standard Class,CUST-00300,Reyansh,Iyer,SMB,Tier 1,West,Madhya Pradesh,511650.0,Grocery,Beverages,1109.37,3.0,0.0,253.26
ORD-002073,12-09-2022,18-09-2022,First Class,CUST-00581,Aditya,Sharma,Corporate,Tier 1,East,Jharkhand,266365.0,Furniture,Chairs,16745.0,5.0,0.5,1646.22
ORD-002074,02-07-2019,06-07-2019,Standard Class,CUST-00277,Saanvi,Bose,Consumer,Tier 1,North,Punjab,164756.0,Grocery,Household,725.12,3.0,0.0,153.08
ORD-002075,2019/12/07,11-12-2019,Standard Class,CUST-00219,Reyansh,Iyer,Consumer,Tier 1,West,Maharashtra,272014.0,Electronics,Cameras,57554.45,4.0,0.05,17619.3
ORD-002076,22-02-2019,27-02-2019,Standard Class,CUST-00287,Krishna,Patel,SMB,Tier 2,North,Haryana,657310.0,Electronics,Accessories,47145.38,3.0,0.1,7281.82
ORD-002077,08-04-2020,09-04-2020,Second Class,CUST-00004,Rohan,Iyer,SMB,Tier 2,West,Goa,,Grocery,Household,625.14,2.0,0.2,106.23
ORD-002078,14-12-2021,17-12-2021,Standard Class,CUST-00214,Ananya,Sharma,Consumer,Tier 2,South,Telangana,186964.0,Electronics,Accessories,33239.15,2.0,0.15,8169.46
ORD-002079,10-10-2021,17-10-2021,First Class,CUST-00388,Reyansh,Sharma,Consumer,Tier 2,West,Goa,431414.0,Electronics,Accessories,67199.55,4.0,0.2,8439.35
ORD-002080,19-10-2019,25-10-2019,Standard Class,CUST-00496,Vivaan,Das,Consumer,Tier 2,East,Jharkhand,763529.0,Electronics,Laptops,80678.47,4.0,0.0,20742.75
ORD-002081,28-10-2019,31-10-2019,Second Class,CUST-00318,Meera,Bose,Consumer,Tier 2,North,Haryana,,Clothing,Kidswear,3878.49,4.0,0.15,1387.2
ORD-002082,15-08-2019,18-08-2019,Second Class,CUST-00341,Vihaan,Patel,SMB,Village,South,Karnataka,789297.0,Furniture,Chairs,20492.14,3.0,0.0,3410.86
ORD-002083,01-06-2019,08-06-2019,Second Class,CUST-00272,Anika,Chatterjee,Corporate,Tier 1,East,Bihar,484141.0,Electronics,Cameras,5794.19,1.0,0.0,1236.12
ORD-002084,09-02-2023,10-02-2023,Standard Class,CUST-00476,Priya,Iyer,Consumer,Village,South,Andhra Pradesh,577759.0,Grocery,Staples,192.78,1.0,0.15,47.92
ORD-002085,06-09-2020,11-09-2020,Standard Class,CUST-00337,Aadhya,Patel,Consumer,Tier 1,South,Telangana,436010.0,Furniture,Furnishings,17205.43,3.0,0.1,1561.61
ORD-002086,23-07-2022,28-07-2022,Second Class,CUST-00194,Diya,Singh,SMB,Tier 1,North,Haryana,527610.0,Grocery,Snacks,3221.28,5.0,0.5,280.89
ORD-002087,19-07-2021,22-07-2021,Second Class,CUST-00581,Aditya,Sharma,Corporate,Tier 1,East,Jharkhand,734728.0,Electronics,Laptops,22327.82,1.0,0.5,4488.89
ORD-002088,16-09-2022,18-09-2022,First Class,CUST-00037,Vihaan,Nair,Corporate,Tier 2,North,Uttar Pradesh,607278.0,Grocery,Snacks,533.26,1.0,0.05,110.51
ORD-002089,31-01-2021,06-02-2021,Same Day,CUST-00083,Aarav,Gupta,SMB,Tier 2,East,Jharkhand,815288.0,Furniture,Furnishings,27594.25,3.0,0.05,5904.59
ORD-002090,30-08-2021,05-09-2021,First Class,CUST-00237,Vivaan,Das,Consumer,Tier 1,North,Rajasthan,340745.0,Furniture,Chairs,24439.41,3.0,0.0,4383.61
ORD-002091,26-03-2020,02-04-2020,First Class,CUST-00227,Ananya,Patel,Corporate,Tier 1,South,Andhra Pradesh,861562.0,Furniture,Chairs,38710.48,5.0,0.05,4329.35
ORD-002092,08-06-2021,10-06-2021,Same Day,CUST-00465,Aditya,Gupta,Corporate,Tier 1,East,West Bengal,704161.0,Clothing,Womenswear,2464.61,5.0,0.2,349.33
ORD-002093,12-06-2022,15-06-2022,First Class,CUST-00210,Reyansh,Mukherjee,Consumer,Tier 1,East,Odisha,476167.0,Electronics,Cameras,34817.55,4.0,0.5,2125.69
ORD-002094,19-05-2020,25-05-2020,Second Class,CUST-00597,Ananya,Gupta,Corporate,Tier 2,South,Tamil Nadu,727214.0,Furniture,Chairs,35563.82,5.0,0.05,2998.5
ORD-002095,17-09-2023,22-09-2023,Second Class,CUST-00056,Arjun,Verma,SMB,Tier 1,West,Maharashtra,728964.0,Clothing,Menswear,7056.77,5.0,0.5,916.71
ORD-002096,08-07-2022,09-07-2022,Same Day,CUST-00586,Ishaan,Das,Consumer,Village,West,Gujarat,135513.0,Furniture,Furnishings,10112.09,1.0,0.5,695.22
ORD-002097,29-05-2021,01-06-2021,Second Class,CUST-00538,Ananya,Iyer,Corporate,Tier 1,East,Bihar,354484.0,Grocery,Beverages,1320.18,4.0,0.5,87.95
ORD-002098,30-08-2019,04-09-2019,Second Class,CUST-00271,Vihaan,Reddy,SMB,Village,East,West Bengal,896495.0,Furniture,Storage,40630.35,4.0,0.5,1509.87
ORD-002099,20-12-2022,24-12-2022,First Class,CUST-00278,Diya,Iyer,Consumer,Tier 1,West,Maharashtra,437858.0,Clothing,Footwear,4968.75,5.0,0.0,691.36
ORD-002100,07-07-2019,10-07-2019,Standard Class,CUST-00062,Vihaan,Sharma,SMB,Tier 1,North,Uttar Pradesh,129153.0,Electronics,Cameras,113347.33,5.0,0.15,24215.86
ORD-002101,2021/09/03,05-09-2021,First Class,CUST-00516,Priya,Nair,SMB,Tier 2,East,Bihar,772902.0,Electronics,Laptops,87583.33,4.0,0.3,6816.65
ORD-002102,04-10-2022,05-10-2022,Standard Class,CUST-00195,Aditya,Gupta,Consumer,Tier 1,North,Punjab,114573.0,Grocery,Staples,423.96,1.0,0.2,29.36
ORD-002103,10-09-2023,12-09-2023,Second Class,CUST-00155,Ishaan,Mukherjee,SMB,Tier 2,West,Madhya Pradesh,857060.0,Clothing,Menswear,7879.24,5.0,0.05,647.64
ORD-002104,24-08-2019,25-08-2019,First Class,CUST-00017,Diya,Patel,Corporate,Tier 1,East,West Bengal,230968.0,Furniture,Furnishings,56213.4,5.0,0.0,12790.81
ORD-002105,2020/05/31,02-06-2020,Standard Class,CUST-00122,Aarav,Mukherjee,Corporate,Tier 1,West,Madhya Pradesh,631007.0,Electronics,Laptops,28944.07,3.0,0.5,3116.74
ORD-002106,13-02-2019,18-02-2019,Same Day,CUST-00006,Diya,Mukherjee,SMB,Tier 2,South,Kerala,596320.0,Electronics,Cameras,21424.28,2.0,0.0,6415.3
ORD-002107,23-12-2022,27-12-2022,First Class,CUST-00471,Ishaan,Patel,Consumer,Village,South,Karnataka,124250.0,Electronics,Mobiles,37206.91,3.0,0.3,5431.53
ORD-002108,15-11-2019,20-11-2019,Second Class,CUST-00506,Meera,Sharma,Consumer,Tier 2,East,Jharkhand,550669.0,Grocery,Staples,1887.3,5.0,0.3,119.15
ORD-002109,09-06-2020,12-06-2020,Same Day,CUST-00203,Diya,Chatterjee,Corporate,Village,South,Andhra Pradesh,673451.0,Electronics,Mobiles,37903.53,2.0,0.5,2937.01
ORD-002110,29-05-2020,02-06-2020,First Class,CUST-00455,Arjun,Iyer,Consumer,Village,North,Uttar Pradesh,138755.0,Electronics,Accessories,78001.71,5.0,0.05,14258.64
ORD-002111,10-02-2020,15-02-2020,Second Class,CUST-00388,Reyansh,Sharma,Consumer,Tier 2,West,Goa,176444.0,Electronics,Accessories,77243.53,5.0,0.05,3050.74
ORD-002112,06-08-2023,12-08-2023,Second Class,CUST-00417,Rohan,Reddy,Corporate,Tier 1,South,Kerala,442940.0,Electronics,Accessories,28680.86,4.0,0.2,1321.81
ORD-002113,18-10-2022,22-10-2022,First Class,CUST-00566,Rohan,Singh,SMB,Village,North,Punjab,822789.0,Grocery,Household,1324.91,4.0,0.0,109.76
ORD-002114,16-06-2022,18-06-2022,Second Class,CUST-00300,Reyansh,Iyer,SMB,Tier 1,West,Madhya Pradesh,871256.0,Furniture,Chairs,10135.64,2.0,0.0,1577.68
ORD-002115,13-07-2023,17-07-2023,First Class,CUST-00054,Myra,Patel,Corporate,Tier 2,West,Maharashtra,388654.0,Grocery,Household,1249.2,3.0,0.3,222.05
ORD-002116,03-04-2023,09-04-2023,Second Class,CUST-00030,Kavya,Patel,Consumer,Tier 2,West,Madhya Pradesh,149176.0,Furniture,Chairs,28952.88,3.0,0.0,5721.58
ORD-002117,08-03-2023,15-03-2023,First Class,CUST-00261,Reyansh,Chatterjee,Consumer,Village,West,Madhya Pradesh,483664.0,Furniture,Storage,4788.5,1.0,0.05,712.48
ORD-002118,22-02-2020,27-02-2020,Second Class,CUST-00042,Kavya,Das,Corporate,Tier 1,West,Gujarat,141642.0,Furniture,Storage,17413.51,3.0,0.5,856.53
ORD-002119,11-02-2022,12-02-2022,Standard Class,CUST-00517,Priya,Verma,SMB,Tier 1,South,Karnataka,714520.0,Furniture,Storage,36683.48,5.0,0.05,5102.36
ORD-002120,19-10-2020,23-10-2020,First Class,CUST-00600,Reyansh,Das,Corporate,Tier 1,East,West Bengal,650387.0,Electronics,Accessories,9597.0,1.0,0.2,808.49
ORD-002121,15-02-2020,21-02-2020,Standard Class,CUST-00142,Isha,Reddy,SMB,Tier 1,South,Telangana,821257.0,Furniture,Storage,7591.24,3.0,0.0,772.61
ORD-002122,27-03-2023,03-04-2023,Second Class,CUST-00145,Aadhya,Singh,Consumer,Tier 2,West,Maharashtra,567718.0,Furniture,Furnishings,13159.58,2.0,0.2,2313.45
ORD-002123,09-09-2020,11-09-2020,Same Day,CUST-00442,Krishna,Reddy,Corporate,Tier 1,South,Tamil Nadu,508757.0,Clothing,Footwear,5910.24,4.0,0.2,822.62
ORD-002124,13-10-2020,14-10-2020,Standard Class,CUST-00479,Priya,Verma,Consumer,Tier 2,West,Maharashtra,778446.0,Electronics,Laptops,61517.41,4.0,0.15,5300.39
ORD-002125,18-01-2021,19-01-2021,Same Day,CUST-00579,Rohan,Reddy,Corporate,Tier 2,South,Tamil Nadu,592219.0,Clothing,Menswear,8024.35,5.0,0.2,1312.94
ORD-002126,07-02-2021,11-02-2021,Second Class,CUST-00283,Diya,Sharma,SMB,Tier 2,South,Karnataka,501726.0,Electronics,Mobiles,57681.58,5.0,0.2,11675.9
ORD-002127,14-10-2019,19-10-2019,First Class,CUST-00007,Aadhya,Gupta,Consumer,Tier 2,West,Gujarat,560422.0,Clothing,Footwear,3693.63,4.0,0.0,618.6
ORD-002128,07-11-2019,13-11-2019,Second Class,CUST-00317,Priya,Verma,Consumer,Tier 1,South,Telangana,342651.0,Electronics,Laptops,47700.15,5.0,0.3,6294.81
ORD-002129,26-02-2020,03-03-2020,First Class,CUST-00035,Reyansh,Rao,Consumer,Tier 1,East,West Bengal,233192.0,Grocery,Snacks,928.04,4.0,0.5,106.49
ORD-002130,29-05-2019,04-06-2019,First Class,CUST-00364,Rohan,Bose,Corporate,Tier 2,West,Gujarat,272976.0,Electronics,Accessories,74352.49,5.0,0.3,8889.55
ORD-002131,06-06-2022,10-06-2022,Same Day,CUST-00177,Meera,Chatterjee,Corporate,Tier 1,South,Karnataka,360143.0,Grocery,Beverages,1392.31,3.0,0.2,208.65
ORD-002132,05-04-2020,11-04-2020,Same Day,CUST-00249,Ananya,Verma,Consumer,Tier 1,North,Haryana,810971.0,Furniture,Storage,27997.13,4.0,0.1,3429.58
ORD-002133,06-01-2019,08-01-2019,Second Class,CUST-00144,Ananya,Das,SMB,Tier 2,North,Rajasthan,787717.0,Furniture,Tables,17819.87,3.0,0.0,4137.74
ORD-002134,22-06-2022,26-06-2022,Same Day,CUST-00009,Ananya,Iyer,SMB,Village,East,Jharkhand,138064.0,Clothing,Kidswear,2636.0,2.0,0.3,425.16
ORD-002135,30-05-2020,04-06-2020,First Class,CUST-00409,Diya,Chatterjee,SMB,Tier 2,South,Karnataka,663316.0,Electronics,Mobiles,42317.45,3.0,0.5,2100.49
ORD-002136,27-04-2021,30-04-2021,Standard Class,CUST-00285,Arjun,Joshi,Corporate,Tier 1,South,Tamil Nadu,725652.0,Grocery,Household,1425.6,4.0,0.2,24.58
ORD-002137,20-06-2022,26-06-2022,Standard Class,CUST-00187,Isha,Joshi,Corporate,Village,East,Odisha,583697.0,Grocery,Staples,437.41,1.0,0.15,51.18
ORD-002138,23-01-2023,27-01-2023,Second Class,CUST-00259,Aarav,Singh,Consumer,Tier 2,West,Maharashtra,326948.0,Clothing,Womenswear,7878.64,5.0,0.0,390.67
ORD-002139,26-10-2022,01-11-2022,Same Day,CUST-00525,Ishaan,Reddy,Consumer,Tier 1,North,Haryana,424203.0,Clothing,Footwear,4869.39,3.0,0.0,1178.66
ORD-002140,28-12-2023,31-12-2023,Standard Class,CUST-00142,Isha,Reddy,SMB,Tier 1,South,Telangana,575687.0,Furniture,Tables,11125.47,4.0,0.0,1724.85
ORD-002141,21-04-2019,26-04-2019,Standard Class,CUST-00461,Isha,Reddy,SMB,Tier 1,West,Goa,,Clothing,Kidswear,2210.86,2.0,0.0,391.51
ORD-002142,20-05-2021,26-05-2021,First Class,CUST-00484,Krishna,Bose,SMB,Tier 2,West,Maharashtra,467666.0,Electronics,Laptops,46537.97,3.0,0.5,3206.53
ORD-002143,29-03-2019,05-04-2019,First Class,CUST-00492,Priya,Bose,SMB,Tier 1,West,Maharashtra,706778.0,Furniture,Chairs,23405.28,5.0,0.0,7449.79
ORD-002144,15-06-2021,22-06-2021,Second Class,CUST-00462,Myra,Chatterjee,SMB,Tier 1,West,Maharashtra,471200.0,Furniture,Storage,17576.62,5.0,0.1,2989.46
ORD-002145,22-02-2021,01-03-2021,First Class,CUST-00505,Vihaan,Verma,Corporate,Tier 1,North,Delhi,390610.0,Electronics,Mobiles,20524.58,2.0,0.0,6897.88
ORD-002146,16-09-2020,20-09-2020,Standard Class,CUST-00083,Aarav,Gupta,SMB,Tier 2,East,Jharkhand,337344.0,Electronics,Accessories,45456.5,3.0,0.3,3116.27
ORD-002147,18-08-2021,22-08-2021,Standard Class,CUST-00464,Aarav,Joshi,Corporate,Tier 1,East,Jharkhand,387949.0,Electronics,Laptops,84330.45,5.0,0.0,7528.34
ORD-002148,25-04-2022,27-04-2022,First Class,CUST-00298,Ishaan,Mukherjee,Consumer,Tier 2,South,Kerala,417896.0,Clothing,Womenswear,3551.62,4.0,0.0,438.39
ORD-002149,05-04-2020,12-04-2020,Standard Class,CUST-00230,Aadhya,Verma,SMB,Tier 1,North,Haryana,833937.0,Clothing,Kidswear,4994.88,3.0,0.2,760.57
ORD-002150,2019/08/13,19-08-2019,Standard Class,CUST-00384,Krishna,Gupta,SMB,Tier 2,East,Odisha,541362.0,Grocery,Household,1039.49,2.0,0.2,215.1
ORD-002151,23-01-2019,30-01-2019,Second Class,CUST-00421,Aadhya,Bose,SMB,Tier 2,North,Rajasthan,433894.0,Electronics,Cameras,29542.19,2.0,0.1,8486.82
ORD-002152,03-10-2023,06-10-2023,Second Class,CUST-00120,Arjun,Mukherjee,SMB,Village,West,Maharashtra,407998.0,Furniture,Tables,2365.76,1.0,0.15,641.71
ORD-002153,28-03-2021,03-04-2021,Second Class,CUST-00011,Myra,Iyer,Corporate,Tier 1,North,Uttar Pradesh,894424.0,Furniture,Tables,29627.96,5.0,0.15,4785.87
ORD-002154,30-04-2020,05-05-2020,Standard Class,CUST-00138,Priya,Iyer,Corporate,Tier 2,West,Maharashtra,324278.0,Clothing,Womenswear,3090.23,4.0,0.15,470.22
ORD-002155,29-09-2021,03-10-2021,Standard Class,CUST-00406,Ananya,Bose,SMB,Tier 2,North,Rajasthan,144527.0,Clothing,Womenswear,5661.98,5.0,0.2,-56.0
ORD-002156,06-07-2021,09-07-2021,Second Class,CUST-00486,Vihaan,Patel,SMB,Village,North,Uttar Pradesh,580201.0,Furniture,Tables,28580.92,4.0,0.0,6013.94
ORD-002157,18-05-2022,24-05-2022,Second Class,CUST-00375,Isha,Bose,SMB,Tier 2,South,Karnataka,212256.0,Clothing,Footwear,6809.32,3.0,0.15,1153.44
ORD-002158,20-01-2019,25-01-2019,First Class,CUST-00277,Saanvi,Bose,Consumer,Tier 1,North,Punjab,258127.0,Electronics,Accessories,56835.81,5.0,0.2,6943.69
ORD-002159,21-07-2023,24-07-2023,Standard Class,CUST-00172,Priya,Mukherjee,Corporate,Tier 2,West,Gujarat,251362.0,Electronics,Laptops,26873.66,2.0,0.0,4720.38
ORD-002160,17-06-2021,19-06-2021,Second Class,CUST-00553,Priya,Chatterjee,Corporate,Tier 1,West,Maharashtra,457308.0,Clothing,Menswear,1023.55,1.0,0.15,262.92
ORD-002161,02-05-2020,09-05-2020,Same Day,CUST-00084,Aditya,Verma,Consumer,Tier 1,South,Andhra Pradesh,667437.0,Furniture,Storage,17407.28,3.0,0.15,3311.45
ORD-002162,29-01-2022,31-01-2022,Standard Class,CUST-00576,Sai,Reddy,Corporate,Tier 2,East,Odisha,302571.0,Furniture,Furnishings,1886.74,1.0,0.3,72.81
ORD-002163,02-01-2019,05-01-2019,First Class,CUST-00046,Sai,Menon,SMB,Tier 1,West,Madhya Pradesh,521483.0,Furniture,Chairs,5196.52,1.0,0.2,806.38
ORD-002164,27-07-2023,29-07-2023,Second Class,CUST-00308,Kavya,Nair,Consumer,Tier 2,West,Goa,816570.0,Electronics,Laptops,39023.26,3.0,0.3,3579.31
ORD-002165,22-08-2021,27-08-2021,Same Day,CUST-00427,Saanvi,Mukherjee,SMB,Tier 1,East,Bihar,495933.0,Grocery,Snacks,1579.2,3.0,0.0,17.87
ORD-002166,07-06-2023,10-06-2023,First Class,CUST-00491,Arjun,Chatterjee,Consumer,Tier 2,South,Tamil Nadu,818629.0,Electronics,Accessories,75964.19,5.0,0.0,12297.19
ORD-002167,14-05-2022,16-05-2022,First Class,CUST-00021,Meera,Reddy,Consumer,Tier 1,South,Andhra Pradesh,876153.0,Electronics,Accessories,15323.44,1.0,0.0,2175.94
ORD-002168,15-05-2022,20-05-2022,Second Class,CUST-00383,Kavya,Das,SMB,Tier 1,West,Goa,181569.0,Electronics,Accessories,61952.89,4.0,0.15,16322.29
ORD-002169,30-01-2020,04-02-2020,Second Class,CUST-00279,Vihaan,Joshi,Consumer,Tier 2,South,Andhra Pradesh,647883.0,Clothing,Menswear,1775.53,3.0,0.3,362.67
ORD-002170,21-10-2019,24-10-2019,First Class,CUST-00125,Ishaan,Sharma,Corporate,Tier 2,North,Delhi,685412.0,Furniture,Furnishings,12561.45,2.0,0.1,1556.88
ORD-002171,12-05-2021,17-05-2021,Second Class,CUST-00111,Isha,Bose,Consumer,Tier 1,East,Jharkhand,350609.0,Electronics,Cameras,95863.68,4.0,0.0,19799.42
ORD-002172,12-05-2019,13-05-2019,First Class,CUST-00578,Priya,Nair,Corporate,Tier 1,West,Maharashtra,883322.0,Clothing,Kidswear,5511.29,4.0,0.1,1042.42
ORD-002173,09-07-2023,12-07-2023,Standard Class,CUST-00149,Kavya,Sharma,Corporate,Tier 1,West,Goa,524416.0,Furniture,Storage,6152.44,1.0,0.05,502.16
ORD-002174,14-03-2023,20-03-2023,Second Class,CUST-00405,Priya,Verma,SMB,Tier 2,West,Gujarat,562901.0,Clothing,Kidswear,4847.08,5.0,0.2,588.29
ORD-002175,2020/12/03,10-12-2020,Standard Class,CUST-00407,Myra,Singh,Corporate,Tier 1,South,Andhra Pradesh,705171.0,Furniture,Tables,7859.87,1.0,0.0,912.71
ORD-002176,01-10-2021,05-10-2021,Same Day,CUST-00570,Vivaan,Mukherjee,Corporate,Tier 2,South,Karnataka,364240.0,Clothing,Womenswear,2504.39,2.0,0.2,325.76
ORD-002177,08-09-2020,11-09-2020,Standard Class,CUST-00333,Aadhya,Mukherjee,Corporate,Village,North,Delhi,227007.0,Grocery,Staples,876.37,5.0,0.15,38.81
ORD-002178,21-01-2020,22-01-2020,Same Day,CUST-00277,Saanvi,Bose,Consumer,Tier 1,North,Punjab,677169.0,Electronics,Mobiles,75021.67,4.0,0.15,7399.62
ORD-002179,27-02-2022,04-03-2022,Second Class,CUST-00228,Vivaan,Chatterjee,Corporate,Tier 1,South,Karnataka,348763.0,Clothing,Kidswear,2399.89,3.0,0.05,177.15
ORD-002180,29-05-2021,04-06-2021,Second Class,CUST-00298,Ishaan,Mukherjee,Consumer,Tier 2,South,Kerala,401700.0,Grocery,Staples,297.13,1.0,0.1,76.9
ORD-002181,07-09-2019,10-09-2019,Same Day,CUST-00151,Ananya,Gupta,Corporate,Tier 2,West,Maharashtra,153015.0,Furniture,Tables,15152.93,5.0,0.1,2934.85
ORD-002182,13-07-2019,19-07-2019,Standard Class,CUST-00059,Ishaan,Iyer,SMB,Tier 1,North,Delhi,500618.0,Electronics,Mobiles,28019.86,2.0,0.2,7592.11
ORD-002183,17-11-2022,23-11-2022,Second Class,CUST-00443,Kavya,Chatterjee,Consumer,Tier 1,South,Karnataka,497045.0,Electronics,Cameras,65576.7,4.0,0.15,15643.37
ORD-002184,29-05-2021,30-05-2021,Second Class,CUST-00042,Kavya,Das,Corporate,Tier 1,West,Gujarat,506510.0,Grocery,Staples,1331.38,4.0,0.0,320.43
ORD-002185,03-02-2023,04-02-2023,Same Day,CUST-00020,Diya,Chatterjee,Consumer,Tier 1,East,West Bengal,803863.0,Grocery,Household,3044.27,5.0,0.3,140.31
ORD-002186,13-06-2019,17-06-2019,Second Class,CUST-00437,Myra,Gupta,SMB,Tier 1,South,Andhra Pradesh,682528.0,Furniture,Furnishings,14139.25,2.0,0.0,3250.34
ORD-002187,23-03-2021,26-03-2021,Standard Class,CUST-00319,Anika,Joshi,Consumer,Tier 1,West,Goa,617599.0,Electronics,Accessories,12800.25,1.0,0.3,1614.95
ORD-002188,29-10-2023,30-10-2023,First Class,CUST-00379,Diya,Chatterjee,SMB,Tier 1,South,Andhra Pradesh,845277.0,Clothing,Menswear,2571.8,2.0,0.5,254.1
ORD-002189,2020/12/23,24-12-2020,First Class,CUST-00026,Aadhya,Menon,Consumer,Tier 1,West,Goa,,Electronics,Accessories,27951.57,2.0,0.2,2560.8
ORD-002190,18-08-2021,22-08-2021,Second Class,CUST-00475,Sai,Sharma,Consumer,Tier 2,North,Uttar Pradesh,328733.0,Clothing,Footwear,1186.21,1.0,0.2,214.86
ORD-002191,27-10-2020,01-11-2020,Second Class,CUST-00363,Saanvi,Bose,Consumer,Village,South,Telangana,276650.0,Grocery,Staples,1692.32,4.0,0.2,291.64
ORD-002192,12-05-2022,17-05-2022,Second Class,CUST-00434,Anika,Das,Consumer,Tier 1,North,Rajasthan,207357.0,Furniture,Chairs,6827.53,1.0,0.2,881.29
ORD-002193,08-01-2020,15-01-2020,First Class,CUST-00359,Rohan,Rao,Corporate,Tier 2,North,Delhi,324753.0,Furniture,Furnishings,25602.9,4.0,0.05,1120.65
ORD-002194,13-02-2022,20-02-2022,Standard Class,CUST-00077,Vihaan,Nair,Corporate,Tier 1,North,Haryana,654646.0,Electronics,Mobiles,22940.87,1.0,0.2,1991.0
ORD-002195,13-07-2023,16-07-2023,Second Class,CUST-00350,Aarav,Das,SMB,Tier 1,West,Goa,744372.0,Clothing,Menswear,1182.98,1.0,0.1,-46.58
ORD-002196,28-01-2022,01-02-2022,Second Class,CUST-00463,Diya,Das,Corporate,Tier 1,West,Madhya Pradesh,357499.0,Furniture,Storage,11916.66,2.0,0.1,2962.32
ORD-002197,02-02-2022,03-02-2022,Second Class,CUST-00127,Ishaan,Iyer,SMB,Tier 1,East,West Bengal,132686.0,Electronics,Laptops,41429.93,3.0,0.05,7273.1
ORD-002198,29-08-2020,05-09-2020,Standard Class,CUST-00566,Rohan,Singh,SMB,Village,North,Punjab,415683.0,Clothing,Menswear,2809.32,2.0,0.3,642.19
ORD-002199,14-05-2019,20-05-2019,First Class,CUST-00143,Ananya,Rao,Corporate,Tier 2,South,Andhra Pradesh,678418.0,Electronics,Cameras,26587.98,2.0,0.2,3637.88
ORD-002200,28-06-2021,29-06-2021,First Class,CUST-00441,Ishaan,Mukherjee,Consumer,Tier 1,North,Punjab,191318.0,Clothing,Womenswear,8528.48,5.0,0.3,1189.68
ORD-002201,14-11-2022,17-11-2022,Same Day,CUST-00296,Aadhya,Menon,SMB,Tier 2,South,Telangana,119119.0,Grocery,Beverages,437.76,1.0,0.15,43.12
ORD-002202,09-05-2023,12-05-2023,Standard Class,CUST-00035,Reyansh,Rao,Consumer,Tier 1,East,West Bengal,724091.0,Electronics,Accessories,52735.82,3.0,0.0,9506.03
ORD-002203,29-06-2019,01-07-2019,First Class,CUST-00119,Isha,Joshi,SMB,Tier 1,North,Punjab,292827.0,Furniture,Furnishings,12862.85,4.0,0.15,2651.9
ORD-002204,03-05-2022,08-05-2022,First Class,CUST-00161,Aarav,Verma,Consumer,Tier 2,North,Rajasthan,198841.0,Grocery,Household,1292.1,3.0,0.2,278.27
ORD-002205,15-12-2021,18-12-2021,Standard Class,CUST-00274,Kavya,Sharma,SMB,Tier 2,South,Telangana,762046.0,Clothing,Kidswear,3217.22,3.0,0.2,-143.6
ORD-002206,27-08-2022,03-09-2022,Same Day,CUST-00457,Isha,Iyer,SMB,Tier 1,North,Punjab,,Clothing,Menswear,5921.96,5.0,0.1,1172.7
ORD-002207,2020/05/07,11-05-2020,Standard Class,CUST-00059,Ishaan,Iyer,SMB,Tier 1,North,Delhi,607231.0,Furniture,Storage,14386.28,2.0,0.0,1675.41
ORD-002208,13-11-2019,16-11-2019,First Class,CUST-00217,Aadhya,Nair,Consumer,Tier 2,West,Gujarat,104881.0,Grocery,Snacks,1712.99,4.0,0.15,287.63
ORD-002209,09-03-2023,11-03-2023,Second Class,CUST-00212,Reyansh,Reddy,Corporate,Tier 1,North,Delhi,364426.0,Grocery,Beverages,2061.2,4.0,0.0,197.54
ORD-002210,10-11-2020,17-11-2020,Second Class,CUST-00172,Priya,Mukherjee,Corporate,Tier 2,West,Gujarat,767615.0,Clothing,Kidswear,9912.86,5.0,0.1,1127.87
ORD-002211,28-01-2023,04-02-2023,Same Day,CUST-00055,Krishna,Reddy,Consumer,Tier 1,West,Madhya Pradesh,638189.0,Electronics,Accessories,15251.7,2.0,0.2,2066.13
ORD-002212,29-10-2019,05-11-2019,First Class,CUST-00509,Aadhya,Gupta,Consumer,Tier 2,South,Karnataka,791375.0,Electronics,Cameras,61936.11,5.0,0.3,1828.67
ORD-002213,12-06-2023,15-06-2023,Second Class,CUST-00133,Arjun,Bose,Corporate,Tier 2,South,Telangana,198190.0,Furniture,Chairs,28635.39,5.0,0.15,6123.34
ORD-002214,21-06-2023,24-06-2023,First Class,CUST-00463,Diya,Das,Corporate,Tier 1,West,Madhya Pradesh,606280.0,Grocery,Beverages,1580.75,5.0,0.5,204.99
ORD-002215,12-02-2023,15-02-2023,Second Class,CUST-00189,Aadhya,Das,Corporate,Village,South,Karnataka,609962.0,Electronics,Mobiles,61588.82,4.0,0.1,13227.38
ORD-002216,17-02-2019,23-02-2019,Second Class,CUST-00440,Rohan,Das,SMB,Tier 1,North,Rajasthan,431631.0,Grocery,Household,80.95,1.0,0.3,5.92
ORD-002217,04-08-2022,06-08-2022,Second Class,CUST-00332,Aarav,Mukherjee,SMB,Tier 2,North,Delhi,798161.0,Electronics,Cameras,52068.62,2.0,0.1,16438.06
ORD-002218,31-03-2023,01-04-2023,Same Day,CUST-00409,Diya,Chatterjee,SMB,Tier 2,South,Karnataka,,Grocery,Staples,875.63,3.0,0.15,207.86
ORD-002219,15-08-2021,16-08-2021,Standard Class,CUST-00050,Sai,Joshi,Consumer,Tier 1,West,Madhya Pradesh,695674.0,Grocery,Household,543.23,1.0,0.0,16.5
ORD-002220,01-06-2020,03-06-2020,Standard Class,CUST-00333,Aadhya,Mukherjee,Corporate,Village,North,Delhi,607300.0,Furniture,Furnishings,7100.04,1.0,0.0,1115.53
ORD-002221,23-09-2020,26-09-2020,Second Class,CUST-00599,Sai,Reddy,Consumer,Tier 1,West,Gujarat,412946.0,Grocery,Beverages,383.31,1.0,0.05,66.03
ORD-002222,22-09-2021,23-09-2021,First Class,CUST-00582,Reyansh,Chatterjee,Consumer,Village,North,Uttar Pradesh,267974.0,Electronics,Laptops,49499.43,3.0,0.0,6765.92
ORD-002223,15-01-2020,22-01-2020,Standard Class,CUST-00153,Myra,Gupta,SMB,Tier 1,East,Odisha,481664.0,Clothing,Menswear,2362.7,3.0,0.15,241.31
ORD-002224,16-03-2019,17-03-2019,Same Day,CUST-00077,Vihaan,Nair,Corporate,Tier 1,North,Haryana,592899.0,Grocery,Beverages,385.67,1.0,0.15,62.27
ORD-002225,02-08-2023,05-08-2023,Standard Class,CUST-00336,Aadhya,Nair,SMB,Tier 2,North,Haryana,322720.0,Electronics,Cameras,51701.3,4.0,0.05,13731.41
ORD-002226,09-09-2021,10-09-2021,Same Day,CUST-00035,Reyansh,Rao,Consumer,Tier 1,East,West Bengal,641054.0,Clothing,Kidswear,673.3,1.0,0.2,102.45
ORD-002227,13-06-2022,16-06-2022,Same Day,CUST-00461,Isha,Reddy,SMB,Tier 1,West,Goa,108937.0,Electronics,Mobiles,19493.33,1.0,0.0,5630.29
ORD-002228,17-03-2021,20-03-2021,First Class,CUST-00380,Anika,Mukherjee,Corporate,Tier 1,North,Punjab,662630.0,Electronics,Laptops,57097.61,5.0,0.5,6195.07
ORD-002229,20-03-2019,21-03-2019,Second Class,CUST-00126,Aditya,Das,SMB,Village,East,Bihar,463178.0,Grocery,Staples,573.26,1.0,0.05,132.91
ORD-002230,14-12-2023,19-12-2023,Standard Class,CUST-00324,Meera,Sharma,Corporate,Tier 2,North,Delhi,654508.0,Furniture,Tables,22500.35,3.0,0.2,2403.46
ORD-002231,11-02-2021,18-02-2021,Second Class,CUST-00316,Reyansh,Iyer,SMB,Tier 2,North,Delhi,215497.0,Furniture,Storage,35346.76,5.0,0.2,4977.48
ORD-002232,19-01-2022,22-01-2022,Standard Class,CUST-00165,Isha,Mukherjee,Corporate,Tier 2,East,Odisha,487481.0,Electronics,Accessories,103274.33,4.0,0.1,13875.9
ORD-002233,09-12-2020,11-12-2020,Standard Class,CUST-00465,Aditya,Gupta,Corporate,Tier 1,East,West Bengal,776957.0,Clothing,Kidswear,5409.17,4.0,0.0,888.33
ORD-002234,30-09-2023,04-10-2023,Standard Class,CUST-00236,Diya,Gupta,Corporate,Tier 1,West,Madhya Pradesh,587255.0,Grocery,Staples,3210.17,5.0,0.0,263.85
ORD-002235,13-08-2019,15-08-2019,First Class,CUST-00003,Aadhya,Chatterjee,Corporate,Tier 1,North,Rajasthan,180653.0,Electronics,Accessories,10905.63,1.0,0.2,1840.51
ORD-002236,25-04-2019,26-04-2019,Second Class,CUST-00553,Priya,Chatterjee,Corporate,Tier 1,West,Maharashtra,862000.0,Grocery,Staples,727.22,2.0,0.05,61.11
ORD-002237,18-10-2020,22-10-2020,Standard Class,CUST-00232,Vihaan,Verma,SMB,Tier 1,South,Karnataka,598970.0,Electronics,Cameras,36027.38,2.0,0.3,6860.91
ORD-002238,28-12-2019,31-12-2019,Same Day,CUST-00095,Vivaan,Nair,Consumer,Tier 2,East,West Bengal,855043.0,Furniture,Chairs,23676.21,5.0,0.1,2872.46
ORD-002239,18-11-2020,24-11-2020,Standard Class,CUST-00539,Isha,Chatterjee,SMB,Tier 1,South,Telangana,796424.0,Clothing,Womenswear,8818.74,5.0,0.05,1470.65
ORD-002240,10-11-2019,11-11-2019,Second Class,CUST-00150,Anika,Menon,Consumer,Tier 1,North,Uttar Pradesh,516535.0,Electronics,Cameras,100084.55,5.0,0.0,25789.82
ORD-002241,29-05-2020,04-06-2020,Standard Class,CUST-00286,Priya,Das,SMB,Tier 1,South,Tamil Nadu,264551.0,Grocery,Household,1429.05,3.0,0.3,30.71
ORD-002242,24-05-2021,31-05-2021,Second Class,CUST-00068,Diya,Chatterjee,SMB,Tier 2,South,Telangana,883686.0,Clothing,Menswear,5282.28,4.0,0.0,1166.68
ORD-002243,11-01-2019,17-01-2019,Second Class,CUST-00314,Diya,Nair,Consumer,Village,East,Jharkhand,719876.0,Clothing,Menswear,3374.95,2.0,0.0,445.74
ORD-002244,22-07-2022,26-07-2022,Second Class,CUST-00293,Sai,Bose,Corporate,Tier 1,East,Jharkhand,696670.0,Electronics,Accessories,31048.61,3.0,0.0,5595.43
ORD-002245,10-10-2021,14-10-2021,Second Class,CUST-00157,Saanvi,Gupta,Consumer,Tier 1,North,Rajasthan,883867.0,Clothing,Menswear,2175.74,2.0,0.15,270.23
ORD-002246,17-05-2020,24-05-2020,,CUST-00229,Isha,Menon,SMB,Tier 1,East,Odisha,665344.0,Furniture,Storage,23246.65,4.0,0.1,3633.31
ORD-002247,15-10-2023,16-10-2023,Standard Class,CUST-00352,Rohan,Singh,Consumer,Tier 2,South,Tamil Nadu,741216.0,Clothing,Womenswear,2575.48,2.0,0.0,256.8
ORD-002248,04-07-2021,06-07-2021,First Class,CUST-00083,Aarav,Gupta,SMB,Tier 2,East,Jharkhand,114548.0,Grocery,Beverages,1396.4,3.0,0.5,167.07
ORD-002249,02-08-2020,09-08-2020,,CUST-00043,Ananya,Singh,SMB,Tier 2,South,Tamil Nadu,401267.0,Electronics,Laptops,35067.31,2.0,0.3,2449.32
ORD-002250,27-05-2021,29-05-2021,First Class,CUST-00011,Myra,Iyer,Corporate,Tier 1,North,Uttar Pradesh,792774.0,Clothing,Menswear,4084.56,3.0,0.5,387.17
ORD-002251,02-07-2020,03-07-2020,Standard Class,CUST-00254,Vihaan,Gupta,Corporate,Tier 1,West,Maharashtra,301935.0,Electronics,Mobiles,47016.92,3.0,0.2,10941.25
ORD-002252,05-07-2023,07-07-2023,Standard Class,CUST-00002,Anika,Reddy,Consumer,Tier 2,East,Jharkhand,374578.0,Electronics,Accessories,21397.07,1.0,0.1,2842.26
ORD-002253,27-03-2021,29-03-2021,First Class,CUST-00577,Sai,Nair,Corporate,Tier 1,North,Uttar Pradesh,855071.0,Clothing,Womenswear,7943.95,5.0,0.0,1666.34
ORD-002254,26-01-2020,28-01-2020,Standard Class,CUST-00176,Isha,Verma,SMB,Tier 2,North,Punjab,836712.0,Electronics,Laptops,55077.78,4.0,0.2,12435.81
ORD-002255,03-05-2020,09-05-2020,Second Class,CUST-00462,Myra,Chatterjee,SMB,Tier 1,West,Maharashtra,692488.0,Clothing,Kidswear,8717.04,5.0,0.0,911.78
ORD-002256,31-05-2020,01-06-2020,Second Class,CUST-00167,Saanvi,Singh,Corporate,Village,North,Delhi,231598.0,Furniture,Furnishings,45909.2,5.0,0.0,9323.9
ORD-002257,2022/11/03,09-11-2022,Second Class,CUST-00054,Myra,Patel,Corporate,Tier 2,West,Maharashtra,566790.0,Furniture,Furnishings,15241.52,2.0,0.5,2353.78
ORD-002258,05-01-2022,08-01-2022,Second Class,CUST-00588,Saanvi,Sharma,Corporate,Tier 2,North,Rajasthan,,Electronics,Laptops,46364.02,2.0,0.05,5196.48
ORD-002259,04-04-2022,07-04-2022,Second Class,CUST-00355,Vivaan,Iyer,Corporate,Tier 1,West,Maharashtra,427203.0,Clothing,Womenswear,1439.4,1.0,0.2,38.18
ORD-002260,08-02-2023,09-02-2023,First Class,CUST-00586,Ishaan,Das,Consumer,Village,West,Gujarat,519395.0,Grocery,Beverages,1886.78,4.0,0.15,217.7
ORD-002261,2023/11/07,08-11-2023,Standard Class,CUST-00086,Meera,Das,SMB,Tier 2,East,Bihar,654081.0,Clothing,Menswear,4211.72,3.0,0.2,730.89
ORD-002262,19-11-2022,22-11-2022,Second Class,CUST-00125,Ishaan,Sharma,Corporate,Tier 2,North,Delhi,151658.0,Clothing,Kidswear,3206.9,3.0,0.2,127.0
ORD-002263,06-10-2021,12-10-2021,Second Class,CUST-00268,Myra,Sharma,Consumer,Tier 1,East,Jharkhand,563594.0,Clothing,Kidswear,1123.57,1.0,0.15,257.55
ORD-002264,01-01-2020,06-01-2020,Standard Class,CUST-00393,Vihaan,Patel,Consumer,Tier 1,West,Gujarat,669797.0,Clothing,Womenswear,9702.73,5.0,0.05,1310.62
ORD-002265,01-10-2020,05-10-2020,Same Day,CUST-00199,Diya,Nair,SMB,Tier 2,West,Gujarat,326157.0,Grocery,Beverages,1284.33,4.0,0.3,212.34
ORD-002266,29-10-2019,05-11-2019,Standard Class,CUST-00539,Isha,Chatterjee,SMB,Tier 1,South,Telangana,410919.0,Furniture,Storage,5133.54,1.0,0.05,1056.27
ORD-002267,25-08-2020,27-08-2020,Same Day,CUST-00546,Ishaan,Patel,SMB,Tier 1,East,Jharkhand,470715.0,Electronics,Cameras,36983.56,2.0,0.0,7531.86
ORD-002268,30-09-2023,07-10-2023,First Class,CUST-00569,Priya,Bose,Corporate,Tier 2,North,Haryana,217003.0,Electronics,Mobiles,14510.16,3.0,0.3,2063.33
ORD-002269,14-06-2022,21-06-2022,Same Day,CUST-00266,Vihaan,Gupta,Corporate,Tier 1,East,Bihar,831643.0,Furniture,Chairs,15476.58,5.0,0.1,1434.18
ORD-002270,21-01-2019,27-01-2019,Second Class,CUST-00519,Myra,Reddy,SMB,Tier 2,West,Gujarat,554088.0,Clothing,Womenswear,4406.07,3.0,0.15,900.33
ORD-002271,16-01-2021,20-01-2021,First Class,CUST-00407,Myra,Singh,Corporate,Tier 1,South,Andhra Pradesh,248183.0,Furniture,Chairs,19794.65,5.0,0.05,124.31
ORD-002272,16-10-2021,18-10-2021,Standard Class,CUST-00045,Reyansh,Verma,Corporate,Tier 2,East,West Bengal,378145.0,Clothing,Kidswear,3147.88,2.0,0.1,579.44
ORD-002273,29-10-2023,31-10-2023,First Class,CUST-00329,Vihaan,Singh,Consumer,Village,West,Gujarat,752932.0,Clothing,Womenswear,1276.0,1.0,0.05,209.33
ORD-002274,06-01-2021,10-01-2021,Standard Class,CUST-00001,Vivaan,Chatterjee,Corporate,Tier 2,South,Telangana,152866.0,Grocery,Snacks,923.45,2.0,0.0,78.82
ORD-002275,29-12-2022,03-01-2023,Standard Class,CUST-00228,Vivaan,Chatterjee,Corporate,Tier 1,South,Karnataka,869630.0,Furniture,Storage,15723.66,2.0,0.3,2010.37
ORD-002276,15-07-2019,21-07-2019,First Class,CUST-00009,Ananya,Iyer,SMB,Village,East,Jharkhand,340112.0,Electronics,Mobiles,70854.37,4.0,0.05,16214.08
ORD-002277,16-12-2021,18-12-2021,Standard Class,CUST-00269,Arjun,Joshi,SMB,Tier 2,North,Punjab,398169.0,Grocery,Staples,1979.66,4.0,0.3,293.54
ORD-002278,24-03-2019,28-03-2019,Standard Class,CUST-00256,Meera,Iyer,Consumer,Village,South,Kerala,734521.0,Clothing,Kidswear,2174.87,2.0,0.1,245.83
ORD-002279,19-07-2019,23-07-2019,Same Day,CUST-00454,Priya,Patel,Corporate,Tier 1,West,Goa,129369.0,Grocery,Beverages,934.27,3.0,0.5,120.68
ORD-002280,21-07-2020,22-07-2020,First Class,CUST-00001,Vivaan,Chatterjee,Corporate,Tier 2,South,Telangana,439215.0,Furniture,Tables,26398.08,3.0,0.1,7778.12
ORD-002281,15-02-2022,20-02-2022,Same Day,CUST-00058,Vihaan,Bose,SMB,Tier 2,South,Andhra Pradesh,679397.0,Grocery,Snacks,1138.89,5.0,0.3,102.42
ORD-002282,22-10-2022,24-10-2022,Same Day,CUST-00351,Saanvi,Joshi,Consumer,Village,South,Andhra Pradesh,609458.0,Electronics,Cameras,74239.87,4.0,0.1,17308.22
ORD-002283,30-08-2019,06-09-2019,Standard Class,CUST-00154,Aarav,Chatterjee,Corporate,Tier 1,South,Karnataka,462276.0,Electronics,Laptops,66795.04,3.0,0.5,1764.22
ORD-002284,17-07-2020,21-07-2020,Same Day,CUST-00429,Reyansh,Gupta,Corporate,Village,East,Jharkhand,212987.0,Electronics,Mobiles,103702.0,5.0,0.1,16137.34
ORD-002285,28-12-2019,29-12-2019,Standard Class,CUST-00370,Rohan,Gupta,Corporate,Tier 1,South,Tamil Nadu,839871.0,Electronics,Accessories,31285.19,2.0,0.5,1315.09
ORD-002286,07-07-2020,14-07-2020,Same Day,CUST-00502,Anika,Sharma,Corporate,Tier 1,West,Goa,637638.0,Furniture,Furnishings,18055.74,2.0,0.2,1438.27
ORD-002287,21-07-2019,26-07-2019,Second Class,CUST-00311,Aarav,Chatterjee,SMB,Tier 2,West,Maharashtra,435601.0,Furniture,Furnishings,30144.03,5.0,0.05,1191.51
ORD-002288,02-09-2020,08-09-2020,Second Class,CUST-00468,Isha,Iyer,Corporate,Village,East,Odisha,135427.0,Furniture,Tables,6125.6,1.0,0.15,1175.23
ORD-002289,08-10-2020,10-10-2020,Second Class,CUST-00515,Sai,Rao,Corporate,Tier 1,East,West Bengal,118563.0,Clothing,Kidswear,2201.75,3.0,0.3,416.8
ORD-002290,14-11-2019,19-11-2019,Same Day,CUST-00064,Krishna,Verma,Corporate,Village,East,Bihar,239191.0,Clothing,Menswear,11220.35,5.0,0.0,2235.86
ORD-002291,04-02-2022,10-02-2022,First Class,CUST-00232,Vihaan,Verma,SMB,Tier 1,South,Karnataka,496246.0,Clothing,Kidswear,3328.48,2.0,0.0,502.51
ORD-002292,06-01-2020,11-01-2020,First Class,CUST-00356,Reyansh,Reddy,Consumer,Tier 1,East,Odisha,460082.0,Electronics,Accessories,34919.89,3.0,0.0,1444.39
ORD-002293,08-09-2019,10-09-2019,Second Class,CUST-00280,Priya,Bose,Corporate,Tier 1,East,Bihar,305681.0,Grocery,Household,287.87,1.0,0.2,19.47
ORD-002294,05-02-2020,07-02-2020,First Class,CUST-00561,Kavya,Rao,Corporate,Tier 1,South,Kerala,123851.0,Grocery,Household,397.98,1.0,0.15,38.66
ORD-002295,11-10-2020,16-10-2020,Same Day,CUST-00207,Kavya,Patel,Consumer,Tier 1,North,Rajasthan,454358.0,Electronics,Accessories,78971.42,4.0,0.15,10990.67
ORD-002296,25-01-2022,26-01-2022,Same Day,CUST-00113,Rohan,Das,Consumer,Tier 2,East,Bihar,421909.0,Grocery,Beverages,1091.8,3.0,0.3,116.24
ORD-002297,14-12-2023,21-12-2023,First Class,CUST-00132,Rohan,Reddy,Corporate,Tier 1,West,Goa,305865.0,Clothing,Menswear,9811.16,5.0,0.5,837.67
ORD-002298,13-06-2023,16-06-2023,Second Class,CUST-00148,Sai,Singh,Consumer,Tier 2,East,Odisha,214551.0,Electronics,Laptops,23828.19,1.0,0.05,5187.38
ORD-002299,18-07-2021,21-07-2021,Second Class,CUST-00159,Arjun,Joshi,SMB,Tier 1,North,Uttar Pradesh,747419.0,Clothing,Kidswear,2823.68,2.0,0.0,693.25
ORD-002300,22-11-2020,29-11-2020,Second Class,CUST-00217,Aadhya,Nair,Consumer,Tier 2,West,Gujarat,269589.0,Furniture,Chairs,51149.54,5.0,0.0,6037.12
ORD-002301,07-08-2019,08-08-2019,Second Class,CUST-00051,Ananya,Sharma,Consumer,Village,South,Andhra Pradesh,158037.0,Furniture,Storage,42176.88,5.0,0.05,5073.43
ORD-002302,27-03-2020,29-03-2020,Standard Class,CUST-00551,Aadhya,Sharma,Consumer,Tier 1,South,Telangana,,Clothing,Womenswear,2074.1,3.0,0.2,453.85
ORD-002303,25-01-2020,31-01-2020,Same Day,CUST-00402,Meera,Chatterjee,Consumer,Village,East,Odisha,614161.0,Furniture,Furnishings,17006.31,4.0,0.1,1608.57
ORD-002304,03-12-2021,07-12-2021,Second Class,CUST-00290,Isha,Verma,Corporate,Tier 1,East,Jharkhand,277485.0,Grocery,Household,248.12,1.0,0.0,43.31
ORD-002305,18-05-2023,24-05-2023,Same Day,CUST-00469,Vivaan,Reddy,SMB,Tier 1,East,West Bengal,340269.0,Electronics,Laptops,64196.03,4.0,0.0,8346.55
ORD-002306,15-05-2021,18-05-2021,First Class,CUST-00240,Diya,Menon,SMB,Tier 2,North,Haryana,335977.0,Furniture,Tables,9875.98,2.0,0.15,1627.36
ORD-002307,16-09-2020,23-09-2020,First Class,CUST-00418,Kavya,Nair,SMB,Tier 1,North,Haryana,193751.0,Electronics,Mobiles,9779.45,1.0,0.05,2182.26
ORD-002308,04-04-2019,06-04-2019,Same Day,CUST-00054,Myra,Patel,Corporate,Tier 2,West,Maharashtra,234748.0,Electronics,Cameras,18580.95,1.0,0.0,3067.1
ORD-002309,10-01-2020,17-01-2020,Same Day,CUST-00396,Aarav,Gupta,SMB,Tier 1,South,Andhra Pradesh,804097.0,Electronics,Mobiles,70306.46,5.0,0.05,8146.4
ORD-002310,19-11-2023,26-11-2023,Standard Class,CUST-00256,Meera,Iyer,Consumer,Village,South,Kerala,422285.0,Grocery,Beverages,3216.81,5.0,0.3,524.64
ORD-002311,09-03-2020,11-03-2020,First Class,CUST-00145,Aadhya,Singh,Consumer,Tier 2,West,Maharashtra,144142.0,Clothing,Womenswear,1050.69,4.0,0.0,20.31
ORD-002312,21-07-2023,26-07-2023,Standard Class,CUST-00183,Myra,Menon,Corporate,Tier 2,West,Maharashtra,705235.0,Grocery,Staples,709.24,2.0,0.3,122.15
ORD-002313,11-08-2022,15-08-2022,Second Class,CUST-00532,Sai,Menon,Consumer,Village,East,Bihar,413152.0,Grocery,Household,890.11,2.0,0.1,141.87
ORD-002314,15-08-2019,20-08-2019,First Class,CUST-00065,Ananya,Nair,SMB,Tier 2,West,Gujarat,747687.0,Grocery,Staples,762.18,2.0,0.5,95.44
ORD-002315,26-09-2023,30-09-2023,First Class,CUST-00411,Sai,Bose,SMB,Village,North,Punjab,206309.0,Electronics,Mobiles,43119.66,4.0,0.5,3372.69
ORD-002316,18-06-2021,25-06-2021,Same Day,CUST-00207,Kavya,Patel,Consumer,Tier 1,North,Rajasthan,488476.0,Clothing,Kidswear,2469.97,2.0,0.3,290.36
ORD-002317,06-10-2023,10-10-2023,Second Class,CUST-00311,Aarav,Chatterjee,SMB,Tier 2,West,Maharashtra,276000.0,Electronics,Mobiles,49336.48,3.0,0.15,5440.96
ORD-002318,31-12-2020,01-01-2021,First Class,CUST-00526,Aarav,Gupta,SMB,Tier 1,East,Bihar,868618.0,Furniture,Storage,17477.72,4.0,0.1,2884.65
ORD-002319,13-05-2022,14-05-2022,Second Class,CUST-00504,Kavya,Mukherjee,Consumer,Tier 1,South,Tamil Nadu,439690.0,Grocery,Beverages,769.97,3.0,0.2,49.12
ORD-002320,26-01-2022,29-01-2022,First Class,CUST-00015,Priya,Iyer,SMB,Tier 2,North,Rajasthan,261714.0,Furniture,Storage,5506.65,2.0,0.1,1184.11
ORD-002321,17-07-2019,22-07-2019,Standard Class,CUST-00574,Aditya,Menon,Corporate,Tier 1,South,Karnataka,524795.0,Furniture,Tables,15803.38,3.0,0.0,3662.89
ORD-002322,03-09-2019,07-09-2019,Same Day,CUST-00140,Ishaan,Iyer,Consumer,Tier 2,North,Haryana,241534.0,Grocery,Snacks,1088.56,2.0,0.15,113.67
ORD-002323,18-03-2022,21-03-2022,First Class,CUST-00247,Isha,Menon,Corporate,Tier 1,West,Madhya Pradesh,396607.0,Grocery,Beverages,2006.62,3.0,0.3,300.53
ORD-002324,04-06-2022,06-06-2022,Same Day,CUST-00259,Aarav,Singh,Consumer,Tier 2,West,Maharashtra,760724.0,Electronics,Mobiles,61699.6,4.0,0.1,14893.03
ORD-002325,13-07-2020,17-07-2020,Second Class,CUST-00206,Diya,Patel,Corporate,Tier 2,South,Andhra Pradesh,256951.0,Electronics,Mobiles,78754.0,4.0,0.0,12259.26
ORD-002326,08-08-2021,09-08-2021,First Class,CUST-00388,Reyansh,Sharma,Consumer,Tier 2,West,Goa,871511.0,Electronics,Accessories,30952.8,3.0,0.0,6487.61
ORD-002327,02-05-2022,03-05-2022,Second Class,CUST-00069,Saanvi,Sharma,Corporate,Tier 2,North,Punjab,122159.0,Clothing,Menswear,1931.08,1.0,0.15,203.52
ORD-002328,11-05-2022,17-05-2022,First Class,CUST-00146,Reyansh,Gupta,Corporate,Tier 1,North,Delhi,893072.0,Furniture,Storage,37535.97,5.0,0.5,3515.46
ORD-002329,04-04-2020,07-04-2020,Standard Class,CUST-00583,Reyansh,Sharma,SMB,Tier 1,East,West Bengal,657039.0,Clothing,Menswear,2049.69,2.0,0.0,304.83
ORD-002330,06-02-2021,11-02-2021,Standard Class,CUST-00430,Isha,Menon,Corporate,Tier 2,East,Odisha,421073.0,Clothing,Womenswear,7613.48,4.0,0.0,1508.86
ORD-002331,02-04-2023,09-04-2023,First Class,CUST-00373,Myra,Chatterjee,Corporate,Village,South,Telangana,138241.0,Clothing,Kidswear,4699.23,3.0,0.5,511.18
ORD-002332,31-01-2021,02-02-2021,First Class,CUST-00094,Saanvi,Reddy,SMB,Tier 2,East,Bihar,167858.0,Clothing,Footwear,6725.48,5.0,0.05,1275.05
ORD-002333,26-10-2021,02-11-2021,Second Class,CUST-00220,Aarav,Mukherjee,Consumer,Tier 2,North,Delhi,613201.0,Grocery,Household,250.0,5.0,0.5,25.65
ORD-002334,02-09-2023,07-09-2023,Standard Class,CUST-00006,Diya,Mukherjee,SMB,Tier 2,South,Kerala,382690.0,Grocery,Staples,831.01,2.0,0.5,62.88
ORD-002335,25-08-2019,26-08-2019,Same Day,CUST-00502,Anika,Sharma,Corporate,Tier 1,West,Goa,428255.0,Electronics,Cameras,60578.17,4.0,0.1,10472.83
ORD-002336,05-10-2021,08-10-2021,Second Class,CUST-00334,Aditya,Nair,SMB,Tier 2,East,Bihar,275354.0,Furniture,Chairs,25286.86,5.0,0.2,5070.93
ORD-002337,31-08-2021,04-09-2021,Same Day,CUST-00179,Anika,Patel,Consumer,Tier 2,West,Maharashtra,700578.0,Furniture,Tables,12398.32,2.0,0.2,2684.62
ORD-002338,02-01-2020,03-01-2020,Same Day,CUST-00013,Priya,Menon,Consumer,Tier 2,South,Kerala,292672.0,Clothing,Womenswear,3265.31,2.0,0.05,165.36
ORD-002339,16-12-2022,21-12-2022,Same Day,CUST-00309,Ishaan,Rao,SMB,Village,South,Andhra Pradesh,332026.0,Clothing,Kidswear,5317.66,3.0,0.15,1629.13
ORD-002340,29-06-2020,02-07-2020,Same Day,CUST-00537,Meera,Nair,Consumer,Tier 2,South,Kerala,596406.0,Furniture,Storage,44398.28,5.0,0.2,3507.84
ORD-002341,11-09-2019,17-09-2019,Second Class,CUST-00407,Myra,Singh,Corporate,Tier 1,South,Andhra Pradesh,493144.0,Furniture,Storage,6504.83,1.0,0.2,549.57
ORD-002342,10-12-2019,14-12-2019,Same Day,CUST-00045,Reyansh,Verma,Corporate,Tier 2,East,West Bengal,873090.0,Furniture,Chairs,19853.53,2.0,0.2,1535.98
ORD-002343,18-06-2020,23-06-2020,First Class,CUST-00013,Priya,Menon,Consumer,Tier 2,South,Kerala,776422.0,Grocery,Beverages,495.35,1.0,0.0,48.67
ORD-002344,04-10-2019,08-10-2019,Standard Class,CUST-00498,Ananya,Chatterjee,Consumer,Tier 1,West,Maharashtra,757102.0,Electronics,Mobiles,33999.31,5.0,0.0,7465.65
ORD-002345,27-03-2023,03-04-2023,Same Day,CUST-00112,Meera,Nair,SMB,Tier 1,West,Goa,618786.0,Electronics,Laptops,49066.89,3.0,0.1,5979.38
ORD-002346,24-05-2023,27-05-2023,Second Class,CUST-00447,Rohan,Rao,Corporate,Tier 2,West,Madhya Pradesh,142955.0,Clothing,Footwear,2589.68,3.0,0.05,329.93
ORD-002347,25-01-2022,30-01-2022,Standard Class,CUST-00334,Aditya,Nair,SMB,Tier 2,East,Bihar,406187.0,Electronics,Cameras,6218.34,1.0,0.3,1037.03
ORD-002348,15-05-2020,20-05-2020,Second Class,CUST-00143,Ananya,Rao,Corporate,Tier 2,South,Andhra Pradesh,480672.0,Clothing,Menswear,3427.66,5.0,0.15,30.3
ORD-002349,28-05-2021,31-05-2021,Second Class,CUST-00115,Reyansh,Patel,Consumer,Tier 2,South,Telangana,808771.0,Grocery,Staples,1103.54,4.0,0.15,165.91
ORD-002350,11-02-2021,18-02-2021,Same Day,CUST-00193,Vihaan,Bose,SMB,Tier 1,East,Bihar,431215.0,Electronics,Cameras,18784.75,1.0,0.0,4890.96
ORD-002351,26-12-2020,29-12-2020,Second Class,CUST-00442,Krishna,Reddy,Corporate,Tier 1,South,Tamil Nadu,413652.0,Clothing,Menswear,8024.65,5.0,0.0,90.82
ORD-002352,10-08-2019,13-08-2019,Second Class,CUST-00368,Priya,Mukherjee,SMB,Tier 1,East,Odisha,191793.0,Electronics,Laptops,13214.81,1.0,0.2,649.3
ORD-002353,10-06-2020,13-06-2020,Same Day,CUST-00402,Meera,Chatterjee,Consumer,Village,East,Odisha,135725.0,Electronics,Laptops,51591.01,4.0,0.15,10458.55
ORD-002354,25-01-2022,26-01-2022,Standard Class,CUST-00089,Arjun,Reddy,Consumer,Tier 1,North,Haryana,310160.0,Electronics,Mobiles,29443.23,2.0,0.5,2183.57
ORD-002355,22-12-2021,28-12-2021,First Class,CUST-00370,Rohan,Gupta,Corporate,Tier 1,South,Tamil Nadu,,Electronics,Cameras,67454.37,4.0,0.1,11143.47
ORD-002356,26-04-2020,29-04-2020,First Class,CUST-00571,Myra,Chatterjee,Consumer,Tier 2,South,Telangana,638337.0,Clothing,Menswear,3568.27,4.0,0.05,459.86
ORD-002357,23-12-2023,25-12-2023,First Class,CUST-00198,Myra,Bose,Consumer,Tier 1,South,Andhra Pradesh,356438.0,Clothing,Womenswear,2315.45,2.0,0.15,477.1
ORD-002358,18-12-2022,23-12-2022,Second Class,CUST-00340,Saanvi,Menon,SMB,Tier 2,West,Maharashtra,111364.0,Clothing,Kidswear,5355.87,3.0,0.2,657.91
ORD-002359,04-05-2020,08-05-2020,Standard Class,CUST-00528,Kavya,Patel,Corporate,Tier 2,North,Punjab,440574.0,Electronics,Accessories,61331.69,4.0,0.2,7507.23
ORD-002360,01-10-2021,05-10-2021,Second Class,CUST-00454,Priya,Patel,Corporate,Tier 1,West,Goa,603572.0,Grocery,Household,1139.9,3.0,0.15,142.94
ORD-002361,17-07-2019,18-07-2019,Standard Class,CUST-00401,Myra,Patel,SMB,Tier 1,North,Delhi,459470.0,Clothing,Footwear,780.65,1.0,0.0,74.75
ORD-002362,13-07-2023,16-07-2023,Same Day,CUST-00423,Sai,Bose,Consumer,Tier 1,South,Telangana,569843.0,Grocery,Household,1189.17,3.0,0.0,292.33
ORD-002363,18-03-2022,24-03-2022,Standard Class,CUST-00263,Ishaan,Iyer,SMB,Tier 1,South,Tamil Nadu,251699.0,Furniture,Furnishings,17483.32,2.0,0.0,685.53
ORD-002364,26-05-2021,30-05-2021,Same Day,CUST-00588,Saanvi,Sharma,Corporate,Tier 2,North,Rajasthan,466441.0,Furniture,Chairs,18846.58,3.0,0.3,2327.26
ORD-002365,27-05-2021,01-06-2021,Second Class,CUST-00235,Vihaan,Nair,SMB,Tier 1,North,Haryana,135757.0,Clothing,Footwear,516.42,1.0,0.2,55.29
ORD-002366,22-12-2022,27-12-2022,Standard Class,CUST-00302,Sai,Nair,Consumer,Village,South,Kerala,502143.0,Furniture,Furnishings,25363.91,4.0,0.5,2457.07
ORD-002367,07-01-2023,12-01-2023,Second Class,CUST-00138,Priya,Iyer,Corporate,Tier 2,West,Maharashtra,454920.0,Clothing,Womenswear,4894.24,3.0,0.0,827.84
ORD-002368,2023/07/09,11-07-2023,Standard Class,CUST-00143,Ananya,Rao,Corporate,Tier 2,South,Andhra Pradesh,796408.0,Electronics,Accessories,80136.74,5.0,0.0,12918.18
ORD-002369,20-04-2020,23-04-2020,Same Day,CUST-00038,Aditya,Chatterjee,Consumer,Tier 2,South,Andhra Pradesh,764435.0,Clothing,Womenswear,1141.1,2.0,0.0,226.05
ORD-002370,10-12-2021,16-12-2021,First Class,CUST-00163,Priya,Sharma,SMB,Tier 1,South,Kerala,350148.0,Electronics,Mobiles,69396.56,4.0,0.5,1997.31
ORD-002371,16-05-2020,21-05-2020,Same Day,CUST-00530,Arjun,Bose,Corporate,Tier 2,North,Uttar Pradesh,294529.0,Clothing,Womenswear,5475.1,4.0,0.0,2253.64
ORD-002372,14-01-2020,17-01-2020,First Class,CUST-00144,Ananya,Das,SMB,Tier 2,North,Rajasthan,848557.0,Grocery,Snacks,1491.58,3.0,0.3,81.64
ORD-002373,26-07-2021,01-08-2021,Standard Class,CUST-00401,Myra,Patel,SMB,Tier 1,North,Delhi,187873.0,Electronics,Mobiles,35557.03,2.0,0.15,3582.88
ORD-002374,05-07-2022,09-07-2022,First Class,CUST-00127,Ishaan,Iyer,SMB,Tier 1,East,West Bengal,434762.0,Clothing,Kidswear,1851.46,5.0,0.0,174.74
ORD-002375,08-07-2020,11-07-2020,Same Day,CUST-00110,Diya,Gupta,SMB,Tier 1,East,Odisha,858124.0,Electronics,Cameras,67275.84,4.0,0.3,8071.33
ORD-002376,27-05-2019,31-05-2019,Standard Class,CUST-00217,Aadhya,Nair,Consumer,Tier 2,West,Gujarat,232218.0,Electronics,Cameras,25843.6,3.0,0.0,4369.74
ORD-002377,20-09-2023,23-09-2023,Same Day,CUST-00217,Aadhya,Nair,Consumer,Tier 2,West,Gujarat,569163.0,Electronics,Mobiles,54803.67,4.0,0.05,5029.08
ORD-002378,15-11-2019,17-11-2019,Same Day,CUST-00201,Anika,Reddy,Consumer,Village,South,Karnataka,808313.0,Electronics,Laptops,14679.27,1.0,0.05,2709.09
ORD-002379,2020/02/23,26-02-2020,Second Class,CUST-00182,Aarav,Bose,Consumer,Tier 2,South,Karnataka,168260.0,Clothing,Womenswear,3973.38,4.0,0.5,315.4
ORD-002380,04-03-2019,09-03-2019,Same Day,CUST-00426,Meera,Singh,SMB,Tier 1,South,Telangana,823223.0,Clothing,Footwear,2366.69,2.0,0.0,207.56
ORD-002381,20-01-2019,24-01-2019,First Class,CUST-00029,Reyansh,Verma,Corporate,Tier 2,West,Gujarat,367668.0,Grocery,Household,1859.17,3.0,0.05,545.32
ORD-002382,03-02-2021,06-02-2021,Same Day,CUST-00154,Aarav,Chatterjee,Corporate,Tier 1,South,Karnataka,128393.0,Grocery,Household,1383.7,3.0,0.0,187.72
ORD-002383,21-06-2019,24-06-2019,Same Day,CUST-00106,Myra,Menon,Corporate,Tier 2,East,Jharkhand,765935.0,Electronics,Laptops,62999.68,4.0,0.05,14810.93
ORD-002384,14-01-2023,20-01-2023,Same Day,CUST-00285,Arjun,Joshi,Corporate,Tier 1,South,Tamil Nadu,516224.0,Clothing,Kidswear,1806.39,2.0,0.1,222.72
ORD-002385,18-10-2020,20-10-2020,Same Day,CUST-00557,Ishaan,Reddy,Corporate,Village,West,Goa,677851.0,Electronics,Accessories,103163.27,5.0,0.0,19232.81
ORD-002386,24-12-2021,29-12-2021,Standard Class,CUST-00140,Ishaan,Iyer,Consumer,Tier 2,North,Haryana,119262.0,Electronics,Cameras,37379.46,3.0,0.1,10677.53
ORD-002387,11-09-2022,15-09-2022,Second Class,CUST-00273,Reyansh,Reddy,Consumer,Village,North,Delhi,812815.0,Clothing,Footwear,2175.77,3.0,0.2,528.93
ORD-002388,22-09-2023,28-09-2023,First Class,CUST-00546,Ishaan,Patel,SMB,Tier 1,East,Jharkhand,351905.0,Electronics,Cameras,30726.16,2.0,0.3,3395.38
ORD-002389,15-09-2022,17-09-2022,Same Day,CUST-00231,Myra,Iyer,SMB,Tier 2,East,West Bengal,353562.0,Electronics,Mobiles,65772.03,4.0,0.5,2020.09
ORD-002390,14-07-2020,15-07-2020,Same Day,CUST-00562,Diya,Rao,SMB,Tier 2,East,West Bengal,709906.0,Clothing,Womenswear,4139.12,4.0,0.0,582.86
ORD-002391,16-09-2021,19-09-2021,Same Day,CUST-00324,Meera,Sharma,Corporate,Tier 2,North,Delhi,581246.0,Electronics,Cameras,25099.98,2.0,0.0,2677.96
ORD-002392,13-12-2019,14-12-2019,,CUST-00395,Krishna,Patel,Consumer,Tier 2,South,Tamil Nadu,163970.0,Electronics,Mobiles,62290.45,3.0,0.0,7212.38
ORD-002393,19-07-2019,26-07-2019,First Class,CUST-00067,Aadhya,Patel,Consumer,Village,West,Maharashtra,121768.0,Electronics,Mobiles,63381.83,5.0,0.1,15202.9
ORD-002394,28-09-2022,02-10-2022,Standard Class,CUST-00330,Aditya,Joshi,Consumer,Tier 2,South,Karnataka,310991.0,Electronics,Accessories,49939.59,3.0,0.3,6798.59
ORD-002395,19-09-2023,25-09-2023,Standard Class,CUST-00480,Kavya,Bose,Corporate,Tier 2,North,Rajasthan,764061.0,Furniture,Tables,6877.9,1.0,0.15,798.34
ORD-002396,09-08-2023,14-08-2023,First Class,CUST-00326,Rohan,Reddy,Consumer,Tier 1,South,Kerala,791007.0,Furniture,Tables,22475.88,5.0,0.0,4268.47
ORD-002397,04-07-2023,07-07-2023,Same Day,CUST-00474,Kavya,Joshi,Consumer,Tier 1,South,Andhra Pradesh,487619.0,Electronics,Laptops,85108.75,5.0,0.05,9430.27
ORD-002398,02-05-2023,03-05-2023,First Class,CUST-00230,Aadhya,Verma,SMB,Tier 1,North,Haryana,748542.0,Furniture,Storage,9182.85,2.0,0.2,732.64
ORD-002399,20-03-2022,24-03-2022,Same Day,CUST-00015,Priya,Iyer,SMB,Tier 2,North,Rajasthan,135128.0,Clothing,Footwear,4512.61,4.0,0.05,333.0
ORD-002400,28-02-2023,03-03-2023,Same Day,CUST-00236,Diya,Gupta,Corporate,Tier 1,West,Madhya Pradesh,174987.0,Grocery,Staples,654.74,2.0,0.15,109.82
ORD-002401,07-07-2021,13-07-2021,Second Class,CUST-00209,Meera,Patel,Consumer,Tier 1,East,Jharkhand,640632.0,Clothing,Menswear,820.71,1.0,0.0,139.08
ORD-002402,19-04-2019,24-04-2019,Same Day,CUST-00092,Isha,Chatterjee,SMB,Tier 2,East,Jharkhand,146526.0,Clothing,Menswear,4099.11,2.0,0.2,292.75
ORD-002403,07-07-2022,14-07-2022,First Class,CUST-00378,Aadhya,Reddy,Corporate,Tier 1,North,Haryana,720720.0,Furniture,Furnishings,36372.08,3.0,0.15,4202.98
ORD-002404,24-05-2019,25-05-2019,Standard Class,CUST-00485,Sai,Menon,Consumer,Tier 2,East,Jharkhand,,Furniture,Tables,31280.74,3.0,0.2,8446.08
ORD-002405,23-10-2020,27-10-2020,Second Class,CUST-00207,Kavya,Patel,Consumer,Tier 1,North,Rajasthan,186581.0,Clothing,Womenswear,1694.53,1.0,0.2,340.53
ORD-002406,31-08-2021,01-09-2021,Same Day,CUST-00392,Aditya,Singh,Corporate,Village,North,Delhi,381810.0,Grocery,Snacks,417.1,2.0,0.0,89.99
ORD-002407,05-04-2019,07-04-2019,Same Day,CUST-00041,Sai,Singh,SMB,Tier 2,South,Telangana,523601.0,Grocery,Snacks,681.72,1.0,0.05,147.72
ORD-002408,21-12-2020,22-12-2020,Second Class,CUST-00568,Arjun,Singh,SMB,Tier 2,North,Punjab,241219.0,Clothing,Womenswear,5328.97,3.0,0.15,96.96
ORD-002409,30-01-2019,03-02-2019,First Class,CUST-00409,Diya,Chatterjee,SMB,Tier 2,South,Karnataka,620048.0,Furniture,Furnishings,17201.46,3.0,0.0,3458.89
ORD-002410,09-03-2021,10-03-2021,Same Day,CUST-00584,Myra,Chatterjee,SMB,Village,East,Bihar,495028.0,Grocery,Snacks,1300.56,4.0,0.1,353.96
ORD-002411,14-07-2021,16-07-2021,Second Class,CUST-00397,Arjun,Menon,Corporate,Tier 1,South,Telangana,274706.0,Grocery,Snacks,709.56,3.0,0.15,125.98
ORD-002412,17-05-2023,23-05-2023,Standard Class,CUST-00508,Anika,Patel,Corporate,Tier 1,West,Goa,232687.0,Grocery,Beverages,848.09,2.0,0.05,60.59
ORD-002413,15-01-2020,17-01-2020,First Class,CUST-00060,Arjun,Sharma,SMB,Tier 2,West,Maharashtra,808776.0,Furniture,Furnishings,7234.45,1.0,0.5,833.87
ORD-002414,30-10-2020,05-11-2020,First Class,CUST-00083,Aarav,Gupta,SMB,Tier 2,East,Jharkhand,507565.0,Clothing,Kidswear,7183.89,5.0,0.0,895.99
ORD-002415,12-12-2022,18-12-2022,Second Class,CUST-00358,Anika,Menon,Consumer,Tier 1,West,Maharashtra,390844.0,Clothing,Footwear,6274.73,5.0,0.05,580.9
ORD-002416,20-10-2019,27-10-2019,Second Class,CUST-00365,Rohan,Verma,Corporate,Tier 1,South,Tamil Nadu,589651.0,Furniture,Tables,27073.33,5.0,0.05,5001.89
ORD-002417,23-04-2019,25-04-2019,First Class,CUST-00043,Ananya,Singh,SMB,Tier 2,South,Tamil Nadu,824701.0,Electronics,Accessories,22221.38,1.0,0.15,3596.12
ORD-002418,19-02-2019,24-02-2019,Second Class,CUST-00052,Meera,Verma,SMB,Village,West,Madhya Pradesh,515549.0,Grocery,Household,2125.56,5.0,0.05,89.95
ORD-002419,16-08-2021,21-08-2021,Standard Class,CUST-00296,Aadhya,Menon,SMB,Tier 2,South,Telangana,438341.0,Clothing,Footwear,1863.45,1.0,0.1,407.43
ORD-002420,21-01-2020,23-01-2020,Standard Class,CUST-00021,Meera,Reddy,Consumer,Tier 1,South,Andhra Pradesh,869335.0,Furniture,Furnishings,41675.35,5.0,0.2,6830.03
ORD-002421,13-09-2021,17-09-2021,First Class,CUST-00166,Kavya,Verma,SMB,Tier 2,South,Tamil Nadu,256011.0,Grocery,Household,984.15,2.0,0.3,129.06
ORD-002422,28-05-2022,30-05-2022,First Class,CUST-00511,Myra,Mukherjee,SMB,Village,South,Andhra Pradesh,433474.0,Electronics,Accessories,47486.43,4.0,0.1,9377.45
ORD-002423,07-08-2019,08-08-2019,Standard Class,CUST-00513,Myra,Reddy,Corporate,Tier 1,East,Bihar,589944.0,Furniture,Furnishings,4849.04,1.0,0.0,519.28
ORD-002424,24-05-2021,31-05-2021,Same Day,CUST-00317,Priya,Verma,Consumer,Tier 1,South,Telangana,648733.0,Electronics,Mobiles,46372.44,2.0,0.5,7459.33
ORD-002425,12-09-2021,13-09-2021,First Class,CUST-00301,Kavya,Menon,Consumer,Tier 1,North,Rajasthan,685869.0,Clothing,Footwear,2289.63,2.0,0.2,119.7
ORD-002426,24-05-2023,27-05-2023,Same Day,CUST-00575,Vihaan,Menon,Consumer,Tier 1,North,Haryana,618918.0,Furniture,Chairs,8075.08,1.0,0.0,1745.6
ORD-002427,29-05-2023,03-06-2023,Standard Class,CUST-00241,Kavya,Sharma,Consumer,Tier 1,West,Gujarat,223494.0,Clothing,Kidswear,3925.58,3.0,0.0,767.83
ORD-002428,28-05-2019,02-06-2019,Same Day,CUST-00415,Myra,Reddy,Corporate,Village,West,Madhya Pradesh,436366.0,Electronics,Mobiles,18182.54,1.0,0.5,1485.74
ORD-002429,01-07-2020,02-07-2020,Same Day,CUST-00393,Vihaan,Patel,Consumer,Tier 1,West,Gujarat,224335.0,Grocery,Snacks,1812.42,4.0,0.5,333.53
ORD-002430,2020/06/14,21-06-2020,First Class,CUST-00519,Myra,Reddy,SMB,Tier 2,West,Gujarat,604718.0,Electronics,Accessories,57268.99,3.0,0.0,14972.74
ORD-002431,31-12-2021,02-01-2022,Same Day,CUST-00311,Aarav,Chatterjee,SMB,Tier 2,West,Maharashtra,593582.0,Grocery,Household,2338.2,5.0,0.3,312.0
ORD-002432,21-03-2021,26-03-2021,Standard Class,CUST-00094,Saanvi,Reddy,SMB,Tier 2,East,Bihar,164413.0,Grocery,Beverages,568.41,2.0,0.15,98.67
ORD-002433,25-10-2023,26-10-2023,Same Day,CUST-00168,Krishna,Rao,Corporate,Tier 1,South,Karnataka,355467.0,Clothing,Menswear,5561.16,5.0,0.0,872.99
ORD-002434,16-11-2020,17-11-2020,Standard Class,CUST-00259,Aarav,Singh,Consumer,Tier 2,West,Maharashtra,366776.0,Clothing,Footwear,6744.63,5.0,0.3,1334.11
ORD-002435,07-09-2019,08-09-2019,First Class,CUST-00071,Kavya,Joshi,SMB,Tier 1,East,Odisha,517344.0,Clothing,Footwear,5443.36,4.0,0.1,421.8
ORD-002436,12-02-2022,19-02-2022,Standard Class,CUST-00515,Sai,Rao,Corporate,Tier 1,East,West Bengal,899379.0,Grocery,Household,676.78,2.0,0.05,12.76
ORD-002437,01-10-2023,08-10-2023,First Class,CUST-00373,Myra,Chatterjee,Corporate,Village,South,Telangana,265297.0,Electronics,Laptops,58521.06,3.0,0.15,14201.13
ORD-002438,22-07-2019,26-07-2019,Second Class,CUST-00210,Reyansh,Mukherjee,Consumer,Tier 1,East,Odisha,635992.0,Grocery,Beverages,2863.79,5.0,0.2,557.32
ORD-002439,07-09-2023,11-09-2023,Same Day,CUST-00342,Anika,Bose,SMB,Tier 1,South,Karnataka,875717.0,Clothing,Womenswear,4705.37,4.0,0.0,653.15
ORD-002440,10-11-2020,13-11-2020,Same Day,CUST-00070,Saanvi,Patel,Consumer,Tier 2,South,Telangana,287462.0,Electronics,Laptops,16378.17,1.0,0.5,2282.05
ORD-002441,22-06-2021,24-06-2021,First Class,CUST-00105,Rohan,Rao,SMB,Tier 2,South,Andhra Pradesh,645106.0,Clothing,Kidswear,2086.7,4.0,0.0,745.28
ORD-002442,12-04-2019,16-04-2019,First Class,CUST-00405,Priya,Verma,SMB,Tier 2,West,Gujarat,113472.0,Electronics,Laptops,86062.8,3.0,0.1,14837.82
ORD-002443,25-01-2022,28-01-2022,First Class,CUST-00178,Aditya,Singh,SMB,Village,West,Gujarat,842052.0,Clothing,Menswear,3085.07,2.0,0.1,541.21
ORD-002444,29-05-2020,04-06-2020,Second Class,CUST-00262,Kavya,Rao,SMB,Tier 1,South,Andhra Pradesh,130976.0,Electronics,Cameras,71797.73,5.0,0.2,12699.51
ORD-002445,06-10-2020,12-10-2020,Same Day,CUST-00202,Vihaan,Sharma,Consumer,Tier 2,North,Haryana,612159.0,Clothing,Kidswear,1146.95,1.0,0.2,290.19
ORD-002446,2020/06/24,29-06-2020,Second Class,CUST-00198,Myra,Bose,Consumer,Tier 1,South,Andhra Pradesh,187489.0,Grocery,Beverages,169.89,3.0,0.2,51.06
ORD-002447,07-12-2021,09-12-2021,Second Class,CUST-00058,Vihaan,Bose,SMB,Tier 2,South,Andhra Pradesh,612189.0,Electronics,Laptops,33522.81,2.0,0.15,8414.59
ORD-002448,01-01-2021,05-01-2021,Same Day,CUST-00168,Krishna,Rao,Corporate,Tier 1,South,Karnataka,716755.0,Grocery,Staples,804.63,2.0,0.0,188.01
ORD-002449,26-08-2022,30-08-2022,Same Day,CUST-00488,Priya,Verma,SMB,Tier 1,North,Delhi,100346.0,Furniture,Furnishings,6508.27,1.0,0.0,1332.43
ORD-002450,31-12-2021,04-01-2022,Standard Class,CUST-00403,Vihaan,Verma,SMB,Tier 2,West,Maharashtra,584212.0,Electronics,Cameras,71505.46,5.0,0.0,20074.35
ORD-002451,24-12-2020,26-12-2020,Second Class,CUST-00203,Diya,Chatterjee,Corporate,Village,South,Andhra Pradesh,130126.0,Clothing,Menswear,1269.7,1.0,0.2,156.53
ORD-002452,02-10-2020,08-10-2020,Standard Class,CUST-00447,Rohan,Rao,Corporate,Tier 2,West,Madhya Pradesh,287346.0,Furniture,Storage,20910.25,2.0,0.2,2766.38
ORD-002453,29-12-2022,03-01-2023,Same Day,CUST-00100,Myra,Verma,Consumer,Tier 1,East,Bihar,426092.0,Clothing,Kidswear,7747.68,5.0,0.05,1326.67
ORD-002454,19-02-2021,22-02-2021,Second Class,CUST-00069,Saanvi,Sharma,Corporate,Tier 2,North,Punjab,883411.0,Furniture,Furnishings,16170.57,5.0,0.3,3018.1
ORD-002455,26-04-2020,28-04-2020,Second Class,CUST-00113,Rohan,Das,Consumer,Tier 2,East,Bihar,703054.0,Grocery,Snacks,599.95,1.0,0.0,87.62
ORD-002456,26-10-2023,28-10-2023,Standard Class,CUST-00028,Krishna,Menon,Corporate,Tier 1,East,Odisha,322991.0,Clothing,Kidswear,2638.29,4.0,0.0,240.45
ORD-002457,07-08-2020,12-08-2020,First Class,CUST-00457,Isha,Iyer,SMB,Tier 1,North,Punjab,295279.0,Clothing,Menswear,1196.14,3.0,0.3,187.88
ORD-002458,17-03-2020,23-03-2020,Standard Class,CUST-00113,Rohan,Das,Consumer,Tier 2,East,Bihar,116693.0,Furniture,Tables,34925.32,5.0,0.0,5966.21
ORD-002459,20-08-2022,23-08-2022,Second Class,CUST-00237,Vivaan,Das,Consumer,Tier 1,North,Rajasthan,160136.0,Clothing,Menswear,5228.17,4.0,0.15,793.1
ORD-002460,15-06-2019,16-06-2019,Same Day,CUST-00184,Anika,Gupta,SMB,Tier 1,South,Karnataka,811578.0,Electronics,Accessories,41686.7,3.0,0.05,10870.28
ORD-002461,02-12-2019,06-12-2019,Standard Class,CUST-00276,Ishaan,Gupta,Consumer,Tier 2,North,Rajasthan,856238.0,Furniture,Chairs,21975.33,4.0,0.05,3683.15
ORD-002462,22-12-2021,29-12-2021,Standard Class,CUST-00097,Priya,Verma,Corporate,Village,East,Bihar,475800.0,Grocery,Snacks,1192.21,3.0,0.0,250.93
ORD-002463,26-09-2019,03-10-2019,Standard Class,CUST-00535,Isha,Mukherjee,Consumer,Village,South,Andhra Pradesh,804328.0,Furniture,Furnishings,7285.65,1.0,0.15,1552.41
ORD-002464,22-09-2020,25-09-2020,Same Day,CUST-00507,Vivaan,Chatterjee,Consumer,Tier 2,East,Odisha,540471.0,Grocery,Household,549.61,2.0,0.1,63.42
ORD-002465,31-03-2022,01-04-2022,,CUST-00044,Aarav,Sharma,SMB,Tier 2,East,West Bengal,364149.0,Grocery,Beverages,3374.05,5.0,0.2,893.1
ORD-002466,10-12-2020,12-12-2020,Same Day,CUST-00143,Ananya,Rao,Corporate,Tier 2,South,Andhra Pradesh,241902.0,Furniture,Chairs,20246.35,3.0,0.15,3411.07
ORD-002467,14-12-2020,18-12-2020,Second Class,CUST-00409,Diya,Chatterjee,SMB,Tier 2,South,Karnataka,802267.0,Grocery,Snacks,2483.26,5.0,0.05,381.84
ORD-002468,04-02-2021,05-02-2021,First Class,CUST-00023,Ishaan,Rao,Consumer,Tier 2,East,Bihar,234742.0,Clothing,Kidswear,395.96,1.0,0.15,23.86
ORD-002469,24-12-2022,26-12-2022,First Class,CUST-00360,Anika,Verma,SMB,Village,East,Bihar,,Grocery,Snacks,787.15,2.0,0.5,79.81
ORD-002470,26-01-2022,01-02-2022,Second Class,CUST-00257,Reyansh,Nair,Corporate,Tier 2,North,Rajasthan,385650.0,Grocery,Staples,506.91,1.0,0.2,89.96
ORD-002471,16-07-2019,17-07-2019,Standard Class,CUST-00196,Arjun,Nair,Corporate,Tier 1,West,Goa,869898.0,Clothing,Menswear,3712.38,5.0,0.15,589.33
ORD-002472,26-01-2023,29-01-2023,Standard Class,CUST-00571,Myra,Chatterjee,Consumer,Tier 2,South,Telangana,385208.0,Grocery,Beverages,395.17,2.0,0.0,53.67
ORD-002473,24-11-2023,30-11-2023,Second Class,CUST-00234,Aditya,Verma,SMB,Tier 2,South,Telangana,410336.0,Furniture,Storage,27145.5,3.0,0.1,1008.86
ORD-002474,21-10-2022,26-10-2022,Same Day,CUST-00577,Sai,Nair,Corporate,Tier 1,North,Uttar Pradesh,675244.0,Clothing,Kidswear,3635.68,3.0,0.0,921.92
ORD-002475,20-11-2023,24-11-2023,Second Class,CUST-00464,Aarav,Joshi,Corporate,Tier 1,East,Jharkhand,687440.0,Grocery,Beverages,344.45,1.0,0.5,33.08
ORD-002476,19-03-2021,21-03-2021,Same Day,CUST-00198,Myra,Bose,Consumer,Tier 1,South,Andhra Pradesh,641562.0,Clothing,Footwear,3072.57,3.0,0.3,318.95
ORD-002477,30-03-2023,05-04-2023,Standard Class,CUST-00552,Aadhya,Nair,Corporate,Tier 2,East,Bihar,276219.0,Grocery,Staples,724.55,2.0,0.0,207.5
ORD-002478,16-06-2022,17-06-2022,Same Day,CUST-00542,Diya,Bose,Consumer,Tier 2,North,Delhi,195984.0,Furniture,Storage,42619.4,5.0,0.0,6521.28
ORD-002479,30-03-2019,03-04-2019,First Class,CUST-00120,Arjun,Mukherjee,SMB,Village,West,Maharashtra,437913.0,Clothing,Kidswear,1389.17,2.0,0.05,312.32
ORD-002480,24-10-2019,29-10-2019,Same Day,CUST-00036,Priya,Chatterjee,Corporate,Tier 2,West,Maharashtra,504500.0,Grocery,Household,1458.5,4.0,0.0,253.3
ORD-002481,08-05-2020,15-05-2020,First Class,CUST-00010,Aadhya,Patel,Consumer,Tier 2,West,Gujarat,273167.0,Grocery,Beverages,1120.02,4.0,0.5,34.91
ORD-002482,29-01-2023,05-02-2023,Same Day,CUST-00407,Myra,Singh,Corporate,Tier 1,South,Andhra Pradesh,608187.0,Furniture,Furnishings,17157.57,3.0,0.3,2671.67
ORD-002483,14-10-2022,16-10-2022,Second Class,CUST-00467,Aadhya,Mukherjee,Corporate,Village,East,Bihar,722322.0,Electronics,Cameras,75594.51,4.0,0.3,715.51
ORD-002484,07-06-2020,10-06-2020,Same Day,CUST-00546,Ishaan,Patel,SMB,Tier 1,East,Jharkhand,175337.0,Furniture,Furnishings,4182.38,5.0,0.05,811.95
ORD-002485,04-07-2021,06-07-2021,Second Class,CUST-00259,Aarav,Singh,Consumer,Tier 2,West,Maharashtra,107670.0,Grocery,Household,1393.82,3.0,0.5,92.91
ORD-002486,16-03-2021,22-03-2021,Second Class,CUST-00477,Arjun,Mukherjee,Consumer,Village,North,Haryana,357939.0,Electronics,Laptops,56187.66,5.0,0.0,6809.3
ORD-002487,22-04-2019,24-04-2019,Second Class,CUST-00385,Priya,Bose,SMB,Tier 1,East,Jharkhand,652314.0,Electronics,Accessories,52081.93,4.0,0.05,10111.12
ORD-002488,07-10-2021,11-10-2021,First Class,CUST-00174,Meera,Patel,SMB,Tier 2,North,Delhi,677081.0,Clothing,Kidswear,4302.36,5.0,0.15,184.52
ORD-002489,06-07-2020,08-07-2020,Second Class,CUST-00303,Aadhya,Reddy,SMB,Village,East,Bihar,875499.0,Grocery,Staples,998.59,2.0,0.5,109.78
ORD-002490,18-04-2019,19-04-2019,First Class,CUST-00174,Meera,Patel,SMB,Tier 2,North,Delhi,391490.0,Clothing,Kidswear,5004.31,5.0,0.15,598.67
ORD-002491,10-11-2020,14-11-2020,Same Day,CUST-00091,Aadhya,Nair,Corporate,Tier 1,South,Karnataka,811118.0,Furniture,Tables,25555.29,5.0,0.5,1619.18
ORD-002492,29-01-2020,01-02-2020,First Class,CUST-00573,Saanvi,Bose,Consumer,Village,East,West Bengal,623967.0,Furniture,Furnishings,8610.75,2.0,0.05,2643.72
ORD-002493,15-03-2023,17-03-2023,Standard Class,CUST-00125,Ishaan,Sharma,Corporate,Tier 2,North,Delhi,372421.0,Electronics,Cameras,12858.56,5.0,0.0,2558.27
ORD-002494,17-10-2019,23-10-2019,Same Day,CUST-00493,Kavya,Menon,Consumer,Tier 1,East,Bihar,678485.0,Electronics,Cameras,20487.69,1.0,0.2,4359.17
ORD-002495,07-09-2022,10-09-2022,Standard Class,CUST-00539,Isha,Chatterjee,SMB,Tier 1,South,Telangana,565151.0,Electronics,Accessories,21813.62,3.0,0.1,3427.25
ORD-002496,16-02-2021,21-02-2021,First Class,CUST-00109,Aadhya,Gupta,Consumer,Village,East,West Bengal,340140.0,Electronics,Accessories,79321.18,5.0,0.2,9307.95
ORD-002497,05-02-2021,12-02-2021,Same Day,CUST-00062,Vihaan,Sharma,SMB,Tier 1,North,Uttar Pradesh,429256.0,Clothing,Footwear,3602.81,4.0,0.0,804.14
ORD-002498,07-11-2020,08-11-2020,Second Class,CUST-00078,Aditya,Menon,Consumer,Tier 1,North,Delhi,197307.0,Furniture,Chairs,4841.41,1.0,0.1,948.6
ORD-002499,25-02-2022,02-03-2022,Second Class,CUST-00159,Arjun,Joshi,SMB,Tier 1,North,Uttar Pradesh,194896.0,Furniture,Chairs,31276.55,4.0,0.2,5449.91
ORD-002500,10-02-2020,14-02-2020,Second Class,CUST-00191,Ishaan,Menon,Corporate,Tier 1,West,Goa,589585.0,Electronics,Mobiles,64208.73,4.0,0.5,7724.76
ORD-002501,11-07-2019,15-07-2019,Same Day,CUST-00452,Saanvi,Menon,SMB,Tier 1,North,Rajasthan,828534.0,Electronics,Laptops,37370.33,2.0,0.0,6274.73
ORD-002502,06-08-2020,13-08-2020,First Class,CUST-00525,Ishaan,Reddy,Consumer,Tier 1,North,Haryana,332422.0,Electronics,Laptops,30327.78,2.0,0.05,2901.87
ORD-002503,28-10-2023,02-11-2023,First Class,CUST-00524,Rohan,Bose,SMB,Tier 1,East,Odisha,586445.0,Clothing,Menswear,6860.73,5.0,0.1,1151.47
ORD-002504,2020/06/01,04-06-2020,Second Class,CUST-00125,Ishaan,Sharma,Corporate,Tier 2,North,Delhi,871629.0,Clothing,Footwear,1314.69,1.0,0.05,214.13
ORD-002505,26-04-2019,01-05-2019,First Class,CUST-00071,Kavya,Joshi,SMB,Tier 1,East,Odisha,293586.0,Clothing,Menswear,4203.04,3.0,0.0,115.93
ORD-002506,27-12-2021,29-12-2021,Second Class,CUST-00455,Arjun,Iyer,Consumer,Village,North,Uttar Pradesh,655277.0,Grocery,Household,1505.99,3.0,0.15,252.84
ORD-002507,27-10-2020,30-10-2020,First Class,CUST-00389,Ishaan,Menon,Corporate,Tier 1,North,Uttar Pradesh,257706.0,Clothing,Footwear,3713.57,2.0,0.1,832.19
ORD-002508,04-04-2020,08-04-2020,First Class,CUST-00004,Rohan,Iyer,SMB,Tier 2,West,Goa,574807.0,Clothing,Kidswear,356.11,4.0,0.0,54.49
ORD-002509,09-02-2019,16-02-2019,First Class,CUST-00449,Diya,Singh,Corporate,Tier 2,South,Telangana,366163.0,Furniture,Chairs,15591.59,2.0,0.2,2873.43
ORD-002510,18-08-2021,22-08-2021,Second Class,CUST-00163,Priya,Sharma,SMB,Tier 1,South,Kerala,465826.0,Grocery,Beverages,1177.58,4.0,0.0,13.07
ORD-002511,13-07-2021,16-07-2021,First Class,CUST-00203,Diya,Chatterjee,Corporate,Village,South,Andhra Pradesh,268814.0,Electronics,Accessories,13435.49,1.0,0.3,1331.71
ORD-002512,17-05-2020,20-05-2020,Standard Class,CUST-00275,Rohan,Singh,Corporate,Tier 1,East,Jharkhand,730795.0,Clothing,Womenswear,2921.03,2.0,0.0,382.05
ORD-002513,20-10-2021,22-10-2021,First Class,CUST-00321,Arjun,Rao,Corporate,Tier 1,North,Uttar Pradesh,326257.0,Electronics,Cameras,53997.24,5.0,0.2,13168.08
ORD-002514,13-12-2023,15-12-2023,Standard Class,CUST-00043,Ananya,Singh,SMB,Tier 2,South,Tamil Nadu,402567.0,Electronics,Laptops,17180.88,1.0,0.5,1608.26
ORD-002515,2023/05/21,25-05-2023,First Class,CUST-00158,Myra,Singh,Corporate,Tier 1,West,Maharashtra,579753.0,Grocery,Snacks,823.16,2.0,0.0,248.64
ORD-002516,12-09-2022,15-09-2022,Second Class,CUST-00367,Isha,Patel,Corporate,Village,South,Andhra Pradesh,251848.0,Grocery,Household,884.91,4.0,0.1,142.54
ORD-002517,12-05-2022,18-05-2022,First Class,CUST-00491,Arjun,Chatterjee,Consumer,Tier 2,South,Tamil Nadu,199313.0,Furniture,Tables,29778.13,5.0,0.2,6229.06
ORD-002518,2023/02/16,19-02-2023,Standard Class,CUST-00166,Kavya,Verma,SMB,Tier 2,South,Tamil Nadu,481197.0,Clothing,Footwear,1484.54,1.0,0.5,175.61
ORD-002519,11-11-2019,15-11-2019,Standard Class,CUST-00594,Krishna,Joshi,SMB,Tier 1,North,Delhi,691619.0,Furniture,Furnishings,35960.64,5.0,0.2,2114.99
ORD-002520,08-11-2022,10-11-2022,Standard Class,CUST-00195,Aditya,Gupta,Consumer,Tier 1,North,Punjab,519999.0,Electronics,Cameras,14961.23,1.0,0.0,4018.34
ORD-002521,30-12-2023,31-12-2023,Second Class,CUST-00121,Sai,Rao,SMB,Tier 1,North,Delhi,337134.0,Clothing,Kidswear,728.81,1.0,0.1,101.26
ORD-002522,25-10-2023,27-10-2023,Same Day,CUST-00343,Rohan,Rao,SMB,Tier 2,South,Tamil Nadu,629236.0,Electronics,Mobiles,23133.8,3.0,0.1,4552.19
ORD-002523,06-04-2023,09-04-2023,Standard Class,CUST-00467,Aadhya,Mukherjee,Corporate,Village,East,Bihar,625878.0,Clothing,Menswear,220.26,4.0,0.3,39.53
ORD-002524,21-10-2020,26-10-2020,First Class,CUST-00426,Meera,Singh,SMB,Tier 1,South,Telangana,257345.0,Furniture,Tables,28790.06,5.0,0.2,3319.57
ORD-002525,03-08-2019,07-08-2019,Second Class,CUST-00029,Reyansh,Verma,Corporate,Tier 2,West,Gujarat,462452.0,Clothing,Womenswear,2280.45,2.0,0.1,401.88
ORD-002526,06-02-2022,08-02-2022,Standard Class,CUST-00108,Reyansh,Bose,Consumer,Tier 1,North,Rajasthan,428547.0,Grocery,Household,822.57,3.0,0.3,70.7
ORD-002527,19-02-2021,21-02-2021,Same Day,CUST-00427,Saanvi,Mukherjee,SMB,Tier 1,East,Bihar,723116.0,Electronics,Mobiles,70697.03,4.0,0.2,6287.14
ORD-002528,07-05-2021,10-05-2021,First Class,CUST-00465,Aditya,Gupta,Corporate,Tier 1,East,West Bengal,629326.0,Clothing,Menswear,2887.25,2.0,0.3,258.9
ORD-002529,22-10-2019,28-10-2019,Second Class,CUST-00008,Anika,Chatterjee,Consumer,Tier 1,South,Telangana,142170.0,Clothing,Kidswear,8232.62,5.0,0.1,463.13
ORD-002530,26-09-2022,29-09-2022,First Class,CUST-00015,Priya,Iyer,SMB,Tier 2,North,Rajasthan,337954.0,Electronics,Laptops,51493.05,4.0,0.0,6881.56
ORD-002531,06-06-2021,08-06-2021,First Class,CUST-00166,Kavya,Verma,SMB,Tier 2,South,Tamil Nadu,503192.0,Clothing,Menswear,1867.48,2.0,0.2,422.19
ORD-002532,27-10-2019,02-11-2019,Same Day,CUST-00224,Anika,Reddy,SMB,Tier 2,East,Odisha,818461.0,Grocery,Snacks,572.02,2.0,0.0,92.68
ORD-002533,14-01-2021,15-01-2021,Standard Class,CUST-00285,Arjun,Joshi,Corporate,Tier 1,South,Tamil Nadu,789196.0,Furniture,Tables,18243.44,2.0,0.3,2342.02
ORD-002534,23-04-2021,30-04-2021,Second Class,CUST-00090,Rohan,Rao,Consumer,Tier 1,South,Tamil Nadu,669361.0,Grocery,Beverages,328.84,1.0,0.3,37.54
ORD-002535,02-02-2023,05-02-2023,Standard Class,CUST-00334,Aditya,Nair,SMB,Tier 2,East,Bihar,217598.0,Electronics,Mobiles,48209.46,4.0,0.1,11453.51
ORD-002536,2022/09/30,01-10-2022,Same Day,CUST-00521,Aadhya,Joshi,SMB,Tier 2,South,Andhra Pradesh,171639.0,Electronics,Laptops,43500.63,2.0,0.05,10872.23
ORD-002537,14-03-2019,16-03-2019,Same Day,CUST-00215,Rohan,Mukherjee,Corporate,Tier 1,South,Tamil Nadu,231860.0,Furniture,Tables,8736.69,1.0,0.0,1915.94
ORD-002538,10-10-2020,11-10-2020,First Class,CUST-00435,Sai,Iyer,Corporate,Village,South,Tamil Nadu,465742.0,Grocery,Beverages,1154.06,3.0,0.05,437.34
ORD-002539,01-12-2023,05-12-2023,Same Day,CUST-00459,Meera,Mukherjee,Corporate,Village,North,Rajasthan,160501.0,Electronics,Cameras,35132.71,2.0,0.1,4772.56
ORD-002540,01-06-2019,08-06-2019,Same Day,CUST-00053,Aditya,Singh,Corporate,Tier 2,South,Karnataka,220333.0,Grocery,Beverages,354.68,1.0,0.3,23.41
ORD-002541,08-08-2021,12-08-2021,Second Class,CUST-00434,Anika,Das,Consumer,Tier 1,North,Rajasthan,355613.0,Clothing,Womenswear,5139.12,5.0,0.0,989.3
ORD-002542,13-02-2019,14-02-2019,Same Day,CUST-00533,Aarav,Bose,Consumer,Village,East,Odisha,640880.0,Grocery,Staples,241.62,1.0,0.0,63.79
ORD-002543,29-07-2022,01-08-2022,Standard Class,CUST-00086,Meera,Das,SMB,Tier 2,East,Bihar,482249.0,Furniture,Storage,39058.34,5.0,0.15,3743.58
ORD-002544,30-06-2021,01-07-2021,First Class,CUST-00349,Priya,Menon,SMB,Tier 1,North,Punjab,556798.0,Electronics,Laptops,41784.01,3.0,0.0,7625.65
ORD-002545,02-04-2022,05-04-2022,Same Day,CUST-00173,Isha,Joshi,Corporate,Tier 2,East,Odisha,494384.0,Furniture,Chairs,14441.65,4.0,0.0,4413.8
ORD-002546,18-11-2019,22-11-2019,Same Day,CUST-00380,Anika,Mukherjee,Corporate,Tier 1,North,Punjab,164969.0,Grocery,Household,763.86,2.0,0.5,115.93
ORD-002547,25-10-2022,30-10-2022,Standard Class,CUST-00319,Anika,Joshi,Consumer,Tier 1,West,Goa,737029.0,Grocery,Beverages,1735.85,4.0,0.1,280.27
ORD-002548,04-05-2022,09-05-2022,Second Class,CUST-00273,Reyansh,Reddy,Consumer,Village,North,Delhi,345233.0,Grocery,Beverages,2103.95,4.0,0.2,211.29
ORD-002549,09-05-2021,11-05-2021,Standard Class,CUST-00496,Vivaan,Das,Consumer,Tier 2,East,Jharkhand,136708.0,Grocery,Household,129.92,1.0,0.2,42.56
ORD-002550,18-03-2021,23-03-2021,First Class,CUST-00311,Aarav,Chatterjee,SMB,Tier 2,West,Maharashtra,847114.0,Grocery,Snacks,374.9,1.0,0.05,42.24
ORD-002551,10-09-2020,11-09-2020,First Class,CUST-00116,Kavya,Das,Consumer,Village,South,Andhra Pradesh,822917.0,Grocery,Beverages,477.25,1.0,0.0,122.55
ORD-002552,17-11-2020,19-11-2020,Same Day,CUST-00406,Ananya,Bose,SMB,Tier 2,North,Rajasthan,645677.0,Furniture,Tables,13060.39,2.0,0.5,535.36
ORD-002553,21-02-2021,22-02-2021,Same Day,CUST-00123,Sai,Mukherjee,Consumer,Village,North,Uttar Pradesh,526338.0,Electronics,Accessories,39119.57,2.0,0.2,7346.01
ORD-002554,05-02-2023,10-02-2023,Standard Class,CUST-00317,Priya,Verma,Consumer,Tier 1,South,Telangana,470555.0,Grocery,Household,1276.91,3.0,0.3,163.44
ORD-002555,01-11-2020,02-11-2020,Same Day,CUST-00489,Priya,Joshi,Consumer,Tier 1,South,Telangana,624117.0,Electronics,Mobiles,45496.87,3.0,0.5,4639.29
ORD-002556,11-01-2022,13-01-2022,First Class,CUST-00545,Ananya,Rao,Consumer,Tier 1,South,Kerala,243271.0,Grocery,Household,757.82,2.0,0.0,282.61
ORD-002557,20-12-2019,24-12-2019,First Class,CUST-00244,Meera,Menon,Consumer,Village,West,Madhya Pradesh,721486.0,Furniture,Storage,37393.69,4.0,0.1,10276.73
ORD-002558,13-11-2019,17-11-2019,First Class,CUST-00445,Kavya,Reddy,Corporate,Tier 2,West,Maharashtra,653133.0,Furniture,Storage,16369.46,3.0,0.0,2657.5
ORD-002559,15-06-2021,18-06-2021,Second Class,CUST-00472,Myra,Das,SMB,Tier 1,East,Odisha,826326.0,Grocery,Staples,706.4,2.0,0.3,76.61
ORD-002560,14-09-2020,20-09-2020,Second Class,CUST-00118,Aditya,Sharma,Corporate,Tier 1,North,Uttar Pradesh,382377.0,Furniture,Storage,25030.95,5.0,0.3,2391.84
ORD-002561,19-12-2022,25-12-2022,Standard Class,CUST-00206,Diya,Patel,Corporate,Tier 2,South,Andhra Pradesh,,Furniture,Furnishings,3378.61,2.0,0.15,183.92
ORD-002562,23-11-2020,29-11-2020,Second Class,CUST-00544,Vivaan,Mukherjee,Consumer,Tier 1,North,Rajasthan,448054.0,Furniture,Chairs,30366.76,5.0,0.3,4424.1
ORD-002563,07-02-2023,14-02-2023,Second Class,CUST-00029,Reyansh,Verma,Corporate,Tier 2,West,Gujarat,858360.0,Furniture,Chairs,18226.12,3.0,0.3,4085.47
ORD-002564,29-08-2020,03-09-2020,Second Class,CUST-00330,Aditya,Joshi,Consumer,Tier 2,South,Karnataka,595548.0,Grocery,Household,728.64,2.0,0.5,12.85
ORD-002565,28-07-2020,29-07-2020,First Class,CUST-00061,Kavya,Menon,SMB,Tier 2,East,Odisha,226739.0,Grocery,Staples,376.35,2.0,0.05,75.44
ORD-002566,06-09-2021,12-09-2021,Standard Class,CUST-00203,Diya,Chatterjee,Corporate,Village,South,Andhra Pradesh,741640.0,Clothing,Kidswear,5487.67,4.0,0.3,1206.76
ORD-002567,13-09-2019,15-09-2019,Same Day,CUST-00489,Priya,Joshi,Consumer,Tier 1,South,Telangana,516023.0,Clothing,Footwear,1153.72,1.0,0.5,88.08
ORD-002568,2020/08/24,27-08-2020,First Class,CUST-00433,Krishna,Rao,Consumer,Tier 1,East,West Bengal,474338.0,Electronics,Accessories,12947.2,1.0,0.5,1356.62
ORD-002569,18-01-2020,20-01-2020,Standard Class,CUST-00284,Myra,Sharma,SMB,Tier 1,East,Jharkhand,354935.0,Grocery,Beverages,1610.09,4.0,0.15,83.67
ORD-002570,13-02-2019,18-02-2019,Second Class,CUST-00103,Kavya,Chatterjee,Corporate,Village,South,Tamil Nadu,670884.0,Grocery,Staples,2838.45,5.0,0.5,127.85
ORD-002571,14-08-2019,20-08-2019,Second Class,CUST-00043,Ananya,Singh,SMB,Tier 2,South,Tamil Nadu,165358.0,Electronics,Accessories,15756.72,1.0,0.15,2595.3
ORD-002572,27-12-2020,30-12-2020,Second Class,CUST-00136,Rohan,Bose,Consumer,Tier 1,West,Gujarat,134974.0,Clothing,Menswear,679.98,1.0,0.3,100.5
ORD-002573,14-04-2023,15-04-2023,Standard Class,CUST-00572,Reyansh,Menon,Corporate,Tier 1,South,Andhra Pradesh,704169.0,Furniture,Furnishings,20831.54,4.0,0.0,3182.0
ORD-002574,21-01-2022,27-01-2022,Same Day,CUST-00207,Kavya,Patel,Consumer,Tier 1,North,Rajasthan,814555.0,Furniture,Chairs,18325.29,3.0,0.15,4704.29
ORD-002575,06-04-2022,13-04-2022,Standard Class,CUST-00459,Meera,Mukherjee,Corporate,Village,North,Rajasthan,163789.0,Furniture,Storage,9451.76,2.0,0.1,1342.94
ORD-002576,21-06-2023,26-06-2023,First Class,CUST-00203,Diya,Chatterjee,Corporate,Village,South,Andhra Pradesh,321047.0,Clothing,Footwear,680.28,1.0,0.3,83.57
ORD-002577,20-10-2022,23-10-2022,First Class,CUST-00011,Myra,Iyer,Corporate,Tier 1,North,Uttar Pradesh,444914.0,Furniture,Chairs,24971.0,3.0,0.3,3586.36
ORD-002578,24-05-2019,29-05-2019,Standard Class,CUST-00181,Sai,Joshi,Corporate,Tier 1,West,Maharashtra,170854.0,Grocery,Beverages,719.06,1.0,0.3,68.76
ORD-002579,17-11-2019,19-11-2019,First Class,CUST-00139,Priya,Nair,SMB,Tier 2,North,Punjab,645439.0,Electronics,Accessories,86634.15,4.0,0.5,13407.56
ORD-002580,12-08-2019,18-08-2019,,CUST-00320,Vivaan,Das,SMB,Village,North,Punjab,380249.0,Furniture,Chairs,24073.22,3.0,0.15,2287.89
ORD-002581,06-11-2023,07-11-2023,Standard Class,CUST-00422,Aditya,Singh,Corporate,Tier 1,North,Haryana,235305.0,Grocery,Staples,446.36,1.0,0.05,26.48
ORD-002582,17-08-2022,20-08-2022,First Class,CUST-00359,Rohan,Rao,Corporate,Tier 2,North,Delhi,892977.0,Clothing,Womenswear,1233.46,1.0,0.2,10.35
ORD-002583,11-04-2019,13-04-2019,Standard Class,CUST-00341,Vihaan,Patel,SMB,Village,South,Karnataka,100037.0,Grocery,Snacks,912.97,3.0,0.2,163.16
ORD-002584,21-08-2019,22-08-2019,Second Class,CUST-00116,Kavya,Das,Consumer,Village,South,Andhra Pradesh,347539.0,Electronics,Mobiles,55851.03,3.0,0.3,8235.89
ORD-002585,16-11-2022,21-11-2022,First Class,CUST-00187,Isha,Joshi,Corporate,Village,East,Odisha,836499.0,Grocery,Beverages,426.13,1.0,0.3,54.91
ORD-002586,27-12-2020,29-12-2020,Second Class,CUST-00104,Diya,Mukherjee,Consumer,Tier 1,West,Maharashtra,746086.0,Clothing,Kidswear,4855.07,4.0,0.5,539.03
ORD-002587,17-12-2019,23-12-2019,Same Day,CUST-00454,Priya,Patel,Corporate,Tier 1,West,Goa,385915.0,Clothing,Menswear,3219.65,2.0,0.3,420.67
ORD-002588,28-04-2020,02-05-2020,Same Day,CUST-00435,Sai,Iyer,Corporate,Village,South,Tamil Nadu,155706.0,Clothing,Menswear,2624.61,3.0,0.0,-136.71
ORD-002589,28-12-2019,04-01-2020,Same Day,CUST-00392,Aditya,Singh,Corporate,Village,North,Delhi,898003.0,Grocery,Snacks,398.19,1.0,0.0,56.04
ORD-002590,2019/03/22,26-03-2019,First Class,CUST-00003,Aadhya,Chatterjee,Corporate,Tier 1,North,Rajasthan,849608.0,Electronics,Mobiles,25741.34,3.0,0.1,5054.83
ORD-002591,07-12-2019,11-12-2019,Second Class,CUST-00103,Kavya,Chatterjee,Corporate,Village,South,Tamil Nadu,283440.0,Grocery,Staples,1530.0,2.0,0.3,469.18
ORD-002592,12-05-2023,14-05-2023,First Class,CUST-00396,Aarav,Gupta,SMB,Tier 1,South,Andhra Pradesh,699207.0,Grocery,Snacks,1703.42,5.0,0.3,19.09
ORD-002593,22-06-2020,28-06-2020,Same Day,CUST-00514,Kavya,Bose,Corporate,Tier 2,North,Punjab,797935.0,Electronics,Mobiles,21240.34,1.0,0.1,5588.88
ORD-002594,08-01-2023,11-01-2023,Second Class,CUST-00161,Aarav,Verma,Consumer,Tier 2,North,Rajasthan,388401.0,Grocery,Household,1060.99,4.0,0.1,276.56
ORD-002595,26-08-2023,30-08-2023,First Class,CUST-00437,Myra,Gupta,SMB,Tier 1,South,Andhra Pradesh,274200.0,Furniture,Tables,3816.12,1.0,0.1,827.2
ORD-002596,02-02-2023,06-02-2023,First Class,CUST-00426,Meera,Singh,SMB,Tier 1,South,Telangana,540739.0,Furniture,Storage,7163.9,1.0,0.15,1521.57
ORD-002597,05-08-2021,06-08-2021,Same Day,CUST-00481,Meera,Chatterjee,Consumer,Tier 1,West,Maharashtra,700209.0,Clothing,Kidswear,3753.52,3.0,0.0,707.88
ORD-002598,29-08-2020,04-09-2020,Second Class,CUST-00211,Anika,Menon,Corporate,Tier 1,North,Rajasthan,217810.0,Furniture,Tables,23959.48,4.0,0.3,2423.38
ORD-002599,26-06-2022,02-07-2022,Second Class,CUST-00401,Myra,Patel,SMB,Tier 1,North,Delhi,715162.0,Furniture,Tables,29406.9,5.0,0.05,5291.92
ORD-002600,18-12-2021,20-12-2021,Standard Class,CUST-00502,Anika,Sharma,Corporate,Tier 1,West,Goa,216286.0,Grocery,Staples,728.92,1.0,0.0,106.23
ORD-002601,30-05-2023,01-06-2023,First Class,CUST-00286,Priya,Das,SMB,Tier 1,South,Tamil Nadu,454367.0,Grocery,Snacks,1057.52,2.0,0.15,129.53
ORD-002602,15-12-2019,18-12-2019,First Class,CUST-00411,Sai,Bose,SMB,Village,North,Punjab,,Clothing,Kidswear,6166.03,4.0,0.3,1070.82
ORD-002603,17-08-2022,19-08-2022,Standard Class,CUST-00169,Reyansh,Iyer,Consumer,Tier 1,North,Uttar Pradesh,167695.0,Furniture,Chairs,20164.86,5.0,0.1,4745.8
ORD-002604,24-02-2023,26-02-2023,Same Day,CUST-00408,Krishna,Iyer,Corporate,Tier 1,North,Delhi,680631.0,Furniture,Chairs,20309.29,3.0,0.0,3549.53
ORD-002605,14-09-2023,20-09-2023,Same Day,CUST-00020,Diya,Chatterjee,Consumer,Tier 1,East,West Bengal,133755.0,Furniture,Tables,11408.91,2.0,0.1,2058.38
ORD-002606,24-09-2020,29-09-2020,First Class,CUST-00466,Krishna,Iyer,Consumer,Tier 2,East,Odisha,598618.0,Electronics,Cameras,76043.38,3.0,0.05,18427.38
ORD-002607,22-04-2021,27-04-2021,Same Day,CUST-00579,Rohan,Reddy,Corporate,Tier 2,South,Tamil Nadu,895151.0,Electronics,Accessories,79866.93,5.0,0.05,10795.03
ORD-002608,08-01-2021,13-01-2021,Second Class,CUST-00407,Myra,Singh,Corporate,Tier 1,South,Andhra Pradesh,892998.0,Electronics,Laptops,14405.62,1.0,0.0,2190.35
ORD-002609,03-05-2023,04-05-2023,Standard Class,CUST-00409,Diya,Chatterjee,SMB,Tier 2,South,Karnataka,444427.0,Grocery,Beverages,1208.96,3.0,0.5,95.72
ORD-002610,11-07-2023,12-07-2023,Second Class,CUST-00114,Aarav,Menon,SMB,Tier 2,South,Tamil Nadu,295851.0,Clothing,Kidswear,1334.0,1.0,0.5,172.87
ORD-002611,25-06-2021,01-07-2021,First Class,CUST-00441,Ishaan,Mukherjee,Consumer,Tier 1,North,Punjab,576482.0,Furniture,Storage,33517.06,4.0,0.5,5926.92
ORD-002612,02-02-2021,08-02-2021,Same Day,CUST-00401,Myra,Patel,SMB,Tier 1,North,Delhi,611604.0,Grocery,Household,1537.23,5.0,0.3,233.77
ORD-002613,24-09-2022,29-09-2022,Standard Class,CUST-00269,Arjun,Joshi,SMB,Tier 2,North,Punjab,592794.0,Grocery,Beverages,691.84,2.0,0.1,129.2
ORD-002614,20-04-2019,25-04-2019,Second Class,CUST-00308,Kavya,Nair,Consumer,Tier 2,West,Goa,461084.0,Clothing,Menswear,1699.24,2.0,0.05,132.06
ORD-002615,03-07-2022,04-07-2022,Second Class,CUST-00554,Aadhya,Mukherjee,Corporate,Tier 1,East,Bihar,568261.0,Furniture,Tables,18361.42,5.0,0.0,4429.98
ORD-002616,14-08-2022,15-08-2022,Same Day,CUST-00491,Arjun,Chatterjee,Consumer,Tier 2,South,Tamil Nadu,441358.0,Clothing,Menswear,2833.95,3.0,0.3,278.98
ORD-002617,11-11-2022,17-11-2022,Same Day,CUST-00228,Vivaan,Chatterjee,Corporate,Tier 1,South,Karnataka,367245.0,Furniture,Chairs,26800.08,5.0,0.0,6668.86
ORD-002618,11-01-2019,15-01-2019,Second Class,CUST-00465,Aditya,Gupta,Corporate,Tier 1,East,West Bengal,672501.0,Furniture,Furnishings,15596.83,2.0,0.2,2755.72
ORD-002619,05-07-2023,11-07-2023,First Class,CUST-00359,Rohan,Rao,Corporate,Tier 2,North,Delhi,573918.0,Clothing,Kidswear,1069.37,1.0,0.1,241.38
ORD-002620,23-12-2022,28-12-2022,Standard Class,CUST-00584,Myra,Chatterjee,SMB,Village,East,Bihar,647811.0,Electronics,Cameras,48298.63,4.0,0.15,1645.29
ORD-002621,14-04-2021,15-04-2021,First Class,CUST-00383,Kavya,Das,SMB,Tier 1,West,Goa,779047.0,Electronics,Mobiles,46062.93,3.0,0.15,6732.98
ORD-002622,25-12-2020,28-12-2020,First Class,CUST-00457,Isha,Iyer,SMB,Tier 1,North,Punjab,808737.0,Clothing,Kidswear,1671.52,1.0,0.05,156.13
ORD-002623,08-05-2020,10-05-2020,Same Day,CUST-00283,Diya,Sharma,SMB,Tier 2,South,Karnataka,254869.0,Furniture,Tables,32890.7,3.0,0.5,4994.85
ORD-002624,06-09-2021,11-09-2021,Standard Class,CUST-00504,Kavya,Mukherjee,Consumer,Tier 1,South,Tamil Nadu,498999.0,Furniture,Storage,15096.5,3.0,0.5,1148.97
ORD-002625,01-03-2021,02-03-2021,Same Day,CUST-00444,Sai,Sharma,Corporate,Tier 1,East,Odisha,887677.0,Grocery,Household,2054.28,5.0,0.1,499.56
ORD-002626,08-05-2022,11-05-2022,Standard Class,CUST-00380,Anika,Mukherjee,Corporate,Tier 1,North,Punjab,714290.0,Grocery,Beverages,2173.8,4.0,0.1,61.04
ORD-002627,01-05-2019,02-05-2019,Standard Class,CUST-00100,Myra,Verma,Consumer,Tier 1,East,Bihar,177079.0,Electronics,Accessories,57232.39,4.0,0.2,8062.46
ORD-002628,16-06-2021,17-06-2021,,CUST-00440,Rohan,Das,SMB,Tier 1,North,Rajasthan,689949.0,Electronics,Mobiles,56557.56,3.0,0.05,8801.57
ORD-002629,05-07-2023,06-07-2023,Same Day,CUST-00339,Reyansh,Iyer,Consumer,Tier 1,North,Delhi,666965.0,Clothing,Womenswear,403.6,1.0,0.0,54.39
ORD-002630,11-04-2020,13-04-2020,First Class,CUST-00275,Rohan,Singh,Corporate,Tier 1,East,Jharkhand,827074.0,Grocery,Snacks,1299.47,4.0,0.05,55.0
ORD-002631,05-08-2020,06-08-2020,Same Day,CUST-00306,Krishna,Das,Consumer,Village,East,Odisha,179524.0,Grocery,Staples,894.23,2.0,0.1,177.72
ORD-002632,22-11-2023,26-11-2023,First Class,CUST-00480,Kavya,Bose,Corporate,Tier 2,North,Rajasthan,322751.0,Clothing,Womenswear,2500.82,5.0,0.2,226.8
ORD-002633,11-04-2022,14-04-2022,First Class,CUST-00322,Saanvi,Iyer,Corporate,Tier 2,East,Bihar,325038.0,Electronics,Accessories,34502.25,4.0,0.0,8643.38
ORD-002634,10-07-2021,12-07-2021,First Class,CUST-00130,Aarav,Patel,SMB,Tier 1,South,Karnataka,212855.0,Furniture,Chairs,25122.74,4.0,0.5,453.78
ORD-002635,08-11-2021,13-11-2021,Standard Class,CUST-00310,Arjun,Bose,SMB,Village,South,Andhra Pradesh,254911.0,Furniture,Chairs,2591.69,1.0,0.0,550.31
ORD-002636,03-04-2023,07-04-2023,Standard Class,CUST-00137,Priya,Patel,SMB,Tier 1,East,Odisha,705637.0,Furniture,Storage,26080.4,4.0,0.3,5443.62
ORD-002637,2023/10/10,15-10-2023,First Class,CUST-00407,Myra,Singh,Corporate,Tier 1,South,Andhra Pradesh,507912.0,Clothing,Footwear,5956.06,4.0,0.5,109.89
ORD-002638,22-11-2023,23-11-2023,Standard Class,CUST-00242,Ananya,Bose,Consumer,Tier 1,West,Madhya Pradesh,529663.0,Electronics,Cameras,13877.32,1.0,0.05,556.79
ORD-002639,27-06-2020,01-07-2020,Second Class,CUST-00245,Arjun,Reddy,Corporate,Village,South,Andhra Pradesh,657479.0,Electronics,Cameras,43179.63,4.0,0.5,2812.99
ORD-002640,29-12-2022,04-01-2023,Second Class,CUST-00145,Aadhya,Singh,Consumer,Tier 2,West,Maharashtra,297461.0,Furniture,Storage,21720.75,4.0,0.0,4854.85
ORD-002641,21-05-2019,22-05-2019,Standard Class,CUST-00370,Rohan,Gupta,Corporate,Tier 1,South,Tamil Nadu,464035.0,Clothing,Footwear,3685.25,3.0,0.0,490.74
ORD-002642,26-08-2023,27-08-2023,Standard Class,CUST-00279,Vihaan,Joshi,Consumer,Tier 2,South,Andhra Pradesh,626086.0,Clothing,Kidswear,7091.65,5.0,0.0,1673.62
ORD-002643,22-06-2021,24-06-2021,Standard Class,CUST-00542,Diya,Bose,Consumer,Tier 2,North,Delhi,338996.0,Electronics,Cameras,49537.73,5.0,0.15,12226.44
ORD-002644,31-12-2022,02-01-2023,Second Class,CUST-00438,Aditya,Reddy,Consumer,Tier 2,South,Karnataka,403223.0,Grocery,Snacks,1415.12,4.0,0.15,183.13
ORD-002645,19-12-2020,22-12-2020,Second Class,CUST-00321,Arjun,Rao,Corporate,Tier 1,North,Uttar Pradesh,508574.0,Grocery,Beverages,823.72,3.0,0.3,168.67
ORD-002646,24-06-2019,30-06-2019,Same Day,CUST-00439,Saanvi,Menon,Consumer,Tier 2,North,Haryana,793406.0,Clothing,Footwear,4541.54,5.0,0.5,266.53
ORD-002647,04-09-2022,06-09-2022,Same Day,CUST-00043,Ananya,Singh,SMB,Tier 2,South,Tamil Nadu,715829.0,Furniture,Storage,15954.11,3.0,0.5,491.98
ORD-002648,22-07-2019,26-07-2019,First Class,CUST-00424,Rohan,Bose,Consumer,Tier 1,East,Bihar,446681.0,Electronics,Cameras,4970.45,1.0,0.15,1178.3
ORD-002649,19-11-2022,25-11-2022,Standard Class,CUST-00524,Rohan,Bose,SMB,Tier 1,East,Odisha,452429.0,Clothing,Womenswear,4113.07,5.0,0.1,1287.89
ORD-002650,24-07-2021,31-07-2021,Second Class,CUST-00430,Isha,Menon,Corporate,Tier 2,East,Odisha,128963.0,Furniture,Storage,23408.86,4.0,0.3,3990.84
ORD-002651,23-03-2019,25-03-2019,Same Day,CUST-00036,Priya,Chatterjee,Corporate,Tier 2,West,Maharashtra,164415.0,Furniture,Storage,22245.15,5.0,0.3,1917.61
ORD-002652,21-02-2021,26-02-2021,Second Class,CUST-00346,Priya,Rao,Consumer,Tier 2,South,Telangana,254823.0,Clothing,Menswear,1256.27,2.0,0.2,227.35
ORD-002653,12-02-2020,15-02-2020,Second Class,CUST-00555,Vihaan,Sharma,SMB,Tier 1,North,Haryana,852446.0,Furniture,Furnishings,30586.9,5.0,0.3,3726.53
ORD-002654,26-04-2022,30-04-2022,Second Class,CUST-00231,Myra,Iyer,SMB,Tier 2,East,West Bengal,683680.0,Clothing,Menswear,1546.12,1.0,0.05,228.21
ORD-002655,04-01-2021,08-01-2021,Standard Class,CUST-00276,Ishaan,Gupta,Consumer,Tier 2,North,Rajasthan,816175.0,Clothing,Menswear,2372.52,3.0,0.1,443.55
ORD-002656,19-06-2021,24-06-2021,Standard Class,CUST-00132,Rohan,Reddy,Corporate,Tier 1,West,Goa,408733.0,Grocery,Staples,691.04,2.0,0.15,221.64
ORD-002657,30-06-2022,07-07-2022,Second Class,CUST-00241,Kavya,Sharma,Consumer,Tier 1,West,Gujarat,435896.0,Electronics,Accessories,43361.4,4.0,0.2,5126.28
ORD-002658,03-06-2019,07-06-2019,First Class,CUST-00523,Isha,Singh,Corporate,Tier 2,West,Gujarat,274162.0,Furniture,Storage,31355.09,3.0,0.15,4784.6
ORD-002659,02-05-2021,09-05-2021,Standard Class,CUST-00309,Ishaan,Rao,SMB,Village,South,Andhra Pradesh,126427.0,Electronics,Cameras,53712.55,4.0,0.0,19294.63
ORD-002660,10-03-2019,11-03-2019,Standard Class,CUST-00263,Ishaan,Iyer,SMB,Tier 1,South,Tamil Nadu,766403.0,Furniture,Tables,22513.75,5.0,0.05,4309.39
ORD-002661,31-01-2022,05-02-2022,Same Day,CUST-00143,Ananya,Rao,Corporate,Tier 2,South,Andhra Pradesh,746502.0,Clothing,Menswear,1011.23,1.0,0.15,339.43
ORD-002662,29-01-2021,03-02-2021,Standard Class,CUST-00258,Vihaan,Sharma,Corporate,Tier 1,South,Tamil Nadu,632736.0,Grocery,Staples,660.32,1.0,0.2,133.26
ORD-002663,31-07-2022,05-08-2022,Standard Class,CUST-00511,Myra,Mukherjee,SMB,Village,South,Andhra Pradesh,238759.0,Grocery,Snacks,1417.84,4.0,0.1,189.58
ORD-002664,18-11-2020,21-11-2020,First Class,CUST-00546,Ishaan,Patel,SMB,Tier 1,East,Jharkhand,839256.0,Electronics,Mobiles,67598.12,5.0,0.15,2663.27
ORD-002665,14-09-2022,17-09-2022,Standard Class,CUST-00396,Aarav,Gupta,SMB,Tier 1,South,Andhra Pradesh,118444.0,Grocery,Household,1807.76,3.0,0.0,570.98
ORD-002666,25-01-2020,28-01-2020,Standard Class,CUST-00008,Anika,Chatterjee,Consumer,Tier 1,South,Telangana,555650.0,Furniture,Storage,23785.67,4.0,0.0,5266.57
ORD-002667,13-04-2019,14-04-2019,Standard Class,CUST-00360,Anika,Verma,SMB,Village,East,Bihar,264285.0,Clothing,Womenswear,3697.35,5.0,0.2,323.88
ORD-002668,16-03-2019,19-03-2019,First Class,CUST-00002,Anika,Reddy,Consumer,Tier 2,East,Jharkhand,856957.0,Electronics,Accessories,93207.48,4.0,0.1,20782.17
ORD-002669,20-10-2021,27-10-2021,Same Day,CUST-00354,Arjun,Patel,Consumer,Tier 1,North,Haryana,614234.0,Clothing,Menswear,3443.36,3.0,0.5,291.81
ORD-002670,14-10-2023,18-10-2023,Second Class,CUST-00147,Anika,Mukherjee,SMB,Tier 1,North,Delhi,689066.0,Grocery,Beverages,1523.88,5.0,0.15,214.51
ORD-002671,14-06-2021,15-06-2021,Standard Class,CUST-00365,Rohan,Verma,Corporate,Tier 1,South,Tamil Nadu,647992.0,Clothing,Footwear,614.95,1.0,0.0,140.79
ORD-002672,17-08-2022,19-08-2022,Second Class,CUST-00337,Aadhya,Patel,Consumer,Tier 1,South,Telangana,119944.0,Clothing,Kidswear,873.11,1.0,0.5,85.56
ORD-002673,14-08-2022,15-08-2022,First Class,CUST-00363,Saanvi,Bose,Consumer,Village,South,Telangana,674233.0,Electronics,Laptops,58374.15,3.0,0.15,9708.74
ORD-002674,23-12-2019,25-12-2019,Standard Class,CUST-00157,Saanvi,Gupta,Consumer,Tier 1,North,Rajasthan,477851.0,Clothing,Womenswear,1514.2,1.0,0.0,163.07
ORD-002675,27-11-2020,01-12-2020,Standard Class,CUST-00369,Sai,Patel,SMB,Tier 2,East,Odisha,347848.0,Furniture,Furnishings,19119.86,3.0,0.2,1737.59
ORD-002676,18-01-2021,21-01-2021,Second Class,CUST-00100,Myra,Verma,Consumer,Tier 1,East,Bihar,804155.0,Clothing,Womenswear,1643.09,1.0,0.05,30.56
ORD-002677,18-11-2023,24-11-2023,First Class,CUST-00217,Aadhya,Nair,Consumer,Tier 2,West,Gujarat,478036.0,Clothing,Footwear,4540.92,3.0,0.3,356.86
ORD-002678,07-05-2022,11-05-2022,First Class,CUST-00412,Ananya,Joshi,SMB,Tier 1,North,Punjab,362386.0,Clothing,Footwear,3729.23,3.0,0.05,711.39
ORD-002679,10-04-2023,11-04-2023,First Class,CUST-00176,Isha,Verma,SMB,Tier 2,North,Punjab,353912.0,Electronics,Accessories,95218.14,4.0,0.3,9749.7
ORD-002680,21-01-2022,23-01-2022,First Class,CUST-00577,Sai,Nair,Corporate,Tier 1,North,Uttar Pradesh,115324.0,Furniture,Storage,12513.77,4.0,0.1,3706.24
ORD-002681,14-08-2020,15-08-2020,First Class,CUST-00421,Aadhya,Bose,SMB,Tier 2,North,Rajasthan,201907.0,Grocery,Staples,460.62,1.0,0.1,39.57
ORD-002682,22-06-2023,29-06-2023,Standard Class,CUST-00175,Saanvi,Patel,Corporate,Village,East,Jharkhand,288718.0,Furniture,Tables,12523.68,2.0,0.1,2322.71
ORD-002683,11-12-2020,18-12-2020,Same Day,CUST-00120,Arjun,Mukherjee,SMB,Village,West,Maharashtra,797480.0,Electronics,Accessories,106408.91,5.0,0.15,19360.03
ORD-002684,19-04-2022,23-04-2022,Second Class,CUST-00234,Aditya,Verma,SMB,Tier 2,South,Telangana,851157.0,Furniture,Storage,30578.18,4.0,0.0,6179.43
ORD-002685,09-09-2023,15-09-2023,First Class,CUST-00290,Isha,Verma,Corporate,Tier 1,East,Jharkhand,583614.0,Clothing,Womenswear,5092.71,4.0,0.3,546.39
ORD-002686,22-08-2020,29-08-2020,Same Day,CUST-00018,Aditya,Patel,SMB,Tier 2,East,Odisha,766605.0,Grocery,Beverages,1122.42,2.0,0.1,133.8
ORD-002687,20-11-2022,26-11-2022,First Class,CUST-00467,Aadhya,Mukherjee,Corporate,Village,East,Bihar,829668.0,Grocery,Household,1400.03,3.0,0.5,204.19
ORD-002688,28-10-2023,31-10-2023,Same Day,CUST-00299,Aadhya,Rao,Consumer,Tier 1,North,Rajasthan,408532.0,Clothing,Footwear,2373.33,2.0,0.05,548.8
ORD-002689,19-07-2022,21-07-2022,Same Day,CUST-00214,Ananya,Sharma,Consumer,Tier 2,South,Telangana,865606.0,Electronics,Mobiles,45177.2,2.0,0.0,3440.86
ORD-002690,2022/05/02,08-05-2022,Standard Class,CUST-00063,Ishaan,Verma,Corporate,Tier 1,West,Maharashtra,821301.0,Clothing,Footwear,6587.4,5.0,0.15,43.6
ORD-002691,05-10-2019,07-10-2019,Same Day,CUST-00384,Krishna,Gupta,SMB,Tier 2,East,Odisha,857934.0,Electronics,Mobiles,45431.26,2.0,0.15,9308.06
ORD-002692,20-02-2022,25-02-2022,Second Class,CUST-00509,Aadhya,Gupta,Consumer,Tier 2,South,Karnataka,200505.0,Clothing,Menswear,3644.49,5.0,0.05,784.94
ORD-002693,10-10-2021,13-10-2021,First Class,CUST-00412,Ananya,Joshi,SMB,Tier 1,North,Punjab,767253.0,Electronics,Laptops,30596.64,2.0,0.1,5036.29
ORD-002694,04-02-2022,08-02-2022,Second Class,CUST-00418,Kavya,Nair,SMB,Tier 1,North,Haryana,596313.0,Furniture,Tables,14815.12,3.0,0.15,3415.6
ORD-002695,15-09-2021,19-09-2021,First Class,CUST-00298,Ishaan,Mukherjee,Consumer,Tier 2,South,Kerala,,Furniture,Furnishings,25835.79,3.0,0.5,2236.05
ORD-002696,10-04-2019,17-04-2019,Second Class,CUST-00234,Aditya,Verma,SMB,Tier 2,South,Telangana,888428.0,Grocery,Household,525.42,1.0,0.5,62.21
ORD-002697,09-01-2022,11-01-2022,Second Class,CUST-00017,Diya,Patel,Corporate,Tier 1,East,West Bengal,452442.0,Grocery,Staples,1278.73,5.0,0.5,137.24
ORD-002698,23-06-2019,29-06-2019,First Class,CUST-00416,Priya,Rao,SMB,Tier 1,North,Punjab,618772.0,Grocery,Household,2911.37,5.0,0.15,461.87
ORD-002699,11-09-2021,15-09-2021,Standard Class,CUST-00485,Sai,Menon,Consumer,Tier 2,East,Jharkhand,499757.0,Grocery,Beverages,298.19,1.0,0.15,63.06
ORD-002700,05-03-2022,10-03-2022,Second Class,CUST-00039,Ishaan,Gupta,Corporate,Village,East,Odisha,852027.0,Electronics,Mobiles,45341.14,2.0,0.15,9692.64
ORD-002701,01-01-2022,06-01-2022,Second Class,CUST-00096,Arjun,Singh,SMB,Tier 2,West,Maharashtra,453559.0,Electronics,Accessories,70926.79,3.0,0.15,12050.6
ORD-002702,23-01-2019,26-01-2019,First Class,CUST-00536,Ishaan,Patel,SMB,Tier 2,West,Madhya Pradesh,608174.0,Furniture,Furnishings,26583.28,5.0,0.0,1881.54
ORD-002703,28-03-2021,04-04-2021,First Class,CUST-00324,Meera,Sharma,Corporate,Tier 2,North,Delhi,686837.0,Furniture,Tables,12187.65,2.0,0.3,1581.38
ORD-002704,06-01-2023,11-01-2023,Second Class,CUST-00335,Aarav,Verma,Corporate,Tier 1,South,Telangana,226596.0,Clothing,Menswear,4728.51,3.0,0.1,1079.15
ORD-002705,24-06-2020,25-06-2020,First Class,CUST-00160,Arjun,Iyer,Corporate,Tier 2,West,Goa,774648.0,Furniture,Storage,19901.71,3.0,0.0,5117.22
ORD-002706,22-03-2021,23-03-2021,Same Day,CUST-00459,Meera,Mukherjee,Corporate,Village,North,Rajasthan,796248.0,Furniture,Storage,11702.46,2.0,0.05,1220.84
ORD-002707,10-11-2020,13-11-2020,Same Day,CUST-00145,Aadhya,Singh,Consumer,Tier 2,West,Maharashtra,230002.0,Electronics,Laptops,41127.31,3.0,0.2,3519.24
ORD-002708,16-01-2021,18-01-2021,Standard Class,CUST-00453,Aditya,Patel,SMB,Village,South,Andhra Pradesh,461356.0,Grocery,Beverages,1063.61,2.0,0.05,236.31
ORD-002709,25-04-2021,30-04-2021,Second Class,CUST-00112,Meera,Nair,SMB,Tier 1,West,Goa,422950.0,Clothing,Menswear,3661.92,3.0,0.2,402.46
ORD-002710,22-12-2021,24-12-2021,Same Day,CUST-00447,Rohan,Rao,Corporate,Tier 2,West,Madhya Pradesh,301042.0,Furniture,Chairs,12413.64,3.0,0.0,3041.03
ORD-002711,05-02-2020,11-02-2020,Same Day,CUST-00535,Isha,Mukherjee,Consumer,Village,South,Andhra Pradesh,248835.0,Electronics,Laptops,24290.31,1.0,0.15,4527.63
ORD-002712,08-06-2022,13-06-2022,Standard Class,CUST-00566,Rohan,Singh,SMB,Village,North,Punjab,891833.0,Clothing,Kidswear,4626.79,4.0,0.2,436.26
ORD-002713,19-11-2023,24-11-2023,Standard Class,CUST-00385,Priya,Bose,SMB,Tier 1,East,Jharkhand,754564.0,Furniture,Storage,30653.26,4.0,0.0,9018.91
ORD-002714,16-01-2020,21-01-2020,Second Class,CUST-00464,Aarav,Joshi,Corporate,Tier 1,East,Jharkhand,373550.0,Grocery,Household,1606.9,5.0,0.0,293.76
ORD-002715,04-11-2023,08-11-2023,Same Day,CUST-00216,Reyansh,Joshi,Corporate,Tier 1,West,Goa,417972.0,Furniture,Tables,25117.38,5.0,0.05,5717.29
ORD-002716,18-12-2020,25-12-2020,Standard Class,CUST-00094,Saanvi,Reddy,SMB,Tier 2,East,Bihar,324751.0,Grocery,Beverages,992.09,2.0,0.3,158.36
ORD-002717,22-09-2019,23-09-2019,Second Class,CUST-00204,Rohan,Das,SMB,Village,South,Andhra Pradesh,488847.0,Electronics,Laptops,30237.77,2.0,0.3,5408.53
ORD-002718,01-07-2022,08-07-2022,Second Class,CUST-00522,Ananya,Bose,SMB,Tier 2,North,Delhi,705945.0,Clothing,Kidswear,2093.0,2.0,0.0,120.92
ORD-002719,18-03-2022,24-03-2022,Standard Class,CUST-00575,Vihaan,Menon,Consumer,Tier 1,North,Haryana,619767.0,Grocery,Household,1169.62,3.0,0.3,112.21
ORD-002720,07-03-2022,08-03-2022,Standard Class,CUST-00226,Saanvi,Das,SMB,Tier 1,North,Uttar Pradesh,107705.0,Clothing,Menswear,7053.23,5.0,0.2,277.62
ORD-002721,22-10-2021,23-10-2021,Second Class,CUST-00408,Krishna,Iyer,Corporate,Tier 1,North,Delhi,835115.0,Furniture,Storage,7242.77,1.0,0.0,1284.66
ORD-002722,21-06-2020,26-06-2020,Second Class,CUST-00521,Aadhya,Joshi,SMB,Tier 2,South,Andhra Pradesh,225685.0,Clothing,Footwear,2469.8,2.0,0.1,346.32
ORD-002723,18-01-2020,25-01-2020,Same Day,CUST-00595,Vihaan,Sharma,Corporate,Tier 2,South,Telangana,543526.0,Grocery,Staples,1888.27,4.0,0.0,482.59
ORD-002724,27-01-2019,02-02-2019,Second Class,CUST-00163,Priya,Sharma,SMB,Tier 1,South,Kerala,279015.0,Clothing,Womenswear,2512.81,5.0,0.15,312.67
ORD-002725,22-08-2023,26-08-2023,Same Day,CUST-00035,Reyansh,Rao,Consumer,Tier 1,East,West Bengal,844430.0,Grocery,Staples,1116.96,3.0,0.2,243.37
ORD-002726,27-04-2023,01-05-2023,First Class,CUST-00044,Aarav,Sharma,SMB,Tier 2,East,West Bengal,397017.0,Clothing,Kidswear,5567.8,5.0,0.0,1136.8
ORD-002727,27-03-2020,30-03-2020,Second Class,CUST-00422,Aditya,Singh,Corporate,Tier 1,North,Haryana,499988.0,Clothing,Menswear,5731.76,4.0,0.05,968.67
ORD-002728,31-07-2020,02-08-2020,Same Day,CUST-00043,Ananya,Singh,SMB,Tier 2,South,Tamil Nadu,520552.0,Grocery,Beverages,499.73,4.0,0.2,78.26
ORD-002729,10-04-2020,16-04-2020,Standard Class,CUST-00202,Vihaan,Sharma,Consumer,Tier 2,North,Haryana,204523.0,Furniture,Storage,6628.25,2.0,0.05,841.66
ORD-002730,31-07-2019,04-08-2019,Second Class,CUST-00021,Meera,Reddy,Consumer,Tier 1,South,Andhra Pradesh,661230.0,Electronics,Accessories,65226.2,4.0,0.0,5260.38
ORD-002731,12-01-2020,15-01-2020,Same Day,CUST-00049,Meera,Nair,Consumer,Tier 2,West,Goa,225279.0,Grocery,Staples,1636.16,5.0,0.2,59.38
ORD-002732,06-10-2021,10-10-2021,Second Class,CUST-00552,Aadhya,Nair,Corporate,Tier 2,East,Bihar,553087.0,Furniture,Chairs,31377.53,4.0,0.1,5783.19
ORD-002733,06-02-2019,13-02-2019,First Class,CUST-00237,Vivaan,Das,Consumer,Tier 1,North,Rajasthan,228281.0,Electronics,Accessories,69725.37,4.0,0.5,1784.35
ORD-002734,11-10-2021,13-10-2021,Same Day,CUST-00093,Myra,Nair,Corporate,Tier 2,East,Jharkhand,516734.0,Electronics,Laptops,76390.17,4.0,0.15,7364.83
ORD-002735,23-05-2023,28-05-2023,First Class,CUST-00567,Isha,Gupta,Consumer,Tier 2,West,Madhya Pradesh,894148.0,Furniture,Tables,6121.42,1.0,0.1,472.43
ORD-002736,08-05-2019,11-05-2019,Same Day,CUST-00300,Reyansh,Iyer,SMB,Tier 1,West,Madhya Pradesh,293689.0,Furniture,Chairs,33021.37,5.0,0.1,7863.66
ORD-002737,26-06-2020,29-06-2020,Standard Class,CUST-00493,Kavya,Menon,Consumer,Tier 1,East,Bihar,812603.0,Furniture,Chairs,41806.99,4.0,0.15,4158.47
ORD-002738,25-05-2023,26-05-2023,Second Class,CUST-00355,Vivaan,Iyer,Corporate,Tier 1,West,Maharashtra,781494.0,Clothing,Kidswear,989.35,1.0,0.1,106.8
ORD-002739,28-02-2023,06-03-2023,Second Class,CUST-00093,Myra,Nair,Corporate,Tier 2,East,Jharkhand,718084.0,Furniture,Chairs,31340.94,5.0,0.1,1122.6
ORD-002740,09-02-2020,14-02-2020,Standard Class,CUST-00364,Rohan,Bose,Corporate,Tier 2,West,Gujarat,742578.0,Grocery,Beverages,291.17,3.0,0.1,37.27
ORD-002741,02-12-2019,06-12-2019,First Class,CUST-00309,Ishaan,Rao,SMB,Village,South,Andhra Pradesh,829890.0,Grocery,Beverages,316.35,2.0,0.2,17.18
ORD-002742,14-03-2021,16-03-2021,Standard Class,CUST-00154,Aarav,Chatterjee,Corporate,Tier 1,South,Karnataka,875882.0,Electronics,Cameras,31986.78,2.0,0.2,5673.71
ORD-002743,03-04-2022,04-04-2022,First Class,CUST-00130,Aarav,Patel,SMB,Tier 1,South,Karnataka,645241.0,Clothing,Womenswear,3257.26,2.0,0.5,73.89
ORD-002744,19-05-2021,20-05-2021,Second Class,CUST-00521,Aadhya,Joshi,SMB,Tier 2,South,Andhra Pradesh,780227.0,Grocery,Beverages,949.31,2.0,0.0,221.19
ORD-002745,31-03-2019,02-04-2019,Same Day,CUST-00018,Aditya,Patel,SMB,Tier 2,East,Odisha,537002.0,Grocery,Snacks,447.31,1.0,0.0,30.19
ORD-002746,01-11-2023,06-11-2023,First Class,CUST-00096,Arjun,Singh,SMB,Tier 2,West,Maharashtra,856366.0,Furniture,Tables,9344.62,1.0,0.0,2073.98
ORD-002747,01-03-2023,02-03-2023,Second Class,CUST-00537,Meera,Nair,Consumer,Tier 2,South,Kerala,311222.0,Electronics,Laptops,20917.77,2.0,0.3,2771.17
ORD-002748,22-08-2020,25-08-2020,Same Day,CUST-00048,Aarav,Das,Corporate,Tier 2,South,Andhra Pradesh,736297.0,Clothing,Womenswear,2823.87,3.0,0.2,371.98
ORD-002749,26-10-2023,31-10-2023,Standard Class,CUST-00516,Priya,Nair,SMB,Tier 2,East,Bihar,239063.0,Grocery,Staples,1686.35,3.0,0.05,215.21
ORD-002750,22-02-2022,23-02-2022,Second Class,CUST-00445,Kavya,Reddy,Corporate,Tier 2,West,Maharashtra,297312.0,Grocery,Snacks,1479.61,5.0,0.15,225.36
ORD-002751,12-09-2020,16-09-2020,Standard Class,CUST-00135,Rohan,Singh,SMB,Tier 1,South,Andhra Pradesh,472659.0,Electronics,Accessories,13086.19,2.0,0.3,1406.33
ORD-002752,26-03-2020,27-03-2020,Second Class,CUST-00452,Saanvi,Menon,SMB,Tier 1,North,Rajasthan,610164.0,Electronics,Mobiles,44873.39,3.0,0.15,4742.33
ORD-002753,10-07-2022,13-07-2022,Second Class,CUST-00221,Rohan,Reddy,Consumer,Tier 2,East,West Bengal,244227.0,Clothing,Footwear,4648.66,5.0,0.05,565.55
ORD-002754,01-04-2022,06-04-2022,First Class,CUST-00249,Ananya,Verma,Consumer,Tier 1,North,Haryana,779198.0,Furniture,Tables,4532.2,3.0,0.0,857.07
ORD-002755,08-12-2021,11-12-2021,First Class,CUST-00460,Sai,Das,Consumer,Tier 1,North,Haryana,651902.0,Furniture,Furnishings,4041.54,1.0,0.1,567.11
ORD-002756,30-01-2023,04-02-2023,Second Class,CUST-00251,Kavya,Joshi,Corporate,Tier 2,South,Kerala,630586.0,Electronics,Accessories,31823.79,3.0,0.0,4978.06
ORD-002757,09-01-2023,15-01-2023,Standard Class,CUST-00552,Aadhya,Nair,Corporate,Tier 2,East,Bihar,825352.0,Furniture,Tables,10955.64,2.0,0.15,243.24
ORD-002758,25-01-2021,29-01-2021,First Class,CUST-00423,Sai,Bose,Consumer,Tier 1,South,Telangana,257986.0,Electronics,Accessories,26315.28,3.0,0.0,5597.45
ORD-002759,02-10-2021,08-10-2021,First Class,CUST-00045,Reyansh,Verma,Corporate,Tier 2,East,West Bengal,590969.0,Electronics,Laptops,35561.37,3.0,0.1,6564.63
ORD-002760,28-05-2023,04-06-2023,Standard Class,CUST-00126,Aditya,Das,SMB,Village,East,Bihar,647164.0,Grocery,Snacks,1454.52,4.0,0.0,462.62
ORD-002761,15-03-2023,18-03-2023,First Class,CUST-00086,Meera,Das,SMB,Tier 2,East,Bihar,697793.0,Furniture,Storage,24909.14,5.0,0.0,5396.49
ORD-002762,31-05-2020,02-06-2020,Same Day,CUST-00332,Aarav,Mukherjee,SMB,Tier 2,North,Delhi,217411.0,Grocery,Beverages,781.14,2.0,0.0,127.55
ORD-002763,02-11-2019,09-11-2019,Second Class,CUST-00410,Kavya,Verma,Consumer,Tier 1,South,Karnataka,370212.0,Furniture,Storage,6017.19,1.0,0.15,654.79
ORD-002764,30-05-2021,04-06-2021,Second Class,CUST-00467,Aadhya,Mukherjee,Corporate,Village,East,Bihar,672001.0,Furniture,Tables,18424.04,3.0,0.5,536.75
ORD-002765,13-07-2020,18-07-2020,Standard Class,CUST-00138,Priya,Iyer,Corporate,Tier 2,West,Maharashtra,237088.0,Clothing,Womenswear,6304.26,4.0,0.2,1097.65
ORD-002766,22-05-2019,26-05-2019,Standard Class,CUST-00194,Diya,Singh,SMB,Tier 1,North,Haryana,415742.0,Clothing,Footwear,4322.75,3.0,0.05,613.05
ORD-002767,13-01-2022,19-01-2022,First Class,CUST-00187,Isha,Joshi,Corporate,Village,East,Odisha,683881.0,Electronics,Mobiles,15368.29,1.0,0.3,-334.66
ORD-002768,18-09-2021,19-09-2021,First Class,CUST-00336,Aadhya,Nair,SMB,Tier 2,North,Haryana,174201.0,Furniture,Furnishings,13627.77,2.0,0.15,2196.93
ORD-002769,16-10-2023,20-10-2023,Second Class,CUST-00368,Priya,Mukherjee,SMB,Tier 1,East,Odisha,344130.0,Grocery,Snacks,225.13,1.0,0.3,33.31
ORD-002770,21-05-2019,24-05-2019,Second Class,CUST-00148,Sai,Singh,Consumer,Tier 2,East,Odisha,890662.0,Grocery,Snacks,1204.41,3.0,0.0,229.89
ORD-002771,20-12-2023,25-12-2023,Standard Class,CUST-00498,Ananya,Chatterjee,Consumer,Tier 1,West,Maharashtra,182647.0,Electronics,Laptops,27463.29,2.0,0.2,5757.27
ORD-002772,22-06-2020,26-06-2020,Standard Class,CUST-00568,Arjun,Singh,SMB,Tier 2,North,Punjab,880948.0,Clothing,Footwear,2469.61,5.0,0.2,211.62
ORD-002773,04-06-2022,07-06-2022,Standard Class,CUST-00023,Ishaan,Rao,Consumer,Tier 2,East,Bihar,769722.0,Furniture,Furnishings,20139.52,3.0,0.1,5612.81
ORD-002774,18-06-2023,25-06-2023,First Class,CUST-00387,Arjun,Mukherjee,Consumer,Village,South,Kerala,,Furniture,Tables,19783.62,4.0,0.5,2628.7
ORD-002775,19-05-2022,22-05-2022,Second Class,CUST-00063,Ishaan,Verma,Corporate,Tier 1,West,Maharashtra,484639.0,Furniture,Tables,10156.8,3.0,0.0,733.17
ORD-002776,05-10-2019,09-10-2019,Same Day,CUST-00249,Ananya,Verma,Consumer,Tier 1,North,Haryana,803809.0,Furniture,Storage,47201.37,5.0,0.2,9424.9
ORD-002777,01-10-2020,05-10-2020,Standard Class,CUST-00517,Priya,Verma,SMB,Tier 1,South,Karnataka,412766.0,Clothing,Menswear,3791.62,4.0,0.3,771.26
ORD-002778,15-01-2022,17-01-2022,Second Class,CUST-00016,Aarav,Chatterjee,Corporate,Tier 2,South,Kerala,337942.0,Clothing,Menswear,5732.85,5.0,0.15,720.76
ORD-002779,13-07-2020,20-07-2020,Standard Class,CUST-00026,Aadhya,Menon,Consumer,Tier 1,West,Goa,246972.0,Furniture,Tables,46910.69,5.0,0.5,2284.25
ORD-002780,02-12-2021,03-12-2021,Same Day,CUST-00102,Diya,Singh,Corporate,Tier 2,East,Bihar,355632.0,Electronics,Laptops,24527.88,3.0,0.15,2815.49
ORD-002781,11-06-2020,15-06-2020,Same Day,CUST-00178,Aditya,Singh,SMB,Village,West,Gujarat,804540.0,Clothing,Footwear,5205.02,4.0,0.15,622.59
ORD-002782,15-01-2021,21-01-2021,First Class,CUST-00078,Aditya,Menon,Consumer,Tier 1,North,Delhi,177745.0,Electronics,Mobiles,87025.44,5.0,0.5,6324.32
ORD-002783,28-05-2022,02-06-2022,Standard Class,CUST-00477,Arjun,Mukherjee,Consumer,Village,North,Haryana,710145.0,Grocery,Household,407.97,1.0,0.15,54.83
ORD-002784,08-06-2020,14-06-2020,First Class,CUST-00318,Meera,Bose,Consumer,Tier 2,North,Haryana,427417.0,Clothing,Footwear,2895.33,3.0,0.15,263.38
ORD-002785,15-08-2019,22-08-2019,Same Day,CUST-00003,Aadhya,Chatterjee,Corporate,Tier 1,North,Rajasthan,786216.0,Furniture,Furnishings,10980.18,3.0,0.3,1124.59
ORD-002786,30-10-2023,05-11-2023,First Class,CUST-00581,Aditya,Sharma,Corporate,Tier 1,East,Jharkhand,547776.0,Grocery,Beverages,279.22,1.0,0.1,68.75
ORD-002787,24-06-2022,29-06-2022,Same Day,CUST-00100,Myra,Verma,Consumer,Tier 1,East,Bihar,190173.0,Electronics,Mobiles,47607.04,4.0,0.2,3207.83
ORD-002788,20-06-2022,21-06-2022,First Class,CUST-00407,Myra,Singh,Corporate,Tier 1,South,Andhra Pradesh,405192.0,Clothing,Menswear,2221.14,2.0,0.0,334.55
ORD-002789,17-01-2020,22-01-2020,Standard Class,CUST-00305,Vivaan,Nair,SMB,Tier 2,West,Goa,218634.0,Furniture,Storage,24745.01,4.0,0.0,8238.77
ORD-002790,07-03-2021,12-03-2021,Second Class,CUST-00471,Ishaan,Patel,Consumer,Village,South,Karnataka,867927.0,Clothing,Kidswear,4153.61,5.0,0.1,97.95
ORD-002791,16-08-2020,22-08-2020,Second Class,CUST-00213,Ishaan,Mukherjee,Consumer,Tier 2,North,Delhi,164905.0,Electronics,Accessories,45023.18,4.0,0.2,2436.71
ORD-002792,22-11-2022,26-11-2022,Standard Class,CUST-00225,Kavya,Bose,Consumer,Tier 1,South,Kerala,292565.0,Clothing,Womenswear,2588.51,4.0,0.3,450.95
ORD-002793,21-09-2023,23-09-2023,Second Class,CUST-00306,Krishna,Das,Consumer,Village,East,Odisha,277500.0,Electronics,Mobiles,40112.86,3.0,0.05,2956.32
ORD-002794,28-05-2021,03-06-2021,First Class,CUST-00228,Vivaan,Chatterjee,Corporate,Tier 1,South,Karnataka,185644.0,Clothing,Kidswear,696.09,1.0,0.0,197.29
ORD-002795,10-07-2019,14-07-2019,Same Day,CUST-00297,Ishaan,Gupta,SMB,Tier 1,South,Telangana,624761.0,Electronics,Cameras,12844.42,1.0,0.05,1764.04
ORD-002796,15-11-2022,17-11-2022,Same Day,CUST-00546,Ishaan,Patel,SMB,Tier 1,East,Jharkhand,409682.0,Furniture,Tables,13150.89,2.0,0.1,2226.01
ORD-002797,26-07-2020,31-07-2020,First Class,CUST-00200,Ananya,Reddy,Corporate,Tier 1,East,Bihar,502417.0,Furniture,Storage,15200.74,2.0,0.1,2466.98
ORD-002798,08-04-2021,12-04-2021,Second Class,CUST-00488,Priya,Verma,SMB,Tier 1,North,Delhi,281511.0,Grocery,Household,435.46,1.0,0.0,52.79
ORD-002799,02-06-2023,09-06-2023,Second Class,CUST-00212,Reyansh,Reddy,Corporate,Tier 1,North,Delhi,149417.0,Electronics,Laptops,13320.73,1.0,0.3,1704.98
ORD-002800,14-07-2021,16-07-2021,First Class,CUST-00150,Anika,Menon,Consumer,Tier 1,North,Uttar Pradesh,742237.0,Grocery,Staples,938.18,3.0,0.15,176.27
ORD-002801,12-11-2023,15-11-2023,Second Class,CUST-00123,Sai,Mukherjee,Consumer,Village,North,Uttar Pradesh,587027.0,Furniture,Tables,39970.0,5.0,0.5,7077.12
ORD-002802,24-06-2019,25-06-2019,First Class,CUST-00288,Vihaan,Singh,Corporate,Tier 1,North,Rajasthan,132605.0,Furniture,Furnishings,31098.98,5.0,0.0,7895.41
ORD-002803,05-07-2021,07-07-2021,Second Class,CUST-00588,Saanvi,Sharma,Corporate,Tier 2,North,Rajasthan,270160.0,Grocery,Household,136.05,1.0,0.5,14.58
ORD-002804,27-11-2022,04-12-2022,Second Class,CUST-00569,Priya,Bose,Corporate,Tier 2,North,Haryana,368859.0,Clothing,Menswear,1577.38,1.0,0.0,379.5
ORD-002805,13-04-2020,15-04-2020,Standard Class,CUST-00479,Priya,Verma,Consumer,Tier 2,West,Maharashtra,836516.0,Clothing,Womenswear,4041.16,3.0,0.05,642.36
ORD-002806,08-08-2022,14-08-2022,Standard Class,CUST-00580,Krishna,Sharma,Corporate,Tier 2,West,Goa,358351.0,Clothing,Menswear,1930.92,3.0,0.1,492.37
ORD-002807,21-03-2022,26-03-2022,Second Class,CUST-00580,Krishna,Sharma,Corporate,Tier 2,West,Goa,355690.0,Grocery,Staples,336.7,2.0,0.5,14.94
ORD-002808,05-04-2021,08-04-2021,Standard Class,CUST-00400,Vihaan,Verma,SMB,Tier 1,West,Goa,374398.0,Furniture,Storage,20017.69,3.0,0.2,3392.91
ORD-002809,06-07-2020,12-07-2020,Standard Class,CUST-00227,Ananya,Patel,Corporate,Tier 1,South,Andhra Pradesh,559205.0,Electronics,Accessories,57777.47,4.0,0.0,7564.84
ORD-002810,30-10-2020,01-11-2020,Second Class,CUST-00408,Krishna,Iyer,Corporate,Tier 1,North,Delhi,542087.0,Grocery,Snacks,1390.82,3.0,0.0,176.44
ORD-002811,18-09-2020,21-09-2020,Same Day,CUST-00018,Aditya,Patel,SMB,Tier 2,East,Odisha,151973.0,Electronics,Cameras,69763.94,5.0,0.05,10334.15
ORD-002812,11-04-2019,12-04-2019,First Class,CUST-00203,Diya,Chatterjee,Corporate,Village,South,Andhra Pradesh,318894.0,Clothing,Womenswear,3709.02,3.0,0.0,396.26
ORD-002813,24-10-2019,25-10-2019,Standard Class,CUST-00112,Meera,Nair,SMB,Tier 1,West,Goa,122580.0,Clothing,Kidswear,5523.29,4.0,0.0,840.57
ORD-002814,2019/07/20,26-07-2019,Second Class,CUST-00357,Kavya,Rao,Corporate,Village,North,Rajasthan,633483.0,Clothing,Womenswear,985.17,1.0,0.3,85.15
ORD-002815,24-06-2021,30-06-2021,Second Class,CUST-00246,Aadhya,Rao,Corporate,Tier 2,South,Telangana,306658.0,Grocery,Beverages,330.26,1.0,0.05,59.48
ORD-002816,28-12-2020,02-01-2021,Standard Class,CUST-00486,Vihaan,Patel,SMB,Village,North,Uttar Pradesh,113367.0,Furniture,Chairs,13306.92,3.0,0.5,1299.96
ORD-002817,18-08-2020,23-08-2020,Second Class,CUST-00108,Reyansh,Bose,Consumer,Tier 1,North,Rajasthan,714781.0,Electronics,Laptops,19499.38,2.0,0.2,2786.3
ORD-002818,08-04-2022,09-04-2022,Second Class,CUST-00366,Vihaan,Chatterjee,SMB,Tier 1,North,Haryana,198841.0,Grocery,Staples,1402.73,2.0,0.3,210.36
ORD-002819,18-04-2023,23-04-2023,Second Class,CUST-00052,Meera,Verma,SMB,Village,West,Madhya Pradesh,676803.0,Electronics,Laptops,61287.67,3.0,0.15,4228.9
ORD-002820,12-01-2019,19-01-2019,Standard Class,CUST-00084,Aditya,Verma,Consumer,Tier 1,South,Andhra Pradesh,373141.0,Grocery,Household,1105.12,3.0,0.15,127.88
ORD-002821,12-04-2022,17-04-2022,Second Class,CUST-00569,Priya,Bose,Corporate,Tier 2,North,Haryana,348881.0,Furniture,Chairs,35178.24,5.0,0.2,7485.41
ORD-002822,18-11-2023,25-11-2023,Second Class,CUST-00392,Aditya,Singh,Corporate,Village,North,Delhi,222294.0,Clothing,Womenswear,1211.45,1.0,0.05,361.26
ORD-002823,18-03-2021,25-03-2021,First Class,CUST-00062,Vihaan,Sharma,SMB,Tier 1,North,Uttar Pradesh,198321.0,Clothing,Footwear,5334.15,5.0,0.0,825.61
ORD-002824,2020/02/22,29-02-2020,First Class,CUST-00420,Isha,Mukherjee,Consumer,Tier 1,West,Goa,204863.0,Electronics,Laptops,67385.07,3.0,0.1,7977.85
ORD-002825,04-03-2023,07-03-2023,First Class,CUST-00569,Priya,Bose,Corporate,Tier 2,North,Haryana,222944.0,Grocery,Household,1094.68,3.0,0.3,182.37
ORD-002826,13-12-2020,16-12-2020,Same Day,CUST-00531,Krishna,Bose,SMB,Tier 1,North,Uttar Pradesh,194382.0,Grocery,Staples,585.39,2.0,0.1,137.28
ORD-002827,19-04-2019,22-04-2019,First Class,CUST-00133,Arjun,Bose,Corporate,Tier 2,South,Telangana,130606.0,Grocery,Snacks,2281.31,5.0,0.05,382.77
ORD-002828,23-10-2019,30-10-2019,Standard Class,CUST-00479,Priya,Verma,Consumer,Tier 2,West,Maharashtra,364545.0,Electronics,Mobiles,29446.39,3.0,0.0,8970.8
ORD-002829,13-11-2019,19-11-2019,Second Class,CUST-00142,Isha,Reddy,SMB,Tier 1,South,Telangana,228602.0,Electronics,Mobiles,14378.72,1.0,0.5,563.33
ORD-002830,06-02-2021,11-02-2021,,CUST-00581,Aditya,Sharma,Corporate,Tier 1,East,Jharkhand,770048.0,Furniture,Chairs,10359.17,2.0,0.15,2412.44
ORD-002831,11-04-2021,12-04-2021,First Class,CUST-00335,Aarav,Verma,Corporate,Tier 1,South,Telangana,804045.0,Grocery,Household,2198.64,5.0,0.2,286.56
ORD-002832,16-04-2023,23-04-2023,Second Class,CUST-00070,Saanvi,Patel,Consumer,Tier 2,South,Telangana,731981.0,Electronics,Mobiles,20888.21,3.0,0.5,1754.75
ORD-002833,02-10-2021,09-10-2021,First Class,CUST-00127,Ishaan,Iyer,SMB,Tier 1,East,West Bengal,671767.0,Electronics,Laptops,30606.77,3.0,0.5,2403.43
ORD-002834,20-03-2022,27-03-2022,First Class,CUST-00209,Meera,Patel,Consumer,Tier 1,East,Jharkhand,672091.0,Electronics,Laptops,44950.48,4.0,0.3,4598.97
ORD-002835,16-07-2021,23-07-2021,,CUST-00195,Aditya,Gupta,Consumer,Tier 1,North,Punjab,186341.0,Furniture,Furnishings,13103.59,5.0,0.0,2892.91
ORD-002836,20-06-2023,27-06-2023,First Class,CUST-00271,Vihaan,Reddy,SMB,Village,East,West Bengal,724926.0,Grocery,Household,273.54,1.0,0.1,11.01
ORD-002837,29-04-2022,30-04-2022,Same Day,CUST-00527,Arjun,Das,SMB,Tier 1,North,Delhi,167763.0,Grocery,Household,1544.25,5.0,0.3,287.5
ORD-002838,17-03-2021,23-03-2021,Standard Class,CUST-00541,Vivaan,Reddy,Consumer,Tier 1,West,Madhya Pradesh,631184.0,Electronics,Accessories,24580.41,2.0,0.15,73.15
ORD-002839,12-01-2019,16-01-2019,Same Day,CUST-00078,Aditya,Menon,Consumer,Tier 1,North,Delhi,327335.0,Furniture,Furnishings,7059.47,2.0,0.0,932.97
ORD-002840,13-10-2023,16-10-2023,Same Day,CUST-00446,Kavya,Rao,Corporate,Village,North,Rajasthan,343592.0,Furniture,Tables,19261.18,4.0,0.15,1149.37
ORD-002841,04-09-2023,09-09-2023,Second Class,CUST-00058,Vihaan,Bose,SMB,Tier 2,South,Andhra Pradesh,600245.0,Electronics,Mobiles,40264.97,2.0,0.15,9130.93
ORD-002842,27-05-2022,03-06-2022,,CUST-00188,Arjun,Singh,Corporate,Tier 1,West,Madhya Pradesh,284413.0,Electronics,Cameras,18737.21,1.0,0.0,2584.68
ORD-002843,14-10-2023,19-10-2023,Second Class,CUST-00074,Arjun,Mukherjee,SMB,Tier 1,West,Maharashtra,772301.0,Clothing,Kidswear,4207.62,2.0,0.2,349.73
ORD-002844,2022/08/26,28-08-2022,Second Class,CUST-00387,Arjun,Mukherjee,Consumer,Village,South,Kerala,853710.0,Furniture,Chairs,16087.72,3.0,0.0,3189.33
ORD-002845,22-01-2023,29-01-2023,Standard Class,CUST-00441,Ishaan,Mukherjee,Consumer,Tier 1,North,Punjab,380333.0,Electronics,Laptops,11361.35,1.0,0.1,1919.72
ORD-002846,19-07-2020,21-07-2020,Same Day,CUST-00205,Sai,Chatterjee,Corporate,Tier 1,North,Delhi,602078.0,Furniture,Furnishings,32066.34,5.0,0.2,5896.36
ORD-002847,28-03-2022,03-04-2022,Standard Class,CUST-00228,Vivaan,Chatterjee,Corporate,Tier 1,South,Karnataka,339767.0,Grocery,Snacks,1097.25,3.0,0.3,296.71
ORD-002848,31-03-2023,07-04-2023,Standard Class,CUST-00533,Aarav,Bose,Consumer,Village,East,Odisha,274136.0,Clothing,Menswear,802.33,2.0,0.0,225.35
ORD-002849,27-09-2020,03-10-2020,First Class,CUST-00147,Anika,Mukherjee,SMB,Tier 1,North,Delhi,672886.0,Furniture,Furnishings,17732.16,4.0,0.05,2205.28
ORD-002850,27-04-2022,04-05-2022,First Class,CUST-00145,Aadhya,Singh,Consumer,Tier 2,West,Maharashtra,307561.0,Electronics,Mobiles,53446.48,3.0,0.0,11882.71
ORD-002851,10-02-2019,14-02-2019,Second Class,CUST-00213,Ishaan,Mukherjee,Consumer,Tier 2,North,Delhi,111326.0,Electronics,Laptops,58612.94,4.0,0.15,6147.25
ORD-002852,20-02-2021,21-02-2021,Second Class,CUST-00007,Aadhya,Gupta,Consumer,Tier 2,West,Gujarat,314983.0,Grocery,Household,1641.21,3.0,0.05,399.91
ORD-002853,24-01-2020,26-01-2020,Standard Class,CUST-00489,Priya,Joshi,Consumer,Tier 1,South,Telangana,447301.0,Grocery,Snacks,582.3,2.0,0.2,111.71
ORD-002854,15-03-2021,19-03-2021,Standard Class,CUST-00187,Isha,Joshi,Corporate,Village,East,Odisha,743488.0,Clothing,Kidswear,1491.34,1.0,0.2,287.85
ORD-002855,04-07-2023,06-07-2023,Second Class,CUST-00196,Arjun,Nair,Corporate,Tier 1,West,Goa,636630.0,Furniture,Furnishings,14225.79,2.0,0.05,1768.31
ORD-002856,19-08-2021,21-08-2021,Standard Class,CUST-00174,Meera,Patel,SMB,Tier 2,North,Delhi,363150.0,Grocery,Beverages,1776.64,5.0,0.2,246.68
ORD-002857,28-04-2022,03-05-2022,First Class,CUST-00281,Saanvi,Bose,Consumer,Tier 2,West,Madhya Pradesh,850533.0,Grocery,Snacks,1509.26,4.0,0.1,355.46
ORD-002858,02-09-2023,07-09-2023,Second Class,CUST-00358,Anika,Menon,Consumer,Tier 1,West,Maharashtra,350010.0,Grocery,Staples,821.19,3.0,0.1,153.59
ORD-002859,04-10-2020,09-10-2020,Second Class,CUST-00387,Arjun,Mukherjee,Consumer,Village,South,Kerala,674260.0,Grocery,Snacks,1002.08,3.0,0.0,78.6
ORD-002860,07-11-2019,09-11-2019,First Class,CUST-00528,Kavya,Patel,Corporate,Tier 2,North,Punjab,890524.0,Clothing,Kidswear,643.7,1.0,0.15,147.39
ORD-002861,01-07-2023,06-07-2023,Same Day,CUST-00258,Vihaan,Sharma,Corporate,Tier 1,South,Tamil Nadu,135177.0,Grocery,Beverages,936.54,2.0,0.05,170.88
ORD-002862,27-07-2023,31-07-2023,First Class,CUST-00597,Ananya,Gupta,Corporate,Tier 2,South,Tamil Nadu,565939.0,Furniture,Storage,24667.63,4.0,0.2,4457.7
ORD-002863,2023/03/09,11-03-2023,Same Day,CUST-00022,Anika,Mukherjee,Consumer,Tier 1,West,Gujarat,245676.0,Grocery,Staples,491.72,2.0,0.05,80.37
ORD-002864,10-10-2020,17-10-2020,Second Class,CUST-00483,Isha,Singh,Corporate,Tier 2,East,Jharkhand,645359.0,Grocery,Snacks,1896.31,5.0,0.5,128.72
ORD-002865,12-04-2021,16-04-2021,Second Class,CUST-00231,Myra,Iyer,SMB,Tier 2,East,West Bengal,393806.0,Grocery,Household,640.23,4.0,0.1,90.56
ORD-002866,2021/08/22,26-08-2021,Same Day,CUST-00371,Vivaan,Gupta,Corporate,Tier 2,North,Punjab,257778.0,Grocery,Beverages,881.23,2.0,0.3,81.43
ORD-002867,04-05-2020,09-05-2020,Second Class,CUST-00448,Kavya,Gupta,Corporate,Tier 1,West,Maharashtra,356357.0,Furniture,Tables,20365.59,3.0,0.3,2130.52
ORD-002868,22-05-2021,25-05-2021,Standard Class,CUST-00595,Vihaan,Sharma,Corporate,Tier 2,South,Telangana,498193.0,Clothing,Kidswear,5152.34,4.0,0.2,900.16
ORD-002869,25-04-2021,27-04-2021,First Class,CUST-00501,Vivaan,Rao,Consumer,Tier 2,North,Delhi,137130.0,Grocery,Household,1397.28,3.0,0.1,325.7
ORD-002870,24-10-2019,31-10-2019,Second Class,CUST-00135,Rohan,Singh,SMB,Tier 1,South,Andhra Pradesh,192304.0,Grocery,Household,1462.85,4.0,0.2,152.06
ORD-002871,26-12-2023,29-12-2023,Standard Class,CUST-00255,Reyansh,Menon,Consumer,Tier 1,South,Karnataka,210287.0,Clothing,Footwear,7303.99,4.0,0.15,261.22
ORD-002872,18-09-2019,22-09-2019,Second Class,CUST-00342,Anika,Bose,SMB,Tier 1,South,Karnataka,197982.0,Electronics,Accessories,62835.37,4.0,0.0,10641.36
ORD-002873,11-06-2020,12-06-2020,First Class,CUST-00488,Priya,Verma,SMB,Tier 1,North,Delhi,,Furniture,Storage,19122.38,4.0,0.5,2457.77
ORD-002874,11-06-2021,18-06-2021,Same Day,CUST-00081,Ananya,Sharma,Corporate,Tier 1,North,Rajasthan,323502.0,Clothing,Footwear,2018.14,2.0,0.05,284.66
ORD-002875,02-06-2019,07-06-2019,Standard Class,CUST-00560,Meera,Chatterjee,Consumer,Tier 2,North,Rajasthan,829505.0,Grocery,Beverages,1456.23,3.0,0.2,38.03
ORD-002876,16-02-2023,18-02-2023,First Class,CUST-00038,Aditya,Chatterjee,Consumer,Tier 2,South,Andhra Pradesh,681680.0,Electronics,Cameras,33995.72,2.0,0.3,227.71
ORD-002877,03-04-2023,10-04-2023,First Class,CUST-00277,Saanvi,Bose,Consumer,Tier 1,North,Punjab,580438.0,Clothing,Menswear,1194.99,1.0,0.1,273.53
ORD-002878,25-09-2019,28-09-2019,Standard Class,CUST-00523,Isha,Singh,Corporate,Tier 2,West,Gujarat,871068.0,Furniture,Furnishings,17551.85,2.0,0.15,2492.11
ORD-002879,21-12-2021,24-12-2021,Same Day,CUST-00575,Vihaan,Menon,Consumer,Tier 1,North,Haryana,232813.0,Grocery,Household,1716.77,3.0,0.3,70.63
ORD-002880,15-02-2023,19-02-2023,Same Day,CUST-00594,Krishna,Joshi,SMB,Tier 1,North,Delhi,678926.0,Electronics,Mobiles,53960.93,3.0,0.0,6818.76
ORD-002881,07-10-2021,08-10-2021,Same Day,CUST-00496,Vivaan,Das,Consumer,Tier 2,East,Jharkhand,471534.0,Furniture,Furnishings,14403.8,2.0,0.1,3544.82
ORD-002882,08-12-2023,10-12-2023,Standard Class,CUST-00180,Ishaan,Rao,Consumer,Tier 2,North,Haryana,202701.0,Grocery,Household,285.65,1.0,0.2,34.55
ORD-002883,02-01-2019,03-01-2019,First Class,CUST-00059,Ishaan,Iyer,SMB,Tier 1,North,Delhi,302002.0,Furniture,Chairs,29038.04,4.0,0.3,6001.13
ORD-002884,2023/07/02,04-07-2023,Same Day,CUST-00292,Saanvi,Bose,Corporate,Tier 2,South,Andhra Pradesh,836178.0,Grocery,Staples,206.88,1.0,0.3,26.36
ORD-002885,01-07-2019,04-07-2019,Second Class,CUST-00529,Reyansh,Patel,Consumer,Village,West,Maharashtra,295425.0,Grocery,Staples,522.93,3.0,0.0,97.5
ORD-002886,20-12-2021,24-12-2021,Second Class,CUST-00404,Aadhya,Verma,SMB,Village,East,Jharkhand,437132.0,Clothing,Womenswear,3678.31,3.0,0.05,432.91
ORD-002887,27-01-2022,31-01-2022,Same Day,CUST-00260,Isha,Joshi,Consumer,Tier 1,North,Punjab,708358.0,Grocery,Beverages,2428.45,4.0,0.2,365.73
ORD-002888,05-05-2019,11-05-2019,Standard Class,CUST-00583,Reyansh,Sharma,SMB,Tier 1,East,West Bengal,466672.0,Electronics,Accessories,24458.1,3.0,0.1,2314.22
ORD-002889,09-10-2022,12-10-2022,First Class,CUST-00554,Aadhya,Mukherjee,Corporate,Tier 1,East,Bihar,639796.0,Clothing,Womenswear,9966.88,5.0,0.1,1066.8
ORD-002890,07-07-2021,11-07-2021,First Class,CUST-00393,Vihaan,Patel,Consumer,Tier 1,West,Gujarat,495939.0,Electronics,Cameras,81775.36,5.0,0.15,5192.87
ORD-002891,2021/02/11,18-02-2021,Same Day,CUST-00428,Myra,Patel,Corporate,Tier 2,North,Rajasthan,774571.0,Electronics,Laptops,17807.17,1.0,0.15,3403.8
ORD-002892,06-10-2023,07-10-2023,First Class,CUST-00007,Aadhya,Gupta,Consumer,Tier 2,West,Gujarat,331072.0,Electronics,Mobiles,10551.85,2.0,0.15,2210.07
ORD-002893,02-11-2021,08-11-2021,First Class,CUST-00499,Reyansh,Bose,Corporate,Tier 2,East,West Bengal,846227.0,Furniture,Furnishings,16175.19,4.0,0.3,3578.53
ORD-002894,03-10-2021,07-10-2021,Second Class,CUST-00516,Priya,Nair,SMB,Tier 2,East,Bihar,241550.0,Electronics,Cameras,36510.97,2.0,0.2,5141.95
ORD-002895,26-05-2019,01-06-2019,Same Day,CUST-00046,Sai,Menon,SMB,Tier 1,West,Madhya Pradesh,521950.0,Grocery,Beverages,1338.14,3.0,0.15,301.43
ORD-002896,06-12-2021,09-12-2021,Same Day,CUST-00395,Krishna,Patel,Consumer,Tier 2,South,Tamil Nadu,115447.0,Grocery,Beverages,2156.93,5.0,0.5,174.17
ORD-002897,21-01-2022,27-01-2022,First Class,CUST-00360,Anika,Verma,SMB,Village,East,Bihar,414227.0,Clothing,Menswear,6976.83,4.0,0.1,795.53
ORD-002898,26-10-2023,27-10-2023,First Class,CUST-00077,Vihaan,Nair,Corporate,Tier 1,North,Haryana,846326.0,Grocery,Household,566.01,1.0,0.15,114.74
ORD-002899,08-05-2019,10-05-2019,First Class,CUST-00410,Kavya,Verma,Consumer,Tier 1,South,Karnataka,169048.0,Grocery,Household,520.19,1.0,0.0,91.98
ORD-002900,23-11-2019,29-11-2019,Standard Class,CUST-00249,Ananya,Verma,Consumer,Tier 1,North,Haryana,863223.0,Electronics,Laptops,89205.51,5.0,0.0,20429.27
ORD-002901,03-02-2019,10-02-2019,Second Class,CUST-00029,Reyansh,Verma,Corporate,Tier 2,West,Gujarat,788042.0,Furniture,Storage,16367.36,4.0,0.05,2228.88
ORD-002902,29-05-2023,01-06-2023,First Class,CUST-00489,Priya,Joshi,Consumer,Tier 1,South,Telangana,396286.0,Furniture,Chairs,7702.39,1.0,0.1,1882.01
ORD-002903,07-01-2021,13-01-2021,Same Day,CUST-00032,Sai,Patel,SMB,Tier 1,North,Haryana,277550.0,Furniture,Tables,23589.55,3.0,0.15,2891.8
ORD-002904,27-10-2022,29-10-2022,Same Day,CUST-00216,Reyansh,Joshi,Corporate,Tier 1,West,Goa,293013.0,Clothing,Womenswear,2592.01,2.0,0.3,399.61
ORD-002905,2021/07/01,08-07-2021,Second Class,CUST-00134,Diya,Reddy,Corporate,Tier 1,South,Andhra Pradesh,199614.0,Grocery,Household,946.39,2.0,0.05,143.87
ORD-002906,25-09-2021,01-10-2021,Same Day,CUST-00481,Meera,Chatterjee,Consumer,Tier 1,West,Maharashtra,274205.0,Electronics,Laptops,11468.24,1.0,0.2,1153.1
ORD-002907,19-03-2022,21-03-2022,Same Day,CUST-00577,Sai,Nair,Corporate,Tier 1,North,Uttar Pradesh,224898.0,Furniture,Storage,8778.62,3.0,0.3,961.84
ORD-002908,07-11-2020,10-11-2020,Standard Class,CUST-00507,Vivaan,Chatterjee,Consumer,Tier 2,East,Odisha,457853.0,Furniture,Storage,11485.79,2.0,0.05,1964.93
ORD-002909,04-02-2023,09-02-2023,Second Class,CUST-00474,Kavya,Joshi,Consumer,Tier 1,South,Andhra Pradesh,,Electronics,Accessories,54704.63,5.0,0.05,13206.92
ORD-002910,08-08-2022,14-08-2022,Same Day,CUST-00426,Meera,Singh,SMB,Tier 1,South,Telangana,486310.0,Furniture,Furnishings,17174.43,4.0,0.1,2797.59
ORD-002911,23-07-2023,28-07-2023,,CUST-00543,Anika,Nair,SMB,Tier 2,North,Delhi,645666.0,Electronics,Laptops,51365.79,4.0,0.05,7680.17
ORD-002912,14-03-2022,17-03-2022,Same Day,CUST-00397,Arjun,Menon,Corporate,Tier 1,South,Telangana,747006.0,Grocery,Staples,512.02,3.0,0.5,80.16
ORD-002913,21-09-2022,23-09-2022,First Class,CUST-00427,Saanvi,Mukherjee,SMB,Tier 1,East,Bihar,469499.0,Clothing,Menswear,4317.6,3.0,0.0,688.47
ORD-002914,27-05-2021,30-05-2021,Standard Class,CUST-00464,Aarav,Joshi,Corporate,Tier 1,East,Jharkhand,652722.0,Furniture,Chairs,6413.69,1.0,0.15,1183.75
ORD-002915,30-03-2020,06-04-2020,First Class,CUST-00415,Myra,Reddy,Corporate,Village,West,Madhya Pradesh,410697.0,Clothing,Kidswear,773.28,1.0,0.15,68.31
ORD-002916,07-06-2020,11-06-2020,Standard Class,CUST-00332,Aarav,Mukherjee,SMB,Tier 2,North,Delhi,106606.0,Furniture,Storage,14976.3,2.0,0.5,672.96
ORD-002917,04-01-2019,07-01-2019,Same Day,CUST-00332,Aarav,Mukherjee,SMB,Tier 2,North,Delhi,179522.0,Clothing,Menswear,8365.14,5.0,0.05,718.15
ORD-002918,2023/10/09,11-10-2023,Same Day,CUST-00354,Arjun,Patel,Consumer,Tier 1,North,Haryana,441864.0,Electronics,Mobiles,21672.07,1.0,0.5,1434.91
ORD-002919,2021/08/20,23-08-2021,Second Class,CUST-00508,Anika,Patel,Corporate,Tier 1,West,Goa,748616.0,Grocery,Staples,290.28,1.0,0.0,58.47
ORD-002920,17-06-2021,19-06-2021,Second Class,CUST-00224,Anika,Reddy,SMB,Tier 2,East,Odisha,811599.0,Furniture,Furnishings,5815.27,2.0,0.0,1450.58
ORD-002921,27-12-2020,01-01-2021,Same Day,CUST-00405,Priya,Verma,SMB,Tier 2,West,Gujarat,249117.0,Electronics,Mobiles,58727.85,3.0,0.2,5336.79
ORD-002922,08-10-2023,09-10-2023,First Class,CUST-00059,Ishaan,Iyer,SMB,Tier 1,North,Delhi,445527.0,Electronics,Mobiles,30569.69,5.0,0.1,5690.51
ORD-002923,12-12-2023,15-12-2023,First Class,CUST-00012,Rohan,Das,SMB,Tier 2,West,Gujarat,872349.0,Furniture,Tables,36088.54,4.0,0.0,10516.37
ORD-002924,03-02-2021,10-02-2021,Same Day,CUST-00567,Isha,Gupta,Consumer,Tier 2,West,Madhya Pradesh,234921.0,Grocery,Snacks,537.12,4.0,0.0,60.34
ORD-002925,03-06-2022,08-06-2022,Standard Class,CUST-00556,Rohan,Verma,Consumer,Village,North,Rajasthan,698887.0,Electronics,Laptops,41376.86,2.0,0.15,9864.34
ORD-002926,19-04-2021,20-04-2021,Standard Class,CUST-00061,Kavya,Menon,SMB,Tier 2,East,Odisha,628055.0,Electronics,Mobiles,62229.84,4.0,0.15,11396.88
ORD-002927,06-08-2022,08-08-2022,Second Class,CUST-00182,Aarav,Bose,Consumer,Tier 2,South,Karnataka,794241.0,Grocery,Household,2480.44,4.0,0.05,309.0
ORD-002928,03-04-2022,04-04-2022,First Class,CUST-00426,Meera,Singh,SMB,Tier 1,South,Telangana,577579.0,Grocery,Household,735.32,5.0,0.1,147.34
ORD-002929,22-11-2023,25-11-2023,Same Day,CUST-00462,Myra,Chatterjee,SMB,Tier 1,West,Maharashtra,190169.0,Electronics,Mobiles,7192.18,1.0,0.15,-46.06
ORD-002930,02-12-2021,04-12-2021,Second Class,CUST-00500,Priya,Joshi,Corporate,Tier 1,North,Haryana,328449.0,Clothing,Kidswear,3785.51,3.0,0.5,650.73
ORD-002931,10-06-2022,17-06-2022,First Class,CUST-00385,Priya,Bose,SMB,Tier 1,East,Jharkhand,771675.0,Furniture,Furnishings,9190.09,1.0,0.2,1082.5
ORD-002932,07-02-2020,11-02-2020,First Class,CUST-00001,Vivaan,Chatterjee,Corporate,Tier 2,South,Telangana,232379.0,Electronics,Mobiles,42089.91,4.0,0.5,1028.24
ORD-002933,16-08-2022,17-08-2022,First Class,CUST-00330,Aditya,Joshi,Consumer,Tier 2,South,Karnataka,234992.0,Grocery,Snacks,964.01,2.0,0.15,151.35
ORD-002934,11-05-2019,15-05-2019,Second Class,CUST-00322,Saanvi,Iyer,Corporate,Tier 2,East,Bihar,189792.0,Electronics,Mobiles,25168.06,2.0,0.1,2840.92
ORD-002935,12-04-2022,18-04-2022,Standard Class,CUST-00155,Ishaan,Mukherjee,SMB,Tier 2,West,Madhya Pradesh,346146.0,Clothing,Footwear,6096.93,5.0,0.05,1537.24
ORD-002936,04-02-2021,05-02-2021,Standard Class,CUST-00428,Myra,Patel,Corporate,Tier 2,North,Rajasthan,889215.0,Furniture,Furnishings,5513.82,3.0,0.15,833.41
ORD-002937,16-06-2023,21-06-2023,Standard Class,CUST-00135,Rohan,Singh,SMB,Tier 1,South,Andhra Pradesh,845743.0,Grocery,Snacks,1278.66,5.0,0.0,267.73
ORD-002938,26-08-2019,29-08-2019,Second Class,CUST-00518,Ishaan,Bose,Consumer,Tier 2,South,Telangana,840496.0,Furniture,Storage,8025.45,1.0,0.05,944.39
ORD-002939,15-04-2021,18-04-2021,Standard Class,CUST-00559,Aadhya,Bose,Consumer,Tier 2,West,Maharashtra,869457.0,Clothing,Menswear,4069.45,5.0,0.2,858.91
ORD-002940,11-01-2021,13-01-2021,Standard Class,CUST-00458,Saanvi,Joshi,SMB,Tier 2,West,Maharashtra,561125.0,Electronics,Accessories,50771.41,3.0,0.0,20331.55
ORD-002941,13-05-2023,18-05-2023,First Class,CUST-00146,Reyansh,Gupta,Corporate,Tier 1,North,Delhi,108245.0,Clothing,Footwear,1587.82,2.0,0.05,371.39
ORD-002942,08-08-2023,13-08-2023,Second Class,CUST-00190,Sai,Mukherjee,Consumer,Tier 1,East,West Bengal,332135.0,Grocery,Snacks,1813.56,5.0,0.0,206.67
ORD-002943,2019/09/04,09-09-2019,Same Day,CUST-00207,Kavya,Patel,Consumer,Tier 1,North,Rajasthan,422522.0,Furniture,Storage,9586.48,2.0,0.05,2803.34
ORD-002944,20-09-2022,25-09-2022,Same Day,CUST-00158,Myra,Singh,Corporate,Tier 1,West,Maharashtra,833627.0,Grocery,Beverages,963.09,2.0,0.5,158.04
ORD-002945,29-11-2022,06-12-2022,Same Day,CUST-00076,Saanvi,Joshi,Consumer,Tier 1,West,Madhya Pradesh,739283.0,Clothing,Menswear,3154.0,3.0,0.15,575.7
ORD-002946,13-06-2023,17-06-2023,Second Class,CUST-00093,Myra,Nair,Corporate,Tier 2,East,Jharkhand,301715.0,Grocery,Snacks,808.0,4.0,0.2,165.02
ORD-002947,25-06-2021,27-06-2021,Standard Class,CUST-00512,Isha,Joshi,Consumer,Tier 1,West,Madhya Pradesh,369275.0,Clothing,Menswear,1346.96,1.0,0.0,139.06
ORD-002948,26-05-2020,30-05-2020,Same Day,CUST-00576,Sai,Reddy,Corporate,Tier 2,East,Odisha,575568.0,Clothing,Kidswear,3200.92,3.0,0.15,269.18
ORD-002949,02-07-2019,07-07-2019,First Class,CUST-00340,Saanvi,Menon,SMB,Tier 2,West,Maharashtra,,Grocery,Beverages,2904.87,5.0,0.15,154.79
ORD-002950,11-02-2022,13-02-2022,First Class,CUST-00010,Aadhya,Patel,Consumer,Tier 2,West,Gujarat,871475.0,Grocery,Household,1592.06,4.0,0.1,252.92
ORD-002951,27-02-2019,03-03-2019,Same Day,CUST-00219,Reyansh,Iyer,Consumer,Tier 1,West,Maharashtra,173713.0,Clothing,Footwear,3077.94,5.0,0.5,230.96
ORD-002952,01-05-2023,05-05-2023,First Class,CUST-00279,Vihaan,Joshi,Consumer,Tier 2,South,Andhra Pradesh,203310.0,Grocery,Staples,1426.73,3.0,0.0,91.74
ORD-002953,03-09-2021,05-09-2021,First Class,CUST-00110,Diya,Gupta,SMB,Tier 1,East,Odisha,549711.0,Furniture,Storage,10756.98,2.0,0.5,1626.36
ORD-002954,19-04-2019,20-04-2019,First Class,CUST-00244,Meera,Menon,Consumer,Village,West,Madhya Pradesh,311765.0,Electronics,Cameras,48297.65,4.0,0.0,-1322.43
ORD-002955,27-07-2022,30-07-2022,First Class,CUST-00072,Ishaan,Joshi,Corporate,Village,North,Uttar Pradesh,259561.0,Clothing,Footwear,4683.15,3.0,0.15,770.07
ORD-002956,23-12-2022,27-12-2022,Same Day,CUST-00485,Sai,Menon,Consumer,Tier 2,East,Jharkhand,434907.0,Grocery,Snacks,593.21,4.0,0.15,72.89
ORD-002957,24-10-2022,26-10-2022,Standard Class,CUST-00280,Priya,Bose,Corporate,Tier 1,East,Bihar,104955.0,Furniture,Furnishings,16968.5,3.0,0.0,2634.7
ORD-002958,19-02-2022,26-02-2022,Second Class,CUST-00192,Meera,Chatterjee,Corporate,Tier 2,East,West Bengal,846423.0,Electronics,Accessories,88370.82,5.0,0.0,17672.34
ORD-002959,01-08-2020,03-08-2020,Standard Class,CUST-00473,Aditya,Reddy,Consumer,Tier 1,North,Delhi,713128.0,Grocery,Snacks,377.82,1.0,0.0,10.61
ORD-002960,27-10-2020,03-11-2020,Same Day,CUST-00514,Kavya,Bose,Corporate,Tier 2,North,Punjab,808777.0,Furniture,Storage,1583.11,2.0,0.15,367.06
ORD-002961,2020/09/13,16-09-2020,Standard Class,CUST-00175,Saanvi,Patel,Corporate,Village,East,Jharkhand,623214.0,Furniture,Storage,2979.46,1.0,0.3,436.21
ORD-002962,11-10-2022,17-10-2022,First Class,CUST-00323,Sai,Menon,SMB,Village,East,West Bengal,736198.0,Electronics,Mobiles,13748.5,1.0,0.05,3480.79
ORD-002963,11-06-2023,18-06-2023,Standard Class,CUST-00127,Ishaan,Iyer,SMB,Tier 1,East,West Bengal,178940.0,Clothing,Footwear,3428.9,4.0,0.5,336.89
ORD-002964,09-04-2023,10-04-2023,Same Day,CUST-00097,Priya,Verma,Corporate,Village,East,Bihar,843056.0,Grocery,Household,561.03,1.0,0.3,118.13
ORD-002965,25-07-2021,30-07-2021,First Class,CUST-00010,Aadhya,Patel,Consumer,Tier 2,West,Gujarat,272872.0,Grocery,Snacks,697.64,3.0,0.2,91.83
ORD-002966,08-11-2020,09-11-2020,Same Day,CUST-00566,Rohan,Singh,SMB,Village,North,Punjab,356826.0,Clothing,Menswear,1895.92,3.0,0.0,263.06
ORD-002967,14-04-2019,17-04-2019,Same Day,CUST-00384,Krishna,Gupta,SMB,Tier 2,East,Odisha,239984.0,Electronics,Laptops,108185.87,5.0,0.1,23022.0
ORD-002968,23-09-2022,27-09-2022,Second Class,CUST-00035,Reyansh,Rao,Consumer,Tier 1,East,West Bengal,625549.0,Electronics,Laptops,18173.58,3.0,0.0,200.36
ORD-002969,16-02-2020,18-02-2020,Standard Class,CUST-00447,Rohan,Rao,Corporate,Tier 2,West,Madhya Pradesh,745521.0,Electronics,Accessories,68722.3,5.0,0.3,11618.79
ORD-002970,13-06-2022,16-06-2022,Same Day,CUST-00357,Kavya,Rao,Corporate,Village,North,Rajasthan,231590.0,Electronics,Mobiles,81910.15,5.0,0.5,1359.63
ORD-002971,22-07-2023,28-07-2023,Second Class,CUST-00156,Diya,Mukherjee,SMB,Tier 1,East,West Bengal,836043.0,Grocery,Household,2601.46,5.0,0.1,109.34
ORD-002972,09-08-2023,16-08-2023,Standard Class,CUST-00135,Rohan,Singh,SMB,Tier 1,South,Andhra Pradesh,441022.0,Electronics,Laptops,75454.81,5.0,0.05,7461.12
ORD-002973,18-01-2021,21-01-2021,First Class,CUST-00424,Rohan,Bose,Consumer,Tier 1,East,Bihar,620493.0,Electronics,Laptops,12600.91,3.0,0.5,1661.82
ORD-002974,14-11-2021,16-11-2021,Standard Class,CUST-00068,Diya,Chatterjee,SMB,Tier 2,South,Telangana,598851.0,Electronics,Accessories,18877.72,2.0,0.3,3034.31
ORD-002975,10-05-2020,15-05-2020,Same Day,CUST-00563,Vihaan,Mukherjee,Corporate,Tier 1,South,Kerala,348289.0,Furniture,Furnishings,16248.95,4.0,0.3,2076.55
ORD-002976,12-06-2023,19-06-2023,Second Class,CUST-00277,Saanvi,Bose,Consumer,Tier 1,North,Punjab,118747.0,Furniture,Storage,37202.46,4.0,0.5,5364.4
ORD-002977,11-01-2020,15-01-2020,Second Class,CUST-00042,Kavya,Das,Corporate,Tier 1,West,Gujarat,379636.0,Clothing,Menswear,4855.03,4.0,0.5,216.47
ORD-002978,01-05-2021,04-05-2021,First Class,CUST-00117,Isha,Nair,SMB,Village,West,Maharashtra,774281.0,Clothing,Kidswear,2508.9,2.0,0.5,143.64
ORD-002979,05-10-2019,11-10-2019,Same Day,CUST-00526,Aarav,Gupta,SMB,Tier 1,East,Bihar,883271.0,Clothing,Menswear,6653.38,5.0,0.3,851.2
ORD-002980,07-08-2022,14-08-2022,Same Day,CUST-00435,Sai,Iyer,Corporate,Village,South,Tamil Nadu,527554.0,Furniture,Chairs,3275.03,1.0,0.5,176.26
ORD-002981,27-10-2023,02-11-2023,Same Day,CUST-00504,Kavya,Mukherjee,Consumer,Tier 1,South,Tamil Nadu,734267.0,Clothing,Kidswear,7478.85,4.0,0.5,439.81
ORD-002982,2019/10/07,11-10-2019,Second Class,CUST-00378,Aadhya,Reddy,Corporate,Tier 1,North,Haryana,525528.0,Clothing,Footwear,2973.44,2.0,0.1,534.84
ORD-002983,20-01-2020,27-01-2020,Same Day,CUST-00041,Sai,Singh,SMB,Tier 2,South,Telangana,669934.0,Furniture,Storage,746.99,1.0,0.0,132.23
ORD-002984,03-04-2020,09-04-2020,Standard Class,CUST-00298,Ishaan,Mukherjee,Consumer,Tier 2,South,Kerala,440498.0,Clothing,Footwear,1321.14,1.0,0.05,313.83
ORD-002985,02-05-2020,08-05-2020,Same Day,CUST-00094,Saanvi,Reddy,SMB,Tier 2,East,Bihar,632764.0,Clothing,Kidswear,1133.23,2.0,0.05,183.89
ORD-002986,05-11-2022,08-11-2022,Second Class,CUST-00372,Vihaan,Bose,Corporate,Tier 2,West,Maharashtra,280667.0,Grocery,Snacks,798.77,2.0,0.0,119.77
ORD-002987,24-06-2021,26-06-2021,First Class,CUST-00451,Aadhya,Reddy,Consumer,Village,West,Maharashtra,843127.0,Electronics,Cameras,13361.39,1.0,0.0,3843.41
ORD-002988,20-11-2019,24-11-2019,Second Class,CUST-00499,Reyansh,Bose,Corporate,Tier 2,East,West Bengal,659630.0,Clothing,Kidswear,885.11,1.0,0.2,136.21
ORD-002989,28-08-2019,01-09-2019,Same Day,CUST-00058,Vihaan,Bose,SMB,Tier 2,South,Andhra Pradesh,,Furniture,Storage,54319.22,5.0,0.05,12634.88
ORD-002990,05-01-2023,09-01-2023,First Class,CUST-00135,Rohan,Singh,SMB,Tier 1,South,Andhra Pradesh,424610.0,Clothing,Footwear,5992.79,5.0,0.0,992.17
ORD-002991,02-03-2021,09-03-2021,Standard Class,CUST-00012,Rohan,Das,SMB,Tier 2,West,Gujarat,124046.0,Furniture,Chairs,14089.43,3.0,0.15,1142.03
ORD-002992,04-08-2023,05-08-2023,Same Day,CUST-00557,Ishaan,Reddy,Corporate,Village,West,Goa,198920.0,Furniture,Furnishings,34821.59,4.0,0.5,3170.9
ORD-002993,09-07-2020,15-07-2020,Same Day,CUST-00487,Vihaan,Bose,Corporate,Tier 2,South,Tamil Nadu,768805.0,Clothing,Womenswear,7852.91,4.0,0.5,693.91
ORD-002994,22-03-2022,27-03-2022,Standard Class,CUST-00024,Myra,Patel,Corporate,Tier 1,South,Andhra Pradesh,881522.0,Electronics,Cameras,70977.33,3.0,0.1,16510.9
ORD-002995,19-10-2022,22-10-2022,Same Day,CUST-00575,Vihaan,Menon,Consumer,Tier 1,North,Haryana,622972.0,Electronics,Mobiles,24807.46,1.0,0.1,2624.18
ORD-002996,12-10-2021,19-10-2021,Standard Class,CUST-00380,Anika,Mukherjee,Corporate,Tier 1,North,Punjab,803238.0,Furniture,Tables,13351.69,3.0,0.15,-199.72
ORD-002997,02-02-2023,06-02-2023,First Class,CUST-00096,Arjun,Singh,SMB,Tier 2,West,Maharashtra,318569.0,Furniture,Tables,6489.92,1.0,0.2,413.77
ORD-002998,25-03-2019,30-03-2019,Same Day,CUST-00485,Sai,Menon,Consumer,Tier 2,East,Jharkhand,163937.0,Electronics,Accessories,50881.82,2.0,0.0,7622.06
ORD-002999,10-06-2019,12-06-2019,First Class,CUST-00394,Meera,Das,Corporate,Tier 2,West,Madhya Pradesh,499837.0,Furniture,Tables,15314.54,2.0,0.05,1415.27
ORD-003000,17-07-2020,20-07-2020,First Class,CUST-00420,Isha,Mukherjee,Consumer,Tier 1,West,Goa,329341.0,Electronics,Cameras,62914.76,3.0,0.0,1980.21
ORD-003001,12-12-2020,13-12-2020,First Class,CUST-00391,Meera,Singh,SMB,Tier 1,North,Haryana,181975.0,Furniture,Furnishings,13780.33,3.0,0.5,976.63
ORD-003002,02-05-2022,05-05-2022,Standard Class,CUST-00362,Reyansh,Verma,Corporate,Tier 1,West,Madhya Pradesh,470815.0,Grocery,Staples,587.17,1.0,0.0,126.29
ORD-003003,10-12-2023,12-12-2023,Same Day,CUST-00500,Priya,Joshi,Corporate,Tier 1,North,Haryana,498488.0,Grocery,Beverages,863.89,3.0,0.1,193.5
ORD-003004,23-02-2023,28-02-2023,Standard Class,CUST-00013,Priya,Menon,Consumer,Tier 2,South,Kerala,147371.0,Furniture,Tables,38542.6,4.0,0.5,3722.58
ORD-003005,31-08-2023,04-09-2023,Second Class,CUST-00256,Meera,Iyer,Consumer,Village,South,Kerala,268330.0,Grocery,Snacks,577.42,1.0,0.15,103.0
ORD-003006,17-06-2023,23-06-2023,Second Class,CUST-00451,Aadhya,Reddy,Consumer,Village,West,Maharashtra,154423.0,Grocery,Staples,881.69,2.0,0.2,26.73
ORD-003007,20-12-2019,23-12-2019,First Class,CUST-00342,Anika,Bose,SMB,Tier 1,South,Karnataka,601348.0,Grocery,Household,1483.5,5.0,0.15,360.76
ORD-003008,08-08-2019,15-08-2019,Same Day,CUST-00420,Isha,Mukherjee,Consumer,Tier 1,West,Goa,819853.0,Clothing,Kidswear,897.63,1.0,0.5,68.37
ORD-003009,08-12-2022,13-12-2022,Standard Class,CUST-00546,Ishaan,Patel,SMB,Tier 1,East,Jharkhand,865159.0,Furniture,Tables,10448.07,3.0,0.2,1303.41
ORD-003010,28-06-2023,04-07-2023,Same Day,CUST-00337,Aadhya,Patel,Consumer,Tier 1,South,Telangana,800227.0,Grocery,Household,677.39,2.0,0.3,8.79
ORD-003011,21-06-2019,23-06-2019,Same Day,CUST-00049,Meera,Nair,Consumer,Tier 2,West,Goa,791697.0,Clothing,Kidswear,1281.74,4.0,0.15,211.64
ORD-003012,12-06-2023,18-06-2023,Same Day,CUST-00291,Diya,Iyer,Consumer,Tier 1,East,Jharkhand,309374.0,Clothing,Kidswear,1650.42,1.0,0.2,327.7
ORD-003013,07-05-2020,10-05-2020,Standard Class,CUST-00363,Saanvi,Bose,Consumer,Village,South,Telangana,173806.0,Grocery,Staples,2778.47,5.0,0.5,194.01
ORD-003014,10-12-2023,14-12-2023,First Class,CUST-00391,Meera,Singh,SMB,Tier 1,North,Haryana,237340.0,Electronics,Cameras,39969.49,3.0,0.0,8857.03
ORD-003015,18-02-2021,19-02-2021,First Class,CUST-00250,Aadhya,Reddy,SMB,Tier 2,West,Gujarat,286968.0,Furniture,Tables,23505.58,4.0,0.2,1599.73
ORD-003016,01-01-2023,05-01-2023,Same Day,CUST-00126,Aditya,Das,SMB,Village,East,Bihar,631995.0,Clothing,Womenswear,5854.68,3.0,0.1,817.4
ORD-003017,13-05-2023,16-05-2023,Second Class,CUST-00329,Vihaan,Singh,Consumer,Village,West,Gujarat,632195.0,Furniture,Tables,3963.63,1.0,0.5,237.64
ORD-003018,17-07-2021,20-07-2021,Standard Class,CUST-00018,Aditya,Patel,SMB,Tier 2,East,Odisha,618768.0,Clothing,Footwear,2582.26,2.0,0.05,400.42
ORD-003019,15-02-2021,17-02-2021,Standard Class,CUST-00172,Priya,Mukherjee,Corporate,Tier 2,West,Gujarat,,Furniture,Furnishings,21164.95,4.0,0.5,1541.46
ORD-003020,08-09-2023,12-09-2023,Same Day,CUST-00095,Vivaan,Nair,Consumer,Tier 2,East,West Bengal,727107.0,Grocery,Beverages,1032.54,2.0,0.1,230.2
ORD-003021,04-09-2023,09-09-2023,Same Day,CUST-00366,Vihaan,Chatterjee,SMB,Tier 1,North,Haryana,890372.0,Grocery,Household,469.34,2.0,0.3,60.87
ORD-003022,29-01-2023,04-02-2023,First Class,CUST-00165,Isha,Mukherjee,Corporate,Tier 2,East,Odisha,430534.0,Grocery,Beverages,1004.87,2.0,0.05,136.71
ORD-003023,01-09-2021,08-09-2021,First Class,CUST-00199,Diya,Nair,SMB,Tier 2,West,Gujarat,412203.0,Furniture,Furnishings,3220.18,1.0,0.3,640.71
ORD-003024,30-08-2023,06-09-2023,Same Day,CUST-00298,Ishaan,Mukherjee,Consumer,Tier 2,South,Kerala,624310.0,Furniture,Tables,6317.0,1.0,0.15,1655.06
ORD-003025,08-09-2021,13-09-2021,First Class,CUST-00119,Isha,Joshi,SMB,Tier 1,North,Punjab,191401.0,Clothing,Footwear,6567.16,4.0,0.3,919.89
ORD-003026,18-07-2022,19-07-2022,First Class,CUST-00376,Kavya,Bose,Consumer,Tier 2,East,West Bengal,738644.0,Grocery,Staples,590.3,1.0,0.1,90.69
ORD-003027,29-01-2020,04-02-2020,Same Day,CUST-00412,Ananya,Joshi,SMB,Tier 1,North,Punjab,125783.0,Clothing,Menswear,1724.78,1.0,0.5,230.39
ORD-003028,22-06-2019,27-06-2019,Standard Class,CUST-00045,Reyansh,Verma,Corporate,Tier 2,East,West Bengal,870844.0,Clothing,Kidswear,5179.33,3.0,0.1,878.11
ORD-003029,03-01-2020,05-01-2020,Standard Class,CUST-00308,Kavya,Nair,Consumer,Tier 2,West,Goa,725757.0,Furniture,Chairs,7160.79,3.0,0.1,413.7
ORD-003030,23-03-2022,29-03-2022,Same Day,CUST-00537,Meera,Nair,Consumer,Tier 2,South,Kerala,147877.0,Clothing,Footwear,6842.95,5.0,0.3,1096.99
ORD-003031,27-01-2019,01-02-2019,Standard Class,CUST-00155,Ishaan,Mukherjee,SMB,Tier 2,West,Madhya Pradesh,599437.0,Clothing,Kidswear,2239.57,1.0,0.1,442.41
ORD-003032,13-12-2022,20-12-2022,Same Day,CUST-00398,Kavya,Nair,SMB,Tier 1,West,Madhya Pradesh,403404.0,Grocery,Beverages,1670.97,2.0,0.5,120.13
ORD-003033,24-10-2019,25-10-2019,,CUST-00002,Anika,Reddy,Consumer,Tier 2,East,Jharkhand,260879.0,Clothing,Footwear,1016.89,1.0,0.5,52.32
ORD-003034,03-03-2023,05-03-2023,First Class,CUST-00471,Ishaan,Patel,Consumer,Village,South,Karnataka,482764.0,Clothing,Footwear,2481.39,1.0,0.0,648.73
ORD-003035,07-04-2022,09-04-2022,Second Class,CUST-00131,Myra,Iyer,Corporate,Tier 2,West,Goa,821206.0,Furniture,Furnishings,13637.39,3.0,0.05,825.35
ORD-003036,11-07-2023,13-07-2023,Second Class,CUST-00421,Aadhya,Bose,SMB,Tier 2,North,Rajasthan,116690.0,Grocery,Staples,1439.16,4.0,0.05,180.58
ORD-003037,15-12-2020,16-12-2020,First Class,CUST-00597,Ananya,Gupta,Corporate,Tier 2,South,Tamil Nadu,515930.0,Electronics,Laptops,59007.94,3.0,0.0,3173.23
ORD-003038,23-07-2022,24-07-2022,First Class,CUST-00211,Anika,Menon,Corporate,Tier 1,North,Rajasthan,535311.0,Grocery,Household,769.16,2.0,0.1,146.59
ORD-003039,17-05-2022,21-05-2022,First Class,CUST-00472,Myra,Das,SMB,Tier 1,East,Odisha,691512.0,Clothing,Footwear,2335.6,4.0,0.15,281.61
ORD-003040,29-04-2019,01-05-2019,Same Day,CUST-00200,Ananya,Reddy,Corporate,Tier 1,East,Bihar,298568.0,Grocery,Beverages,315.98,1.0,0.0,32.88
ORD-003041,14-07-2019,16-07-2019,Same Day,CUST-00129,Ananya,Sharma,Consumer,Village,East,West Bengal,827629.0,Grocery,Staples,1564.34,5.0,0.3,219.53
ORD-003042,20-10-2021,27-10-2021,Second Class,CUST-00017,Diya,Patel,Corporate,Tier 1,East,West Bengal,484052.0,Furniture,Chairs,6497.05,1.0,0.0,1872.0
ORD-003043,31-07-2019,03-08-2019,First Class,CUST-00438,Aditya,Reddy,Consumer,Tier 2,South,Karnataka,743759.0,Clothing,Womenswear,1375.83,1.0,0.5,145.65
ORD-003044,30-11-2023,01-12-2023,First Class,CUST-00011,Myra,Iyer,Corporate,Tier 1,North,Uttar Pradesh,872086.0,Grocery,Snacks,961.57,2.0,0.0,-17.75
ORD-003045,20-02-2021,23-02-2021,Same Day,CUST-00450,Ishaan,Chatterjee,Corporate,Tier 1,East,Jharkhand,108530.0,Furniture,Chairs,7331.56,2.0,0.3,1031.33
ORD-003046,31-08-2021,02-09-2021,Standard Class,CUST-00033,Aadhya,Nair,SMB,Village,East,Bihar,616722.0,Furniture,Tables,12704.72,2.0,0.1,1288.04
ORD-003047,15-05-2023,17-05-2023,Same Day,CUST-00432,Rohan,Das,SMB,Tier 1,South,Karnataka,106368.0,Electronics,Cameras,20681.78,3.0,0.2,2887.86
ORD-003048,27-04-2023,04-05-2023,Same Day,CUST-00457,Isha,Iyer,SMB,Tier 1,North,Punjab,686032.0,Electronics,Cameras,38531.64,3.0,0.0,3952.54
ORD-003049,21-09-2021,28-09-2021,Same Day,CUST-00034,Vihaan,Sharma,SMB,Tier 1,South,Kerala,566690.0,Electronics,Mobiles,31896.11,3.0,0.5,3386.83
ORD-003050,19-11-2022,23-11-2022,Standard Class,CUST-00581,Aditya,Sharma,Corporate,Tier 1,East,Jharkhand,771405.0,Grocery,Snacks,2490.31,5.0,0.1,514.55
ORD-003051,12-07-2019,18-07-2019,Same Day,CUST-00023,Ishaan,Rao,Consumer,Tier 2,East,Bihar,182223.0,Electronics,Cameras,27141.52,1.0,0.2,2969.65
ORD-003052,04-06-2023,06-06-2023,Second Class,CUST-00493,Kavya,Menon,Consumer,Tier 1,East,Bihar,360085.0,Electronics,Cameras,57919.56,4.0,0.2,4624.22
ORD-003053,04-04-2021,09-04-2021,Second Class,CUST-00406,Ananya,Bose,SMB,Tier 2,North,Rajasthan,184437.0,Furniture,Storage,14098.57,2.0,0.15,758.28
ORD-003054,23-12-2022,27-12-2022,Second Class,CUST-00524,Rohan,Bose,SMB,Tier 1,East,Odisha,521908.0,Clothing,Womenswear,6125.9,5.0,0.1,1440.27
ORD-003055,29-01-2020,03-02-2020,First Class,CUST-00459,Meera,Mukherjee,Corporate,Village,North,Rajasthan,387773.0,Furniture,Storage,17257.8,5.0,0.15,2936.33
ORD-003056,17-02-2022,23-02-2022,Second Class,CUST-00126,Aditya,Das,SMB,Village,East,Bihar,853719.0,Grocery,Snacks,553.95,1.0,0.05,50.41
ORD-003057,23-06-2020,28-06-2020,Second Class,CUST-00293,Sai,Bose,Corporate,Tier 1,East,Jharkhand,415437.0,Furniture,Tables,17883.76,3.0,0.5,2144.6
ORD-003058,21-06-2020,24-06-2020,Same Day,CUST-00270,Sai,Rao,Consumer,Tier 1,East,Odisha,367310.0,Electronics,Cameras,5490.98,1.0,0.1,1254.42
ORD-003059,05-12-2021,10-12-2021,Second Class,CUST-00073,Sai,Patel,Corporate,Tier 2,North,Punjab,690574.0,Clothing,Menswear,2218.09,2.0,0.0,427.53
ORD-003060,06-11-2022,09-11-2022,Standard Class,CUST-00427,Saanvi,Mukherjee,SMB,Tier 1,East,Bihar,135694.0,Clothing,Footwear,3933.2,4.0,0.1,968.54
ORD-003061,15-02-2020,16-02-2020,Same Day,CUST-00521,Aadhya,Joshi,SMB,Tier 2,South,Andhra Pradesh,850662.0,Electronics,Mobiles,39380.99,2.0,0.0,7734.9
ORD-003062,25-06-2019,01-07-2019,Same Day,CUST-00080,Krishna,Bose,Corporate,Village,East,Jharkhand,652075.0,Clothing,Kidswear,2956.63,4.0,0.05,506.44
ORD-003063,14-12-2022,20-12-2022,Standard Class,CUST-00113,Rohan,Das,Consumer,Tier 2,East,Bihar,306066.0,Clothing,Menswear,1532.18,3.0,0.0,625.09
ORD-003064,19-10-2023,25-10-2023,Standard Class,CUST-00557,Ishaan,Reddy,Corporate,Village,West,Goa,441325.0,Clothing,Womenswear,975.51,1.0,0.3,44.93
ORD-003065,16-09-2020,19-09-2020,Same Day,CUST-00253,Diya,Bose,Corporate,Tier 1,South,Karnataka,218406.0,Clothing,Footwear,3071.93,2.0,0.0,546.04
ORD-003066,15-06-2019,18-06-2019,First Class,CUST-00545,Ananya,Rao,Consumer,Tier 1,South,Kerala,455411.0,Electronics,Accessories,40872.15,5.0,0.2,5812.25
ORD-003067,13-08-2022,17-08-2022,First Class,CUST-00197,Ishaan,Patel,SMB,Tier 2,West,Madhya Pradesh,795686.0,Electronics,Mobiles,11853.19,1.0,0.3,477.75
ORD-003068,30-11-2023,04-12-2023,Same Day,CUST-00075,Rohan,Das,Corporate,Tier 1,North,Delhi,612066.0,Electronics,Laptops,56312.71,3.0,0.2,11230.38
ORD-003069,23-08-2019,30-08-2019,Second Class,CUST-00111,Isha,Bose,Consumer,Tier 1,East,Jharkhand,635743.0,Clothing,Womenswear,4032.29,5.0,0.0,390.27
ORD-003070,15-07-2019,20-07-2019,First Class,CUST-00453,Aditya,Patel,SMB,Village,South,Andhra Pradesh,608355.0,Furniture,Storage,10381.99,1.0,0.2,1543.31
ORD-003071,10-12-2020,11-12-2020,Standard Class,CUST-00165,Isha,Mukherjee,Corporate,Tier 2,East,Odisha,468418.0,Clothing,Menswear,4760.42,5.0,0.05,973.75
ORD-003072,29-08-2019,31-08-2019,,CUST-00076,Saanvi,Joshi,Consumer,Tier 1,West,Madhya Pradesh,891138.0,Electronics,Cameras,70930.27,4.0,0.15,15682.44
ORD-003073,22-02-2022,26-02-2022,Standard Class,CUST-00250,Aadhya,Reddy,SMB,Tier 2,West,Gujarat,776907.0,Furniture,Furnishings,12103.14,2.0,0.1,2052.99
ORD-003074,03-12-2023,10-12-2023,Same Day,CUST-00452,Saanvi,Menon,SMB,Tier 1,North,Rajasthan,416699.0,Electronics,Laptops,90280.9,5.0,0.2,17963.35
ORD-003075,03-08-2020,10-08-2020,Second Class,CUST-00378,Aadhya,Reddy,Corporate,Tier 1,North,Haryana,530102.0,Furniture,Tables,30493.01,4.0,0.3,5966.37
ORD-003076,22-09-2021,24-09-2021,First Class,CUST-00137,Priya,Patel,SMB,Tier 1,East,Odisha,703810.0,Furniture,Storage,26703.06,5.0,0.1,4591.09
ORD-003077,03-10-2023,06-10-2023,Second Class,CUST-00199,Diya,Nair,SMB,Tier 2,West,Gujarat,523395.0,Grocery,Household,2865.83,5.0,0.5,247.84
ORD-003078,02-02-2019,05-02-2019,Standard Class,CUST-00339,Reyansh,Iyer,Consumer,Tier 1,North,Delhi,456948.0,Grocery,Household,2223.8,5.0,0.5,143.95
ORD-003079,24-10-2019,27-10-2019,Same Day,CUST-00328,Saanvi,Gupta,Consumer,Tier 2,North,Uttar Pradesh,819535.0,Electronics,Laptops,48588.51,2.0,0.0,10771.19
ORD-003080,11-04-2022,17-04-2022,Same Day,CUST-00174,Meera,Patel,SMB,Tier 2,North,Delhi,488640.0,Clothing,Footwear,9901.64,5.0,0.05,1249.01
ORD-003081,09-09-2021,16-09-2021,Second Class,CUST-00530,Arjun,Bose,Corporate,Tier 2,North,Uttar Pradesh,738038.0,Furniture,Chairs,30881.45,4.0,0.5,2578.96
ORD-003082,03-03-2021,05-03-2021,Same Day,CUST-00315,Diya,Iyer,Corporate,Tier 2,North,Delhi,119746.0,Clothing,Kidswear,3419.32,3.0,0.3,304.4
ORD-003083,15-06-2020,19-06-2020,First Class,CUST-00526,Aarav,Gupta,SMB,Tier 1,East,Bihar,457029.0,Clothing,Womenswear,3558.04,2.0,0.2,965.78
ORD-003084,18-11-2023,22-11-2023,First Class,CUST-00356,Reyansh,Reddy,Consumer,Tier 1,East,Odisha,483753.0,Clothing,Footwear,1688.19,2.0,0.3,110.03
ORD-003085,07-02-2021,12-02-2021,First Class,CUST-00461,Isha,Reddy,SMB,Tier 1,West,Goa,309104.0,Electronics,Accessories,75878.94,4.0,0.05,15350.74
ORD-003086,25-10-2019,30-10-2019,Standard Class,CUST-00096,Arjun,Singh,SMB,Tier 2,West,Maharashtra,239902.0,Clothing,Kidswear,4610.09,3.0,0.5,697.19
ORD-003087,26-10-2019,28-10-2019,Standard Class,CUST-00321,Arjun,Rao,Corporate,Tier 1,North,Uttar Pradesh,510389.0,Grocery,Beverages,1661.6,5.0,0.2,347.47
ORD-003088,21-09-2023,27-09-2023,Same Day,CUST-00215,Rohan,Mukherjee,Corporate,Tier 1,South,Tamil Nadu,662426.0,Furniture,Tables,17593.43,3.0,0.15,2352.68
ORD-003089,23-09-2021,25-09-2021,,CUST-00321,Arjun,Rao,Corporate,Tier 1,North,Uttar Pradesh,500335.0,Grocery,Beverages,336.0,1.0,0.0,75.48
ORD-003090,22-03-2023,23-03-2023,Second Class,CUST-00426,Meera,Singh,SMB,Tier 1,South,Telangana,308307.0,Clothing,Menswear,3472.11,3.0,0.1,831.78
ORD-003091,20-06-2020,21-06-2020,Standard Class,CUST-00334,Aditya,Nair,SMB,Tier 2,East,Bihar,202125.0,Furniture,Chairs,11018.66,5.0,0.2,1531.74
ORD-003092,19-05-2019,26-05-2019,Standard Class,CUST-00515,Sai,Rao,Corporate,Tier 1,East,West Bengal,364827.0,Clothing,Menswear,520.54,1.0,0.05,83.01
ORD-003093,11-06-2021,18-06-2021,First Class,CUST-00070,Saanvi,Patel,Consumer,Tier 2,South,Telangana,682905.0,Electronics,Mobiles,63089.07,3.0,0.0,16216.84
ORD-003094,26-04-2019,28-04-2019,Second Class,CUST-00164,Ananya,Joshi,SMB,Tier 2,South,Telangana,364545.0,Furniture,Storage,13553.95,2.0,0.2,1125.26
ORD-003095,03-10-2020,04-10-2020,Standard Class,CUST-00592,Meera,Joshi,Corporate,Tier 1,East,Jharkhand,684509.0,Grocery,Household,250.81,1.0,0.05,68.43
ORD-003096,19-12-2023,26-12-2023,First Class,CUST-00286,Priya,Das,SMB,Tier 1,South,Tamil Nadu,816217.0,Electronics,Mobiles,75457.07,5.0,0.15,11624.67
ORD-003097,23-05-2021,24-05-2021,First Class,CUST-00257,Reyansh,Nair,Corporate,Tier 2,North,Rajasthan,703598.0,Electronics,Accessories,42860.73,5.0,0.05,3030.88
ORD-003098,12-03-2023,13-03-2023,Standard Class,CUST-00369,Sai,Patel,SMB,Tier 2,East,Odisha,781306.0,Furniture,Chairs,22043.67,4.0,0.3,1185.87
ORD-003099,15-09-2020,20-09-2020,Same Day,CUST-00217,Aadhya,Nair,Consumer,Tier 2,West,Gujarat,714963.0,Electronics,Laptops,31301.98,2.0,0.3,3679.08
ORD-003100,23-07-2022,28-07-2022,Second Class,CUST-00199,Diya,Nair,SMB,Tier 2,West,Gujarat,565338.0,Clothing,Womenswear,8299.53,5.0,0.0,1790.23
ORD-003101,03-10-2020,05-10-2020,Same Day,CUST-00323,Sai,Menon,SMB,Village,East,West Bengal,795905.0,Electronics,Mobiles,54776.65,3.0,0.5,7012.27
ORD-003102,29-05-2022,05-06-2022,Standard Class,CUST-00171,Ishaan,Nair,Consumer,Village,East,Bihar,568720.0,Furniture,Chairs,21401.27,3.0,0.15,5323.75
ORD-003103,16-03-2019,22-03-2019,Same Day,CUST-00089,Arjun,Reddy,Consumer,Tier 1,North,Haryana,509157.0,Furniture,Chairs,7022.58,2.0,0.05,1906.28
ORD-003104,16-06-2020,18-06-2020,Second Class,CUST-00148,Sai,Singh,Consumer,Tier 2,East,Odisha,755363.0,Grocery,Household,398.43,1.0,0.0,124.78
ORD-003105,02-11-2023,04-11-2023,Standard Class,CUST-00327,Reyansh,Chatterjee,SMB,Tier 1,West,Madhya Pradesh,530250.0,Furniture,Tables,10763.06,2.0,0.0,1794.72
ORD-003106,19-10-2023,20-10-2023,Same Day,CUST-00003,Aadhya,Chatterjee,Corporate,Tier 1,North,Rajasthan,637167.0,Furniture,Furnishings,5935.51,1.0,0.15,618.58
ORD-003107,05-06-2022,06-06-2022,Standard Class,CUST-00584,Myra,Chatterjee,SMB,Village,East,Bihar,419093.0,Furniture,Tables,34107.92,4.0,0.15,4608.03
ORD-003108,10-06-2023,15-06-2023,Second Class,CUST-00262,Kavya,Rao,SMB,Tier 1,South,Andhra Pradesh,314490.0,Clothing,Menswear,3581.91,5.0,0.0,866.99
ORD-003109,08-09-2020,09-09-2020,Second Class,CUST-00220,Aarav,Mukherjee,Consumer,Tier 2,North,Delhi,607061.0,Electronics,Laptops,44279.71,4.0,0.0,6208.14
ORD-003110,09-05-2021,14-05-2021,Standard Class,CUST-00287,Krishna,Patel,SMB,Tier 2,North,Haryana,228263.0,Clothing,Menswear,5155.1,3.0,0.15,726.71
ORD-003111,20-12-2022,27-12-2022,Same Day,CUST-00025,Reyansh,Sharma,Consumer,Tier 2,North,Uttar Pradesh,786168.0,Grocery,Household,2217.01,3.0,0.0,485.22
ORD-003112,01-06-2020,04-06-2020,Same Day,CUST-00096,Arjun,Singh,SMB,Tier 2,West,Maharashtra,,Electronics,Accessories,83687.44,4.0,0.0,19700.62
ORD-003113,05-08-2020,10-08-2020,Second Class,CUST-00150,Anika,Menon,Consumer,Tier 1,North,Uttar Pradesh,306382.0,Clothing,Womenswear,2992.86,4.0,0.15,243.46
ORD-003114,06-01-2022,08-01-2022,First Class,CUST-00568,Arjun,Singh,SMB,Tier 2,North,Punjab,501295.0,Grocery,Household,420.65,1.0,0.2,41.1
ORD-003115,03-01-2021,04-01-2021,Same Day,CUST-00539,Isha,Chatterjee,SMB,Tier 1,South,Telangana,493142.0,Grocery,Snacks,1395.89,3.0,0.0,184.93
ORD-003116,20-09-2021,25-09-2021,First Class,CUST-00226,Saanvi,Das,SMB,Tier 1,North,Uttar Pradesh,725292.0,Electronics,Cameras,33406.24,2.0,0.2,4190.05
ORD-003117,21-03-2021,25-03-2021,First Class,CUST-00495,Saanvi,Gupta,Corporate,Tier 2,West,Madhya Pradesh,169843.0,Grocery,Beverages,1211.15,2.0,0.3,145.29
ORD-003118,08-09-2023,15-09-2023,,CUST-00183,Myra,Menon,Corporate,Tier 2,West,Maharashtra,306536.0,Furniture,Furnishings,10727.26,1.0,0.3,847.18
ORD-003119,14-09-2020,20-09-2020,Second Class,CUST-00004,Rohan,Iyer,SMB,Tier 2,West,Goa,171618.0,Electronics,Mobiles,24673.21,4.0,0.1,3939.85
ORD-003120,30-03-2020,05-04-2020,Second Class,CUST-00239,Myra,Menon,Corporate,Tier 2,East,Jharkhand,713676.0,Clothing,Womenswear,4365.68,4.0,0.2,695.33
ORD-003121,16-11-2023,19-11-2023,First Class,CUST-00225,Kavya,Bose,Consumer,Tier 1,South,Kerala,588260.0,Electronics,Accessories,69553.96,5.0,0.0,9839.59
ORD-003122,12-02-2020,14-02-2020,Second Class,CUST-00389,Ishaan,Menon,Corporate,Tier 1,North,Uttar Pradesh,462029.0,Grocery,Household,702.41,2.0,0.15,153.35
ORD-003123,24-02-2019,27-02-2019,First Class,CUST-00094,Saanvi,Reddy,SMB,Tier 2,East,Bihar,723916.0,Electronics,Laptops,26835.67,3.0,0.2,3428.85
ORD-003124,23-09-2023,25-09-2023,Second Class,CUST-00278,Diya,Iyer,Consumer,Tier 1,West,Maharashtra,745860.0,Electronics,Accessories,45266.24,5.0,0.0,8838.75
ORD-003125,11-04-2023,15-04-2023,Second Class,CUST-00269,Arjun,Joshi,SMB,Tier 2,North,Punjab,872457.0,Clothing,Womenswear,1384.05,2.0,0.5,100.19
ORD-003126,28-02-2020,04-03-2020,Second Class,CUST-00367,Isha,Patel,Corporate,Village,South,Andhra Pradesh,649964.0,Grocery,Beverages,848.88,3.0,0.05,113.87
ORD-003127,30-05-2022,31-05-2022,Second Class,CUST-00430,Isha,Menon,Corporate,Tier 2,East,Odisha,658805.0,Electronics,Accessories,27602.41,3.0,0.15,3636.1
ORD-003128,15-10-2022,16-10-2022,Second Class,CUST-00519,Myra,Reddy,SMB,Tier 2,West,Gujarat,794186.0,Electronics,Mobiles,57002.14,3.0,0.1,9117.87
ORD-003129,16-05-2019,22-05-2019,Standard Class,CUST-00089,Arjun,Reddy,Consumer,Tier 1,North,Haryana,131645.0,Furniture,Chairs,1032.03,1.0,0.1,245.28
ORD-003130,09-11-2021,12-11-2021,First Class,CUST-00176,Isha,Verma,SMB,Tier 2,North,Punjab,685319.0,Furniture,Storage,6898.62,1.0,0.2,803.57
ORD-003131,08-06-2022,13-06-2022,Second Class,CUST-00562,Diya,Rao,SMB,Tier 2,East,West Bengal,690700.0,Grocery,Beverages,294.59,1.0,0.3,31.66
ORD-003132,25-07-2022,29-07-2022,Standard Class,CUST-00273,Reyansh,Reddy,Consumer,Village,North,Delhi,236830.0,Clothing,Kidswear,932.51,1.0,0.2,241.53
ORD-003133,31-03-2020,06-04-2020,Same Day,CUST-00550,Rohan,Joshi,Corporate,Tier 1,West,Gujarat,269237.0,Grocery,Beverages,1871.71,4.0,0.2,173.86
ORD-003134,21-07-2020,25-07-2020,Standard Class,CUST-00567,Isha,Gupta,Consumer,Tier 2,West,Madhya Pradesh,253952.0,Clothing,Menswear,2958.06,3.0,0.05,489.1
ORD-003135,14-10-2021,17-10-2021,First Class,CUST-00100,Myra,Verma,Consumer,Tier 1,East,Bihar,322341.0,Grocery,Household,919.91,3.0,0.0,141.44
ORD-003136,03-02-2021,09-02-2021,Second Class,CUST-00164,Ananya,Joshi,SMB,Tier 2,South,Telangana,558128.0,Grocery,Household,1417.07,4.0,0.3,227.68
ORD-003137,23-08-2020,26-08-2020,First Class,CUST-00406,Ananya,Bose,SMB,Tier 2,North,Rajasthan,381263.0,Furniture,Chairs,4595.46,1.0,0.1,691.3
ORD-003138,06-09-2023,12-09-2023,Same Day,CUST-00167,Saanvi,Singh,Corporate,Village,North,Delhi,709377.0,Furniture,Storage,9783.99,1.0,0.0,2420.24
ORD-003139,25-12-2019,01-01-2020,Same Day,CUST-00419,Priya,Nair,Consumer,Tier 1,East,West Bengal,240282.0,Electronics,Laptops,36149.05,3.0,0.2,5519.63
ORD-003140,31-12-2020,04-01-2021,First Class,CUST-00009,Ananya,Iyer,SMB,Village,East,Jharkhand,636416.0,Furniture,Chairs,40692.26,5.0,0.1,6803.47
ORD-003141,18-02-2022,21-02-2022,Standard Class,CUST-00108,Reyansh,Bose,Consumer,Tier 1,North,Rajasthan,449605.0,Grocery,Household,488.28,2.0,0.1,60.17
ORD-003142,17-09-2020,18-09-2020,Same Day,CUST-00075,Rohan,Das,Corporate,Tier 1,North,Delhi,600470.0,Grocery,Snacks,259.8,1.0,0.15,37.29
ORD-003143,27-08-2019,02-09-2019,Standard Class,CUST-00070,Saanvi,Patel,Consumer,Tier 2,South,Telangana,203141.0,Furniture,Furnishings,16587.62,3.0,0.0,3441.17
ORD-003144,20-03-2022,22-03-2022,Standard Class,CUST-00571,Myra,Chatterjee,Consumer,Tier 2,South,Telangana,856563.0,Furniture,Chairs,29977.11,5.0,0.0,2366.07
ORD-003145,24-11-2021,25-11-2021,Same Day,CUST-00051,Ananya,Sharma,Consumer,Village,South,Andhra Pradesh,600637.0,Grocery,Staples,936.9,2.0,0.1,160.2
ORD-003146,04-05-2019,11-05-2019,Same Day,CUST-00556,Rohan,Verma,Consumer,Village,North,Rajasthan,135083.0,Clothing,Menswear,4487.56,5.0,0.15,840.11
ORD-003147,22-05-2023,29-05-2023,Standard Class,CUST-00351,Saanvi,Joshi,Consumer,Village,South,Andhra Pradesh,486253.0,Grocery,Staples,2097.67,5.0,0.05,390.13
ORD-003148,07-09-2021,10-09-2021,First Class,CUST-00093,Myra,Nair,Corporate,Tier 2,East,Jharkhand,294764.0,Grocery,Staples,613.28,5.0,0.2,106.89
ORD-003149,27-11-2021,29-11-2021,Standard Class,CUST-00486,Vihaan,Patel,SMB,Village,North,Uttar Pradesh,783850.0,Electronics,Laptops,61957.73,4.0,0.15,10292.89
ORD-003150,26-12-2021,27-12-2021,Standard Class,CUST-00525,Ishaan,Reddy,Consumer,Tier 1,North,Haryana,168212.0,Grocery,Snacks,647.11,1.0,0.2,49.8
ORD-003151,23-12-2020,27-12-2020,Second Class,CUST-00270,Sai,Rao,Consumer,Tier 1,East,Odisha,498222.0,Furniture,Tables,18035.63,3.0,0.05,4697.67
ORD-003152,02-11-2022,05-11-2022,Same Day,CUST-00421,Aadhya,Bose,SMB,Tier 2,North,Rajasthan,424688.0,Electronics,Laptops,69913.12,3.0,0.05,12108.85
ORD-003153,10-12-2020,16-12-2020,Second Class,CUST-00254,Vihaan,Gupta,Corporate,Tier 1,West,Maharashtra,494159.0,Furniture,Furnishings,17077.08,4.0,0.5,1858.06
ORD-003154,27-11-2020,04-12-2020,First Class,CUST-00401,Myra,Patel,SMB,Tier 1,North,Delhi,517520.0,Grocery,Household,1790.52,4.0,0.3,452.88
ORD-003155,12-12-2019,18-12-2019,Standard Class,CUST-00226,Saanvi,Das,SMB,Tier 1,North,Uttar Pradesh,284607.0,Grocery,Beverages,393.96,1.0,0.1,51.53
ORD-003156,15-08-2019,19-08-2019,Same Day,CUST-00119,Isha,Joshi,SMB,Tier 1,North,Punjab,316547.0,Furniture,Furnishings,3861.03,1.0,0.0,385.36
ORD-003157,23-11-2022,29-11-2022,Standard Class,CUST-00016,Aarav,Chatterjee,Corporate,Tier 2,South,Kerala,228315.0,Grocery,Snacks,418.85,2.0,0.05,77.65
ORD-003158,13-12-2021,15-12-2021,First Class,CUST-00361,Ishaan,Sharma,Consumer,Village,South,Karnataka,364541.0,Clothing,Menswear,4999.24,5.0,0.1,721.5
ORD-003159,11-09-2019,18-09-2019,,CUST-00073,Sai,Patel,Corporate,Tier 2,North,Punjab,103428.0,Electronics,Laptops,34315.55,2.0,0.1,3881.93
ORD-003160,13-10-2022,14-10-2022,First Class,CUST-00150,Anika,Menon,Consumer,Tier 1,North,Uttar Pradesh,780069.0,Clothing,Footwear,2670.39,3.0,0.15,418.12
ORD-003161,06-06-2023,11-06-2023,Standard Class,CUST-00305,Vivaan,Nair,SMB,Tier 2,West,Goa,685604.0,Clothing,Womenswear,2677.88,3.0,0.1,558.13
ORD-003162,02-06-2019,03-06-2019,Same Day,CUST-00166,Kavya,Verma,SMB,Tier 2,South,Tamil Nadu,563445.0,Furniture,Chairs,17467.45,4.0,0.5,2038.63
ORD-003163,03-05-2023,07-05-2023,Second Class,CUST-00101,Ananya,Rao,Consumer,Tier 2,North,Delhi,718806.0,Clothing,Kidswear,10808.4,5.0,0.5,1251.51
ORD-003164,10-06-2023,12-06-2023,Second Class,CUST-00179,Anika,Patel,Consumer,Tier 2,West,Maharashtra,593574.0,Electronics,Accessories,32870.13,3.0,0.5,2531.66
ORD-003165,18-04-2020,21-04-2020,Standard Class,CUST-00183,Myra,Menon,Corporate,Tier 2,West,Maharashtra,119539.0,Clothing,Kidswear,2910.89,3.0,0.1,402.63
ORD-003166,20-02-2020,22-02-2020,Same Day,CUST-00478,Vivaan,Das,Consumer,Tier 2,North,Uttar Pradesh,231133.0,Furniture,Furnishings,28529.34,3.0,0.3,4242.74
ORD-003167,10-03-2020,14-03-2020,First Class,CUST-00429,Reyansh,Gupta,Corporate,Village,East,Jharkhand,472544.0,Clothing,Kidswear,1451.54,1.0,0.0,153.05
ORD-003168,27-03-2021,28-03-2021,Standard Class,CUST-00357,Kavya,Rao,Corporate,Village,North,Rajasthan,692804.0,Furniture,Furnishings,12419.26,3.0,0.0,4083.44
ORD-003169,27-01-2023,28-01-2023,Standard Class,CUST-00443,Kavya,Chatterjee,Consumer,Tier 1,South,Karnataka,753043.0,Grocery,Beverages,1958.11,4.0,0.15,327.43
ORD-003170,07-09-2020,10-09-2020,Second Class,CUST-00078,Aditya,Menon,Consumer,Tier 1,North,Delhi,840138.0,Grocery,Staples,1362.73,3.0,0.0,193.33
ORD-003171,23-11-2019,25-11-2019,Standard Class,CUST-00465,Aditya,Gupta,Corporate,Tier 1,East,West Bengal,492315.0,Grocery,Household,2447.62,5.0,0.05,531.98
ORD-003172,11-11-2023,14-11-2023,Same Day,CUST-00592,Meera,Joshi,Corporate,Tier 1,East,Jharkhand,493050.0,Furniture,Furnishings,2536.88,1.0,0.0,484.73
ORD-003173,20-03-2020,21-03-2020,Standard Class,CUST-00454,Priya,Patel,Corporate,Tier 1,West,Goa,719768.0,Furniture,Storage,6108.22,1.0,0.15,801.88
ORD-003174,24-10-2020,25-10-2020,First Class,CUST-00050,Sai,Joshi,Consumer,Tier 1,West,Madhya Pradesh,699704.0,Furniture,Tables,6359.08,1.0,0.5,833.57
ORD-003175,17-03-2023,19-03-2023,Second Class,CUST-00210,Reyansh,Mukherjee,Consumer,Tier 1,East,Odisha,536859.0,Clothing,Menswear,2149.31,2.0,0.15,215.24
ORD-003176,08-08-2020,15-08-2020,Same Day,CUST-00538,Ananya,Iyer,Corporate,Tier 1,East,Bihar,486771.0,Grocery,Snacks,366.65,2.0,0.05,25.36
ORD-003177,06-05-2019,10-05-2019,Same Day,CUST-00236,Diya,Gupta,Corporate,Tier 1,West,Madhya Pradesh,874747.0,Grocery,Snacks,2155.14,4.0,0.15,407.81
ORD-003178,11-07-2020,14-07-2020,Standard Class,CUST-00468,Isha,Iyer,Corporate,Village,East,Odisha,415460.0,Electronics,Laptops,19937.86,3.0,0.3,2448.18
ORD-003179,19-05-2022,24-05-2022,Second Class,CUST-00153,Myra,Gupta,SMB,Tier 1,East,Odisha,449331.0,Grocery,Snacks,97.99,1.0,0.5,8.63
ORD-003180,10-04-2019,17-04-2019,Standard Class,CUST-00040,Aarav,Patel,Corporate,Tier 1,South,Kerala,222948.0,Furniture,Storage,21829.08,4.0,0.3,4242.35
ORD-003181,20-05-2019,27-05-2019,First Class,CUST-00577,Sai,Nair,Corporate,Tier 1,North,Uttar Pradesh,112107.0,Clothing,Kidswear,2115.8,3.0,0.5,198.63
ORD-003182,30-11-2022,04-12-2022,Second Class,CUST-00323,Sai,Menon,SMB,Village,East,West Bengal,204599.0,Clothing,Kidswear,2863.46,3.0,0.3,205.96
ORD-003183,24-06-2019,30-06-2019,Standard Class,CUST-00526,Aarav,Gupta,SMB,Tier 1,East,Bihar,353233.0,Electronics,Laptops,54164.0,3.0,0.3,958.99
ORD-003184,26-02-2019,27-02-2019,Same Day,CUST-00470,Myra,Patel,Corporate,Tier 1,North,Punjab,204403.0,Clothing,Womenswear,7230.78,5.0,0.1,1162.42
ORD-003185,05-11-2023,08-11-2023,Standard Class,CUST-00395,Krishna,Patel,Consumer,Tier 2,South,Tamil Nadu,783102.0,Clothing,Kidswear,3290.48,2.0,0.3,559.52
ORD-003186,06-10-2023,07-10-2023,Same Day,CUST-00081,Ananya,Sharma,Corporate,Tier 1,North,Rajasthan,580988.0,Furniture,Furnishings,7638.03,3.0,0.3,1475.81
ORD-003187,15-11-2023,20-11-2023,Standard Class,CUST-00272,Anika,Chatterjee,Corporate,Tier 1,East,Bihar,298276.0,Grocery,Snacks,2376.97,4.0,0.2,268.0
ORD-003188,01-05-2020,08-05-2020,Same Day,CUST-00127,Ishaan,Iyer,SMB,Tier 1,East,West Bengal,843762.0,Grocery,Beverages,231.47,1.0,0.5,40.02
ORD-003189,28-10-2019,01-11-2019,Second Class,CUST-00529,Reyansh,Patel,Consumer,Village,West,Maharashtra,144235.0,Electronics,Mobiles,8857.37,1.0,0.0,1344.08
ORD-003190,04-03-2023,09-03-2023,Same Day,CUST-00085,Saanvi,Mukherjee,SMB,Tier 2,West,Maharashtra,542303.0,Grocery,Staples,2297.03,4.0,0.5,132.94
ORD-003191,12-03-2022,16-03-2022,Standard Class,CUST-00010,Aadhya,Patel,Consumer,Tier 2,West,Gujarat,884972.0,Clothing,Kidswear,4278.9,5.0,0.1,656.64
ORD-003192,05-03-2022,07-03-2022,Second Class,CUST-00318,Meera,Bose,Consumer,Tier 2,North,Haryana,607962.0,Grocery,Staples,1581.26,4.0,0.5,217.28
ORD-003193,12-03-2020,18-03-2020,Standard Class,CUST-00247,Isha,Menon,Corporate,Tier 1,West,Madhya Pradesh,620669.0,Grocery,Beverages,2467.01,5.0,0.3,368.98
ORD-003194,14-07-2023,21-07-2023,Standard Class,CUST-00400,Vihaan,Verma,SMB,Tier 1,West,Goa,893934.0,Electronics,Cameras,28783.66,3.0,0.0,5955.2
ORD-003195,03-10-2023,06-10-2023,Standard Class,CUST-00495,Saanvi,Gupta,Corporate,Tier 2,West,Madhya Pradesh,266349.0,Clothing,Menswear,3675.54,4.0,0.2,893.88
ORD-003196,30-07-2023,04-08-2023,Second Class,CUST-00001,Vivaan,Chatterjee,Corporate,Tier 2,South,Telangana,396070.0,Furniture,Storage,5549.23,1.0,0.3,1193.04
ORD-003197,31-03-2020,06-04-2020,First Class,CUST-00138,Priya,Iyer,Corporate,Tier 2,West,Maharashtra,897379.0,Clothing,Womenswear,7098.7,4.0,0.1,590.87
ORD-003198,15-01-2020,20-01-2020,Standard Class,CUST-00566,Rohan,Singh,SMB,Village,North,Punjab,434383.0,Furniture,Storage,12370.92,2.0,0.0,3270.5
ORD-003199,22-02-2021,28-02-2021,Second Class,CUST-00266,Vihaan,Gupta,Corporate,Tier 1,East,Bihar,244387.0,Clothing,Menswear,2041.51,2.0,0.0,581.57
ORD-003200,18-05-2019,24-05-2019,Standard Class,CUST-00516,Priya,Nair,SMB,Tier 2,East,Bihar,693292.0,Furniture,Furnishings,19315.01,3.0,0.15,2258.34
ORD-003201,17-06-2023,19-06-2023,Same Day,CUST-00434,Anika,Das,Consumer,Tier 1,North,Rajasthan,707562.0,Furniture,Furnishings,6102.74,1.0,0.2,985.91
ORD-003202,19-06-2019,22-06-2019,First Class,CUST-00571,Myra,Chatterjee,Consumer,Tier 2,South,Telangana,739788.0,Grocery,Beverages,1060.86,2.0,0.2,161.96
ORD-003203,07-06-2022,10-06-2022,First Class,CUST-00079,Ishaan,Das,Corporate,Tier 1,East,Jharkhand,275151.0,Clothing,Kidswear,5809.52,3.0,0.3,848.31
ORD-003204,14-05-2022,15-05-2022,Standard Class,CUST-00553,Priya,Chatterjee,Corporate,Tier 1,West,Maharashtra,241525.0,Clothing,Womenswear,4967.38,5.0,0.05,431.14
ORD-003205,01-08-2019,08-08-2019,Standard Class,CUST-00277,Saanvi,Bose,Consumer,Tier 1,North,Punjab,573443.0,Clothing,Kidswear,586.72,1.0,0.5,43.26
ORD-003206,23-03-2023,29-03-2023,Same Day,CUST-00432,Rohan,Das,SMB,Tier 1,South,Karnataka,703176.0,Furniture,Chairs,4001.68,1.0,0.2,504.72
ORD-003207,03-02-2023,05-02-2023,First Class,CUST-00533,Aarav,Bose,Consumer,Village,East,Odisha,339014.0,Clothing,Footwear,4680.67,4.0,0.0,824.71
ORD-003208,04-06-2019,06-06-2019,Standard Class,CUST-00352,Rohan,Singh,Consumer,Tier 2,South,Tamil Nadu,345782.0,Clothing,Kidswear,2877.93,3.0,0.1,651.91
ORD-003209,03-06-2021,05-06-2021,Same Day,CUST-00526,Aarav,Gupta,SMB,Tier 1,East,Bihar,502359.0,Clothing,Womenswear,5846.92,5.0,0.15,415.63
ORD-003210,21-05-2020,24-05-2020,Same Day,CUST-00141,Diya,Menon,Corporate,Tier 1,East,Bihar,443367.0,Clothing,Womenswear,1040.28,2.0,0.0,128.62
ORD-003211,23-04-2021,27-04-2021,Standard Class,CUST-00537,Meera,Nair,Consumer,Tier 2,South,Kerala,384783.0,Electronics,Accessories,47125.07,4.0,0.0,9453.72
ORD-003212,18-06-2019,23-06-2019,Same Day,CUST-00050,Sai,Joshi,Consumer,Tier 1,West,Madhya Pradesh,120562.0,Electronics,Cameras,38677.56,2.0,0.1,7375.55
ORD-003213,01-02-2021,07-02-2021,Same Day,CUST-00452,Saanvi,Menon,SMB,Tier 1,North,Rajasthan,596050.0,Furniture,Furnishings,8865.3,2.0,0.0,2029.08
ORD-003214,03-03-2023,04-03-2023,Same Day,CUST-00517,Priya,Verma,SMB,Tier 1,South,Karnataka,160715.0,Clothing,Womenswear,1245.75,1.0,0.05,219.24
ORD-003215,17-06-2022,21-06-2022,Second Class,CUST-00085,Saanvi,Mukherjee,SMB,Tier 2,West,Maharashtra,722953.0,Electronics,Cameras,59078.4,3.0,0.05,11899.56
ORD-003216,24-04-2019,30-04-2019,Second Class,CUST-00530,Arjun,Bose,Corporate,Tier 2,North,Uttar Pradesh,828756.0,Electronics,Mobiles,72758.3,4.0,0.5,8510.33
ORD-003217,01-02-2019,04-02-2019,Standard Class,CUST-00592,Meera,Joshi,Corporate,Tier 1,East,Jharkhand,718663.0,Electronics,Accessories,32305.74,2.0,0.05,5475.96
ORD-003218,28-11-2020,02-12-2020,Second Class,CUST-00322,Saanvi,Iyer,Corporate,Tier 2,East,Bihar,708012.0,Furniture,Furnishings,18988.49,3.0,0.05,1056.12
ORD-003219,05-04-2020,10-04-2020,First Class,CUST-00565,Meera,Iyer,Corporate,Village,North,Uttar Pradesh,190638.0,Clothing,Womenswear,5334.68,3.0,0.15,629.01
ORD-003220,07-02-2020,12-02-2020,Second Class,CUST-00182,Aarav,Bose,Consumer,Tier 2,South,Karnataka,811888.0,Grocery,Staples,703.16,2.0,0.05,14.69
ORD-003221,31-07-2020,04-08-2020,Second Class,CUST-00155,Ishaan,Mukherjee,SMB,Tier 2,West,Madhya Pradesh,447167.0,Furniture,Furnishings,23453.65,3.0,0.2,2728.73
ORD-003222,16-03-2022,22-03-2022,Second Class,CUST-00560,Meera,Chatterjee,Consumer,Tier 2,North,Rajasthan,859575.0,Grocery,Beverages,3010.17,5.0,0.2,298.0
ORD-003223,24-08-2019,28-08-2019,Second Class,CUST-00301,Kavya,Menon,Consumer,Tier 1,North,Rajasthan,630820.0,Electronics,Cameras,60004.51,3.0,0.0,1299.2
ORD-003224,09-11-2019,10-11-2019,First Class,CUST-00179,Anika,Patel,Consumer,Tier 2,West,Maharashtra,204055.0,Grocery,Household,2297.23,4.0,0.5,296.68
ORD-003225,21-02-2019,25-02-2019,First Class,CUST-00440,Rohan,Das,SMB,Tier 1,North,Rajasthan,663004.0,Furniture,Furnishings,8453.31,3.0,0.0,706.12
ORD-003226,01-12-2022,07-12-2022,Second Class,CUST-00071,Kavya,Joshi,SMB,Tier 1,East,Odisha,334586.0,Clothing,Footwear,4950.77,4.0,0.3,895.97
ORD-003227,24-12-2020,30-12-2020,First Class,CUST-00012,Rohan,Das,SMB,Tier 2,West,Gujarat,895595.0,Electronics,Laptops,37422.52,3.0,0.0,4713.12
ORD-003228,19-04-2023,21-04-2023,Standard Class,CUST-00049,Meera,Nair,Consumer,Tier 2,West,Goa,329943.0,Furniture,Chairs,24421.32,3.0,0.05,4895.82
ORD-003229,16-10-2021,18-10-2021,Standard Class,CUST-00515,Sai,Rao,Corporate,Tier 1,East,West Bengal,319612.0,Electronics,Accessories,46727.95,2.0,0.2,3711.97
ORD-003230,02-07-2021,07-07-2021,First Class,CUST-00343,Rohan,Rao,SMB,Tier 2,South,Tamil Nadu,199487.0,Grocery,Household,1610.03,5.0,0.3,229.03
ORD-003231,19-07-2023,22-07-2023,Standard Class,CUST-00007,Aadhya,Gupta,Consumer,Tier 2,West,Gujarat,246899.0,Clothing,Menswear,4514.92,4.0,0.3,608.42
ORD-003232,31-10-2021,06-11-2021,First Class,CUST-00420,Isha,Mukherjee,Consumer,Tier 1,West,Goa,255197.0,Clothing,Footwear,4046.69,4.0,0.5,698.02
ORD-003233,10-02-2021,11-02-2021,Second Class,CUST-00110,Diya,Gupta,SMB,Tier 1,East,Odisha,867491.0,Electronics,Laptops,61903.31,4.0,0.0,1575.38
ORD-003234,08-08-2020,14-08-2020,Second Class,CUST-00545,Ananya,Rao,Consumer,Tier 1,South,Kerala,837593.0,Electronics,Accessories,24586.81,1.0,0.2,3189.83
ORD-003235,16-01-2021,21-01-2021,Second Class,CUST-00519,Myra,Reddy,SMB,Tier 2,West,Gujarat,163962.0,Electronics,Cameras,98658.73,5.0,0.1,11157.22
ORD-003236,19-05-2021,20-05-2021,,CUST-00093,Myra,Nair,Corporate,Tier 2,East,Jharkhand,410301.0,Clothing,Kidswear,1608.54,2.0,0.15,57.74
ORD-003237,20-04-2020,25-04-2020,First Class,CUST-00396,Aarav,Gupta,SMB,Tier 1,South,Andhra Pradesh,124261.0,Electronics,Mobiles,52479.55,3.0,0.1,9989.73
ORD-003238,20-05-2020,22-05-2020,Second Class,CUST-00346,Priya,Rao,Consumer,Tier 2,South,Telangana,628510.0,Furniture,Chairs,3326.91,1.0,0.3,808.55
ORD-003239,18-03-2019,21-03-2019,First Class,CUST-00180,Ishaan,Rao,Consumer,Tier 2,North,Haryana,439864.0,Grocery,Household,681.71,2.0,0.0,216.14
ORD-003240,09-01-2023,16-01-2023,Standard Class,CUST-00525,Ishaan,Reddy,Consumer,Tier 1,North,Haryana,235324.0,Electronics,Accessories,69419.9,4.0,0.1,9623.02
ORD-003241,25-01-2022,29-01-2022,Second Class,CUST-00122,Aarav,Mukherjee,Corporate,Tier 1,West,Madhya Pradesh,415536.0,Furniture,Chairs,21074.06,3.0,0.1,2799.7
ORD-003242,02-06-2021,09-06-2021,Same Day,CUST-00216,Reyansh,Joshi,Corporate,Tier 1,West,Goa,378863.0,Electronics,Cameras,28522.36,3.0,0.0,5759.6
ORD-003243,2020/09/25,30-09-2020,First Class,CUST-00117,Isha,Nair,SMB,Village,West,Maharashtra,549364.0,Electronics,Mobiles,31633.22,2.0,0.15,3275.71
ORD-003244,01-08-2019,04-08-2019,Second Class,CUST-00074,Arjun,Mukherjee,SMB,Tier 1,West,Maharashtra,,Grocery,Household,219.28,1.0,0.2,21.97
ORD-003245,19-09-2021,20-09-2021,Standard Class,CUST-00043,Ananya,Singh,SMB,Tier 2,South,Tamil Nadu,206226.0,Grocery,Snacks,215.81,1.0,0.15,25.2
ORD-003246,12-03-2023,14-03-2023,Standard Class,CUST-00341,Vihaan,Patel,SMB,Village,South,Karnataka,278044.0,Grocery,Snacks,1508.3,5.0,0.2,230.27
ORD-003247,13-02-2023,16-02-2023,Second Class,CUST-00066,Aarav,Iyer,Corporate,Tier 1,West,Maharashtra,282881.0,Clothing,Menswear,6718.47,5.0,0.1,1206.35
ORD-003248,03-08-2021,04-08-2021,First Class,CUST-00500,Priya,Joshi,Corporate,Tier 1,North,Haryana,210078.0,Furniture,Furnishings,8534.6,2.0,0.5,190.2
ORD-003249,14-06-2020,17-06-2020,Second Class,CUST-00253,Diya,Bose,Corporate,Tier 1,South,Karnataka,663870.0,Electronics,Mobiles,39353.34,2.0,0.0,3267.38
ORD-003250,23-10-2019,29-10-2019,Standard Class,CUST-00496,Vivaan,Das,Consumer,Tier 2,East,Jharkhand,712623.0,Clothing,Menswear,8461.94,5.0,0.0,1101.2
ORD-003251,11-10-2019,14-10-2019,Standard Class,CUST-00224,Anika,Reddy,SMB,Tier 2,East,Odisha,610413.0,Furniture,Storage,9665.83,3.0,0.0,1519.31
ORD-003252,31-03-2019,04-04-2019,First Class,CUST-00194,Diya,Singh,SMB,Tier 1,North,Haryana,890966.0,Furniture,Tables,26600.87,3.0,0.1,1772.14
ORD-003253,26-04-2022,30-04-2022,First Class,CUST-00411,Sai,Bose,SMB,Village,North,Punjab,493945.0,Grocery,Snacks,360.89,1.0,0.0,69.63
ORD-003254,02-02-2019,09-02-2019,Standard Class,CUST-00351,Saanvi,Joshi,Consumer,Village,South,Andhra Pradesh,774186.0,Electronics,Accessories,10158.96,1.0,0.1,2695.36
ORD-003255,05-07-2022,10-07-2022,Same Day,CUST-00462,Myra,Chatterjee,SMB,Tier 1,West,Maharashtra,361062.0,Electronics,Cameras,16462.52,1.0,0.3,1690.24
ORD-003256,04-05-2019,07-05-2019,First Class,CUST-00068,Diya,Chatterjee,SMB,Tier 2,South,Telangana,794515.0,Clothing,Womenswear,5627.71,5.0,0.05,891.11
ORD-003257,24-02-2020,01-03-2020,Standard Class,CUST-00481,Meera,Chatterjee,Consumer,Tier 1,West,Maharashtra,482164.0,Electronics,Cameras,102673.44,5.0,0.3,18132.19
ORD-003258,29-03-2020,31-03-2020,Standard Class,CUST-00003,Aadhya,Chatterjee,Corporate,Tier 1,North,Rajasthan,430935.0,Clothing,Menswear,5430.71,5.0,0.15,1225.55
ORD-003259,08-12-2019,12-12-2019,First Class,CUST-00210,Reyansh,Mukherjee,Consumer,Tier 1,East,Odisha,884655.0,Clothing,Womenswear,701.35,1.0,0.3,35.85
ORD-003260,05-03-2019,09-03-2019,Standard Class,CUST-00534,Priya,Patel,SMB,Tier 2,South,Tamil Nadu,305449.0,Furniture,Tables,5939.3,1.0,0.1,486.99
ORD-003261,02-04-2019,07-04-2019,First Class,CUST-00547,Ananya,Iyer,Corporate,Tier 1,West,Gujarat,426172.0,Furniture,Storage,28120.44,4.0,0.0,567.55
ORD-003262,16-12-2020,23-12-2020,First Class,CUST-00141,Diya,Menon,Corporate,Tier 1,East,Bihar,505396.0,Clothing,Footwear,3620.35,3.0,0.5,366.51
ORD-003263,15-04-2019,20-04-2019,Same Day,CUST-00221,Rohan,Reddy,Consumer,Tier 2,East,West Bengal,885788.0,Grocery,Beverages,298.9,1.0,0.0,58.0
ORD-003264,12-08-2022,15-08-2022,Second Class,CUST-00367,Isha,Patel,Corporate,Village,South,Andhra Pradesh,179809.0,Furniture,Furnishings,20934.18,3.0,0.2,1823.34
ORD-003265,02-08-2019,05-08-2019,Standard Class,CUST-00533,Aarav,Bose,Consumer,Village,East,Odisha,413451.0,Grocery,Household,1403.35,5.0,0.2,340.34
ORD-003266,21-12-2020,24-12-2020,Standard Class,CUST-00263,Ishaan,Iyer,SMB,Tier 1,South,Tamil Nadu,450363.0,Electronics,Mobiles,115882.24,5.0,0.1,19671.54
ORD-003267,31-03-2020,03-04-2020,Second Class,CUST-00334,Aditya,Nair,SMB,Tier 2,East,Bihar,896916.0,Electronics,Accessories,86465.85,5.0,0.0,16154.5
ORD-003268,08-03-2021,15-03-2021,Second Class,CUST-00005,Ananya,Patel,Corporate,Tier 1,North,Delhi,621278.0,Electronics,Laptops,64519.97,4.0,0.3,8737.19
ORD-003269,07-01-2020,10-01-2020,Same Day,CUST-00383,Kavya,Das,SMB,Tier 1,West,Goa,257662.0,Furniture,Chairs,33511.55,4.0,0.5,4181.97
ORD-003270,25-09-2022,26-09-2022,Same Day,CUST-00270,Sai,Rao,Consumer,Tier 1,East,Odisha,485164.0,Electronics,Accessories,34002.44,2.0,0.0,-2317.2
ORD-003271,05-01-2022,06-01-2022,First Class,CUST-00280,Priya,Bose,Corporate,Tier 1,East,Bihar,890017.0,Furniture,Furnishings,3492.74,1.0,0.3,802.42
ORD-003272,20-08-2019,22-08-2019,Second Class,CUST-00493,Kavya,Menon,Consumer,Tier 1,East,Bihar,879077.0,Furniture,Furnishings,42044.83,4.0,0.5,4030.86
ORD-003273,26-11-2020,01-12-2020,First Class,CUST-00174,Meera,Patel,SMB,Tier 2,North,Delhi,886493.0,Furniture,Tables,6033.6,1.0,0.3,1067.65
ORD-003274,15-02-2022,22-02-2022,Second Class,CUST-00306,Krishna,Das,Consumer,Village,East,Odisha,223379.0,Electronics,Accessories,64926.29,5.0,0.0,9395.88
ORD-003275,14-07-2022,18-07-2022,Same Day,CUST-00320,Vivaan,Das,SMB,Village,North,Punjab,498988.0,Electronics,Accessories,27814.26,4.0,0.0,5448.17
ORD-003276,03-12-2020,08-12-2020,Same Day,CUST-00042,Kavya,Das,Corporate,Tier 1,West,Gujarat,298925.0,Furniture,Chairs,9365.8,2.0,0.2,2357.09
ORD-003277,13-03-2019,14-03-2019,Second Class,CUST-00490,Myra,Rao,SMB,Tier 1,South,Andhra Pradesh,409875.0,Furniture,Chairs,7390.7,1.0,0.0,1850.75
ORD-003278,04-08-2021,11-08-2021,Second Class,CUST-00235,Vihaan,Nair,SMB,Tier 1,North,Haryana,744363.0,Furniture,Tables,15819.06,2.0,0.1,4681.75
ORD-003279,09-10-2022,11-10-2022,First Class,CUST-00065,Ananya,Nair,SMB,Tier 2,West,Gujarat,571609.0,Electronics,Accessories,19286.52,2.0,0.3,1627.9
ORD-003280,23-02-2021,27-02-2021,Standard Class,CUST-00578,Priya,Nair,Corporate,Tier 1,West,Maharashtra,225744.0,Electronics,Laptops,44289.36,4.0,0.1,9321.32
ORD-003281,06-07-2019,08-07-2019,First Class,CUST-00197,Ishaan,Patel,SMB,Tier 2,West,Madhya Pradesh,710098.0,Electronics,Laptops,68439.84,4.0,0.5,6294.69
ORD-003282,24-05-2020,28-05-2020,Same Day,CUST-00532,Sai,Menon,Consumer,Village,East,Bihar,496322.0,Clothing,Footwear,4876.74,3.0,0.05,662.61
ORD-003283,01-07-2021,04-07-2021,Second Class,CUST-00005,Ananya,Patel,Corporate,Tier 1,North,Delhi,373065.0,Furniture,Furnishings,30984.13,5.0,0.1,3179.06
ORD-003284,14-11-2022,15-11-2022,Second Class,CUST-00516,Priya,Nair,SMB,Tier 2,East,Bihar,520174.0,Furniture,Storage,21545.95,5.0,0.0,4502.34
ORD-003285,22-03-2022,24-03-2022,Same Day,CUST-00153,Myra,Gupta,SMB,Tier 1,East,Odisha,871348.0,Electronics,Cameras,87496.88,5.0,0.0,9906.01
ORD-003286,15-08-2023,16-08-2023,Second Class,CUST-00475,Sai,Sharma,Consumer,Tier 2,North,Uttar Pradesh,382458.0,Furniture,Storage,12992.05,2.0,0.1,1782.33
ORD-003287,14-02-2021,18-02-2021,Standard Class,CUST-00460,Sai,Das,Consumer,Tier 1,North,Haryana,806362.0,Electronics,Accessories,11996.36,1.0,0.5,789.23
ORD-003288,07-04-2020,11-04-2020,First Class,CUST-00151,Ananya,Gupta,Corporate,Tier 2,West,Maharashtra,724705.0,Clothing,Kidswear,5852.75,4.0,0.3,468.46
ORD-003289,04-04-2020,11-04-2020,Same Day,CUST-00540,Reyansh,Patel,Consumer,Tier 1,East,Jharkhand,681198.0,Furniture,Chairs,5518.87,1.0,0.15,971.86
ORD-003290,13-10-2019,15-10-2019,Second Class,CUST-00182,Aarav,Bose,Consumer,Tier 2,South,Karnataka,333075.0,Clothing,Womenswear,3188.53,2.0,0.0,864.74
ORD-003291,24-08-2022,26-08-2022,Standard Class,CUST-00294,Isha,Gupta,SMB,Tier 2,East,Odisha,522198.0,Electronics,Laptops,93591.42,4.0,0.5,3507.6
ORD-003292,11-01-2020,15-01-2020,Standard Class,CUST-00438,Aditya,Reddy,Consumer,Tier 2,South,Karnataka,611117.0,Electronics,Accessories,16122.27,2.0,0.2,2326.31
ORD-003293,02-05-2022,04-05-2022,Second Class,CUST-00177,Meera,Chatterjee,Corporate,Tier 1,South,Karnataka,606387.0,Furniture,Chairs,23801.83,3.0,0.15,4094.72
ORD-003294,10-12-2021,12-12-2021,Standard Class,CUST-00130,Aarav,Patel,SMB,Tier 1,South,Karnataka,140657.0,Electronics,Laptops,84673.53,5.0,0.15,13312.01
ORD-003295,28-01-2020,31-01-2020,Second Class,CUST-00355,Vivaan,Iyer,Corporate,Tier 1,West,Maharashtra,854501.0,Furniture,Chairs,25976.26,3.0,0.1,3401.45
ORD-003296,15-04-2022,22-04-2022,Same Day,CUST-00141,Diya,Menon,Corporate,Tier 1,East,Bihar,385764.0,Grocery,Snacks,773.73,2.0,0.15,4.96
ORD-003297,01-05-2023,03-05-2023,,CUST-00471,Ishaan,Patel,Consumer,Village,South,Karnataka,670103.0,Electronics,Laptops,59550.81,3.0,0.1,6497.36
ORD-003298,04-12-2020,10-12-2020,Standard Class,CUST-00433,Krishna,Rao,Consumer,Tier 1,East,West Bengal,704291.0,Grocery,Snacks,2168.93,5.0,0.3,242.96
ORD-003299,07-12-2021,10-12-2021,Standard Class,CUST-00387,Arjun,Mukherjee,Consumer,Village,South,Kerala,164472.0,Grocery,Household,538.72,3.0,0.0,108.17
ORD-003300,12-11-2019,13-11-2019,First Class,CUST-00074,Arjun,Mukherjee,SMB,Tier 1,West,Maharashtra,610576.0,Electronics,Laptops,86072.92,5.0,0.1,11837.65
ORD-003301,29-03-2019,01-04-2019,First Class,CUST-00331,Sai,Verma,Corporate,Tier 1,North,Punjab,723861.0,Clothing,Kidswear,2004.87,2.0,0.15,239.54
ORD-003302,2019/01/26,30-01-2019,Same Day,CUST-00399,Sai,Sharma,Consumer,Tier 2,West,Madhya Pradesh,579923.0,Clothing,Footwear,2744.99,2.0,0.05,558.55
ORD-003303,24-09-2020,26-09-2020,First Class,CUST-00486,Vihaan,Patel,SMB,Village,North,Uttar Pradesh,623128.0,Clothing,Footwear,6514.84,4.0,0.1,255.55
ORD-003304,27-03-2022,02-04-2022,Second Class,CUST-00103,Kavya,Chatterjee,Corporate,Village,South,Tamil Nadu,404230.0,Furniture,Chairs,10080.04,5.0,0.2,1111.45
ORD-003305,14-03-2023,21-03-2023,Second Class,CUST-00122,Aarav,Mukherjee,Corporate,Tier 1,West,Madhya Pradesh,430762.0,Electronics,Cameras,16163.33,1.0,0.5,1095.79
ORD-003306,06-10-2019,09-10-2019,Second Class,CUST-00001,Vivaan,Chatterjee,Corporate,Tier 2,South,Telangana,129937.0,Clothing,Womenswear,1059.58,1.0,0.15,274.69
ORD-003307,25-07-2022,27-07-2022,Same Day,CUST-00328,Saanvi,Gupta,Consumer,Tier 2,North,Uttar Pradesh,128970.0,Grocery,Snacks,411.19,3.0,0.0,98.03
ORD-003308,09-02-2022,12-02-2022,Standard Class,CUST-00095,Vivaan,Nair,Consumer,Tier 2,East,West Bengal,,Grocery,Snacks,799.17,2.0,0.3,171.26
ORD-003309,14-06-2022,16-06-2022,Second Class,CUST-00096,Arjun,Singh,SMB,Tier 2,West,Maharashtra,807936.0,Clothing,Footwear,2080.63,4.0,0.15,441.15
ORD-003310,24-07-2022,30-07-2022,First Class,CUST-00040,Aarav,Patel,Corporate,Tier 1,South,Kerala,797227.0,Clothing,Womenswear,4933.84,3.0,0.15,545.82
ORD-003311,05-09-2022,10-09-2022,Same Day,CUST-00164,Ananya,Joshi,SMB,Tier 2,South,Telangana,475671.0,Clothing,Womenswear,3632.65,4.0,0.05,172.19
ORD-003312,08-11-2021,14-11-2021,Same Day,CUST-00400,Vihaan,Verma,SMB,Tier 1,West,Goa,770010.0,Grocery,Staples,799.93,3.0,0.0,47.78
ORD-003313,15-12-2020,20-12-2020,Same Day,CUST-00190,Sai,Mukherjee,Consumer,Tier 1,East,West Bengal,449671.0,Electronics,Accessories,12300.18,2.0,0.0,1028.09
ORD-003314,09-07-2023,16-07-2023,First Class,CUST-00218,Aarav,Mukherjee,SMB,Tier 1,North,Delhi,858887.0,Electronics,Cameras,28327.67,2.0,0.5,3469.46
ORD-003315,26-03-2020,31-03-2020,Same Day,CUST-00100,Myra,Verma,Consumer,Tier 1,East,Bihar,790946.0,Clothing,Menswear,7730.57,5.0,0.1,1511.24
ORD-003316,19-04-2022,24-04-2022,Second Class,CUST-00453,Aditya,Patel,SMB,Village,South,Andhra Pradesh,,Furniture,Tables,19623.68,2.0,0.05,4275.52
ORD-003317,19-12-2020,25-12-2020,Second Class,CUST-00320,Vivaan,Das,SMB,Village,North,Punjab,373342.0,Grocery,Beverages,1853.85,4.0,0.0,377.4
ORD-003318,17-10-2023,23-10-2023,Standard Class,CUST-00369,Sai,Patel,SMB,Tier 2,East,Odisha,496322.0,Furniture,Furnishings,6137.92,1.0,0.3,319.1
ORD-003319,14-05-2022,18-05-2022,Standard Class,CUST-00307,Meera,Rao,Corporate,Village,South,Karnataka,228913.0,Furniture,Chairs,34224.49,5.0,0.5,-118.39
ORD-003320,07-10-2022,12-10-2022,Same Day,CUST-00068,Diya,Chatterjee,SMB,Tier 2,South,Telangana,504179.0,Clothing,Footwear,9461.67,5.0,0.3,2306.46
ORD-003321,05-12-2022,08-12-2022,Second Class,CUST-00492,Priya,Bose,SMB,Tier 1,West,Maharashtra,563110.0,Electronics,Accessories,16305.2,2.0,0.15,2506.83
ORD-003322,29-03-2019,30-03-2019,Same Day,CUST-00437,Myra,Gupta,SMB,Tier 1,South,Andhra Pradesh,131122.0,Grocery,Household,951.81,3.0,0.05,108.47
ORD-003323,07-07-2021,12-07-2021,Second Class,CUST-00167,Saanvi,Singh,Corporate,Village,North,Delhi,275516.0,Electronics,Accessories,31320.42,3.0,0.05,7106.97
ORD-003324,23-08-2021,30-08-2021,Same Day,CUST-00050,Sai,Joshi,Consumer,Tier 1,West,Madhya Pradesh,211385.0,Electronics,Accessories,96157.82,5.0,0.0,25210.23
ORD-003325,26-06-2023,01-07-2023,Same Day,CUST-00433,Krishna,Rao,Consumer,Tier 1,East,West Bengal,559011.0,Clothing,Footwear,5543.68,5.0,0.2,310.69
ORD-003326,2022/11/22,25-11-2022,Second Class,CUST-00410,Kavya,Verma,Consumer,Tier 1,South,Karnataka,646308.0,Electronics,Cameras,85862.19,5.0,0.0,23167.61
ORD-003327,22-12-2023,25-12-2023,Second Class,CUST-00543,Anika,Nair,SMB,Tier 2,North,Delhi,551316.0,Electronics,Accessories,56059.26,3.0,0.15,14980.93
ORD-003328,27-09-2023,04-10-2023,First Class,CUST-00202,Vihaan,Sharma,Consumer,Tier 2,North,Haryana,522129.0,Furniture,Chairs,12850.76,2.0,0.1,2629.44
ORD-003329,20-05-2021,22-05-2021,Standard Class,CUST-00279,Vihaan,Joshi,Consumer,Tier 2,South,Andhra Pradesh,126096.0,Electronics,Laptops,23057.42,1.0,0.0,3464.53
ORD-003330,08-06-2020,11-06-2020,Standard Class,CUST-00046,Sai,Menon,SMB,Tier 1,West,Madhya Pradesh,476356.0,Grocery,Snacks,582.23,2.0,0.0,88.75
ORD-003331,08-08-2019,10-08-2019,Same Day,CUST-00317,Priya,Verma,Consumer,Tier 1,South,Telangana,639889.0,Electronics,Mobiles,48059.51,3.0,0.2,10250.95
ORD-003332,18-10-2023,23-10-2023,Same Day,CUST-00286,Priya,Das,SMB,Tier 1,South,Tamil Nadu,131325.0,Grocery,Beverages,2259.49,5.0,0.0,203.02
ORD-003333,25-08-2023,26-08-2023,Same Day,CUST-00311,Aarav,Chatterjee,SMB,Tier 2,West,Maharashtra,213364.0,Electronics,Mobiles,9835.89,1.0,0.1,1328.41
ORD-003334,04-12-2023,07-12-2023,Second Class,CUST-00069,Saanvi,Sharma,Corporate,Tier 2,North,Punjab,304457.0,Electronics,Accessories,86685.85,4.0,0.15,12274.66
ORD-003335,04-07-2021,10-07-2021,Same Day,CUST-00231,Myra,Iyer,SMB,Tier 2,East,West Bengal,524440.0,Clothing,Footwear,5513.08,4.0,0.15,467.08
ORD-003336,10-04-2021,14-04-2021,Same Day,CUST-00361,Ishaan,Sharma,Consumer,Village,South,Karnataka,668274.0,Grocery,Staples,1945.11,5.0,0.15,255.63
ORD-003337,15-05-2019,20-05-2019,First Class,CUST-00043,Ananya,Singh,SMB,Tier 2,South,Tamil Nadu,461112.0,Clothing,Footwear,6056.32,4.0,0.5,670.37
ORD-003338,07-08-2022,14-08-2022,Same Day,CUST-00254,Vihaan,Gupta,Corporate,Tier 1,West,Maharashtra,729715.0,Grocery,Snacks,725.51,2.0,0.2,147.95
ORD-003339,31-07-2019,06-08-2019,Second Class,CUST-00580,Krishna,Sharma,Corporate,Tier 2,West,Goa,821026.0,Grocery,Beverages,1561.87,4.0,0.0,167.44
ORD-003340,22-10-2020,26-10-2020,First Class,CUST-00006,Diya,Mukherjee,SMB,Tier 2,South,Kerala,674073.0,Furniture,Storage,15643.85,3.0,0.3,2359.61
ORD-003341,24-06-2022,25-06-2022,,CUST-00327,Reyansh,Chatterjee,SMB,Tier 1,West,Madhya Pradesh,660983.0,Electronics,Mobiles,68977.15,5.0,0.1,10933.78
ORD-003342,12-03-2021,18-03-2021,Standard Class,CUST-00467,Aadhya,Mukherjee,Corporate,Village,East,Bihar,874704.0,Clothing,Footwear,3735.51,4.0,0.2,796.59
ORD-003343,06-01-2022,10-01-2022,First Class,CUST-00046,Sai,Menon,SMB,Tier 1,West,Madhya Pradesh,330891.0,Furniture,Storage,29521.84,4.0,0.0,3542.68
ORD-003344,05-12-2023,07-12-2023,Standard Class,CUST-00531,Krishna,Bose,SMB,Tier 1,North,Uttar Pradesh,850093.0,Clothing,Footwear,798.15,1.0,0.2,95.41
ORD-003345,07-03-2021,10-03-2021,Standard Class,CUST-00551,Aadhya,Sharma,Consumer,Tier 1,South,Telangana,340731.0,Electronics,Accessories,42980.88,3.0,0.2,9145.52
ORD-003346,13-04-2019,19-04-2019,Second Class,CUST-00079,Ishaan,Das,Corporate,Tier 1,East,Jharkhand,352885.0,Electronics,Laptops,52119.66,2.0,0.2,5604.6
ORD-003347,21-08-2020,24-08-2020,Standard Class,CUST-00382,Ananya,Verma,SMB,Tier 1,West,Madhya Pradesh,141886.0,Furniture,Storage,6299.73,1.0,0.2,324.0
ORD-003348,04-03-2020,05-03-2020,First Class,CUST-00334,Aditya,Nair,SMB,Tier 2,East,Bihar,783248.0,Electronics,Accessories,22183.54,1.0,0.5,1053.3
ORD-003349,23-01-2019,25-01-2019,Same Day,CUST-00568,Arjun,Singh,SMB,Tier 2,North,Punjab,191360.0,Electronics,Laptops,83350.65,5.0,0.5,8154.97
ORD-003350,03-11-2023,04-11-2023,Standard Class,CUST-00482,Aadhya,Patel,Consumer,Tier 2,West,Maharashtra,107630.0,Grocery,Snacks,2089.17,5.0,0.5,272.73
ORD-003351,14-02-2022,15-02-2022,Same Day,CUST-00320,Vivaan,Das,SMB,Village,North,Punjab,508088.0,Clothing,Footwear,6854.22,5.0,0.3,299.89
ORD-003352,24-05-2021,26-05-2021,Standard Class,CUST-00546,Ishaan,Patel,SMB,Tier 1,East,Jharkhand,350769.0,Electronics,Laptops,17278.29,2.0,0.15,3354.42
ORD-003353,19-07-2023,26-07-2023,Same Day,CUST-00280,Priya,Bose,Corporate,Tier 1,East,Bihar,680522.0,Grocery,Beverages,1910.35,3.0,0.3,410.82
ORD-003354,13-12-2019,20-12-2019,Standard Class,CUST-00267,Saanvi,Gupta,SMB,Tier 2,South,Karnataka,167494.0,Furniture,Tables,17813.83,4.0,0.0,1274.91
ORD-003355,08-01-2019,14-01-2019,Standard Class,CUST-00327,Reyansh,Chatterjee,SMB,Tier 1,West,Madhya Pradesh,218011.0,Grocery,Staples,192.47,1.0,0.1,37.44
ORD-003356,28-01-2020,30-01-2020,Second Class,CUST-00103,Kavya,Chatterjee,Corporate,Village,South,Tamil Nadu,748161.0,Grocery,Staples,375.89,1.0,0.0,78.88
ORD-003357,18-12-2020,25-12-2020,Standard Class,CUST-00472,Myra,Das,SMB,Tier 1,East,Odisha,,Clothing,Womenswear,3417.46,4.0,0.2,498.08
ORD-003358,07-11-2021,11-11-2021,Standard Class,CUST-00415,Myra,Reddy,Corporate,Village,West,Madhya Pradesh,711846.0,Grocery,Snacks,327.55,1.0,0.2,113.1
ORD-003359,25-02-2023,03-03-2023,Same Day,CUST-00278,Diya,Iyer,Consumer,Tier 1,West,Maharashtra,811261.0,Clothing,Footwear,1966.29,3.0,0.2,276.51
ORD-003360,05-03-2023,12-03-2023,First Class,CUST-00197,Ishaan,Patel,SMB,Tier 2,West,Madhya Pradesh,285610.0,Electronics,Mobiles,14818.43,1.0,0.3,1237.2
ORD-003361,07-06-2021,12-06-2021,Same Day,CUST-00243,Vihaan,Menon,Corporate,Tier 1,North,Punjab,758072.0,Furniture,Furnishings,11744.49,5.0,0.15,1426.0
ORD-003362,18-04-2021,19-04-2021,Standard Class,CUST-00357,Kavya,Rao,Corporate,Village,North,Rajasthan,177874.0,Clothing,Menswear,3386.93,2.0,0.3,406.11
ORD-003363,29-11-2023,02-12-2023,Same Day,CUST-00497,Aadhya,Joshi,Consumer,Tier 2,North,Haryana,601118.0,Electronics,Cameras,59490.97,5.0,0.05,6240.79
ORD-003364,27-09-2020,01-10-2020,Standard Class,CUST-00409,Diya,Chatterjee,SMB,Tier 2,South,Karnataka,233641.0,Clothing,Footwear,2105.99,3.0,0.3,114.16
ORD-003365,23-08-2022,26-08-2022,Standard Class,CUST-00392,Aditya,Singh,Corporate,Village,North,Delhi,224442.0,Electronics,Accessories,18494.88,2.0,0.3,2480.07
ORD-003366,04-06-2019,05-06-2019,Standard Class,CUST-00289,Ishaan,Menon,SMB,Tier 2,South,Tamil Nadu,622369.0,Furniture,Tables,3022.8,1.0,0.15,1226.96
ORD-003367,30-08-2021,06-09-2021,First Class,CUST-00534,Priya,Patel,SMB,Tier 2,South,Tamil Nadu,326056.0,Furniture,Tables,7631.59,2.0,0.05,888.0
ORD-003368,02-10-2022,08-10-2022,First Class,CUST-00336,Aadhya,Nair,SMB,Tier 2,North,Haryana,318851.0,Furniture,Storage,22788.97,2.0,0.15,3218.11
ORD-003369,05-01-2022,08-01-2022,Second Class,CUST-00144,Ananya,Das,SMB,Tier 2,North,Rajasthan,737736.0,Grocery,Snacks,1333.68,3.0,0.15,397.01
ORD-003370,16-08-2020,17-08-2020,First Class,CUST-00276,Ishaan,Gupta,Consumer,Tier 2,North,Rajasthan,440611.0,Clothing,Womenswear,6196.24,5.0,0.0,28.46
ORD-003371,28-06-2023,29-06-2023,First Class,CUST-00227,Ananya,Patel,Corporate,Tier 1,South,Andhra Pradesh,736781.0,Clothing,Womenswear,3651.13,5.0,0.05,756.57
ORD-003372,09-02-2020,12-02-2020,Second Class,CUST-00330,Aditya,Joshi,Consumer,Tier 2,South,Karnataka,515997.0,Clothing,Footwear,2627.43,3.0,0.3,51.21
ORD-003373,07-04-2022,08-04-2022,Second Class,CUST-00009,Ananya,Iyer,SMB,Village,East,Jharkhand,202670.0,Furniture,Storage,24229.8,5.0,0.1,4652.76
ORD-003374,16-06-2023,23-06-2023,Standard Class,CUST-00544,Vivaan,Mukherjee,Consumer,Tier 1,North,Rajasthan,349030.0,Electronics,Accessories,73254.65,5.0,0.05,12625.64
ORD-003375,26-05-2019,02-06-2019,Same Day,CUST-00236,Diya,Gupta,Corporate,Tier 1,West,Madhya Pradesh,888829.0,Grocery,Snacks,288.33,1.0,0.05,-7.0
ORD-003376,14-05-2021,21-05-2021,First Class,CUST-00446,Kavya,Rao,Corporate,Village,North,Rajasthan,670149.0,Furniture,Chairs,19744.57,3.0,0.0,-99.75
ORD-003377,26-07-2019,02-08-2019,First Class,CUST-00044,Aarav,Sharma,SMB,Tier 2,East,West Bengal,342900.0,Grocery,Beverages,1567.36,3.0,0.0,316.18
ORD-003378,19-01-2023,21-01-2023,Same Day,CUST-00376,Kavya,Bose,Consumer,Tier 2,East,West Bengal,817299.0,Furniture,Furnishings,20319.48,3.0,0.3,2020.94
ORD-003379,29-07-2023,05-08-2023,First Class,CUST-00309,Ishaan,Rao,SMB,Village,South,Andhra Pradesh,203355.0,Grocery,Household,468.48,1.0,0.0,83.21
ORD-003380,16-12-2020,21-12-2020,First Class,CUST-00187,Isha,Joshi,Corporate,Village,East,Odisha,432221.0,Furniture,Storage,17310.5,5.0,0.3,3031.45
ORD-003381,18-08-2020,25-08-2020,Second Class,CUST-00454,Priya,Patel,Corporate,Tier 1,West,Goa,747685.0,Grocery,Beverages,270.85,1.0,0.5,37.6
ORD-003382,05-10-2023,12-10-2023,Same Day,CUST-00152,Meera,Patel,Consumer,Tier 2,West,Goa,784971.0,Clothing,Womenswear,3501.25,3.0,0.3,659.09
ORD-003383,08-03-2021,12-03-2021,First Class,CUST-00344,Aadhya,Chatterjee,Corporate,Tier 2,South,Andhra Pradesh,180505.0,Grocery,Household,686.86,3.0,0.5,50.26
ORD-003384,2022/08/24,28-08-2022,First Class,CUST-00040,Aarav,Patel,Corporate,Tier 1,South,Kerala,199626.0,Clothing,Menswear,3810.5,4.0,0.5,146.72
ORD-003385,22-11-2021,23-11-2021,First Class,CUST-00317,Priya,Verma,Consumer,Tier 1,South,Telangana,685728.0,Grocery,Staples,2625.94,5.0,0.05,345.89
ORD-003386,21-04-2019,28-04-2019,First Class,CUST-00339,Reyansh,Iyer,Consumer,Tier 1,North,Delhi,335568.0,Grocery,Staples,692.6,2.0,0.3,78.57
ORD-003387,18-01-2023,20-01-2023,Standard Class,CUST-00433,Krishna,Rao,Consumer,Tier 1,East,West Bengal,709827.0,Clothing,Womenswear,8107.43,5.0,0.15,970.84
ORD-003388,01-12-2022,05-12-2022,Second Class,CUST-00268,Myra,Sharma,Consumer,Tier 1,East,Jharkhand,248970.0,Grocery,Staples,1049.32,4.0,0.3,141.86
ORD-003389,19-05-2022,22-05-2022,Second Class,CUST-00580,Krishna,Sharma,Corporate,Tier 2,West,Goa,724410.0,Clothing,Kidswear,2759.81,2.0,0.5,272.27
ORD-003390,04-06-2023,11-06-2023,First Class,CUST-00265,Ananya,Iyer,Consumer,Village,South,Telangana,831519.0,Furniture,Storage,41099.71,5.0,0.0,4009.74
ORD-003391,02-06-2020,06-06-2020,Standard Class,CUST-00060,Arjun,Sharma,SMB,Tier 2,West,Maharashtra,298491.0,Furniture,Chairs,17194.64,3.0,0.3,1965.76
ORD-003392,25-04-2019,30-04-2019,First Class,CUST-00231,Myra,Iyer,SMB,Tier 2,East,West Bengal,262968.0,Clothing,Kidswear,5350.31,5.0,0.5,157.17
ORD-003393,09-07-2021,12-07-2021,Standard Class,CUST-00180,Ishaan,Rao,Consumer,Tier 2,North,Haryana,218868.0,Grocery,Snacks,1161.47,3.0,0.3,69.17
ORD-003394,08-11-2019,10-11-2019,Same Day,CUST-00288,Vihaan,Singh,Corporate,Tier 1,North,Rajasthan,626970.0,Grocery,Household,396.3,1.0,0.1,97.5
ORD-003395,07-12-2020,12-12-2020,Second Class,CUST-00101,Ananya,Rao,Consumer,Tier 2,North,Delhi,441987.0,Clothing,Menswear,2359.78,2.0,0.0,262.45
ORD-003396,30-12-2021,31-12-2021,Standard Class,CUST-00520,Ananya,Bose,Corporate,Tier 2,East,Odisha,890571.0,Clothing,Menswear,2728.04,2.0,0.0,693.58
ORD-003397,13-05-2021,15-05-2021,Same Day,CUST-00451,Aadhya,Reddy,Consumer,Village,West,Maharashtra,869612.0,Furniture,Chairs,2216.62,1.0,0.3,308.01
ORD-003398,28-11-2019,03-12-2019,Same Day,CUST-00569,Priya,Bose,Corporate,Tier 2,North,Haryana,791608.0,Electronics,Cameras,79385.74,5.0,0.3,12150.96
ORD-003399,07-06-2023,14-06-2023,Second Class,CUST-00279,Vihaan,Joshi,Consumer,Tier 2,South,Andhra Pradesh,425983.0,Furniture,Chairs,20151.22,5.0,0.0,4353.95
ORD-003400,08-07-2019,13-07-2019,Standard Class,CUST-00078,Aditya,Menon,Consumer,Tier 1,North,Delhi,662340.0,Furniture,Chairs,4854.04,1.0,0.5,704.18
ORD-003401,2022/12/23,30-12-2022,First Class,CUST-00388,Reyansh,Sharma,Consumer,Tier 2,West,Goa,770936.0,Furniture,Tables,25817.31,5.0,0.1,5490.29
ORD-003402,05-11-2022,06-11-2022,Same Day,CUST-00369,Sai,Patel,SMB,Tier 2,East,Odisha,272868.0,Grocery,Beverages,722.13,2.0,0.5,83.45
ORD-003403,2020/06/09,12-06-2020,Standard Class,CUST-00394,Meera,Das,Corporate,Tier 2,West,Madhya Pradesh,380044.0,Electronics,Cameras,58103.93,4.0,0.1,8762.46
ORD-003404,17-05-2019,21-05-2019,Second Class,CUST-00329,Vihaan,Singh,Consumer,Village,West,Gujarat,106259.0,Clothing,Womenswear,2024.52,2.0,0.2,199.63
ORD-003405,14-12-2022,15-12-2022,Standard Class,CUST-00326,Rohan,Reddy,Consumer,Tier 1,South,Kerala,659211.0,Furniture,Tables,12421.15,2.0,0.15,2976.22
ORD-003406,10-12-2023,15-12-2023,Standard Class,CUST-00077,Vihaan,Nair,Corporate,Tier 1,North,Haryana,524392.0,Furniture,Storage,10822.25,4.0,0.05,2856.68
ORD-003407,17-10-2019,21-10-2019,First Class,CUST-00542,Diya,Bose,Consumer,Tier 2,North,Delhi,262328.0,Grocery,Household,372.73,1.0,0.05,36.74
ORD-003408,2022/05/22,28-05-2022,Standard Class,CUST-00053,Aditya,Singh,Corporate,Tier 2,South,Karnataka,158202.0,Furniture,Storage,14593.46,3.0,0.0,1513.43
ORD-003409,30-09-2021,01-10-2021,First Class,CUST-00327,Reyansh,Chatterjee,SMB,Tier 1,West,Madhya Pradesh,413557.0,Clothing,Footwear,2925.43,2.0,0.5,453.03
ORD-003410,19-04-2023,21-04-2023,Same Day,CUST-00429,Reyansh,Gupta,Corporate,Village,East,Jharkhand,158570.0,Electronics,Accessories,32199.64,4.0,0.5,2845.87
ORD-003411,11-06-2021,17-06-2021,Same Day,CUST-00212,Reyansh,Reddy,Corporate,Tier 1,North,Delhi,691745.0,Grocery,Staples,1170.43,5.0,0.15,198.5
ORD-003412,29-10-2022,05-11-2022,First Class,CUST-00260,Isha,Joshi,Consumer,Tier 1,North,Punjab,489216.0,Furniture,Tables,6000.45,1.0,0.05,80.23
ORD-003413,26-01-2022,27-01-2022,Same Day,CUST-00399,Sai,Sharma,Consumer,Tier 2,West,Madhya Pradesh,491685.0,Electronics,Cameras,46700.71,3.0,0.15,7099.37
ORD-003414,12-01-2022,17-01-2022,First Class,CUST-00306,Krishna,Das,Consumer,Village,East,Odisha,787369.0,Grocery,Staples,1307.87,3.0,0.1,185.2
ORD-003415,18-01-2019,19-01-2019,Standard Class,CUST-00511,Myra,Mukherjee,SMB,Village,South,Andhra Pradesh,474374.0,Furniture,Chairs,21302.95,4.0,0.0,4980.41
ORD-003416,29-10-2022,31-10-2022,Second Class,CUST-00525,Ishaan,Reddy,Consumer,Tier 1,North,Haryana,779239.0,Clothing,Womenswear,552.77,1.0,0.2,41.88
ORD-003417,11-10-2022,16-10-2022,First Class,CUST-00099,Ishaan,Das,Corporate,Village,West,Madhya Pradesh,884797.0,Clothing,Kidswear,6832.45,5.0,0.15,418.07
ORD-003418,17-10-2022,20-10-2022,Same Day,CUST-00188,Arjun,Singh,Corporate,Tier 1,West,Madhya Pradesh,159232.0,Electronics,Mobiles,74490.32,5.0,0.15,7264.48
ORD-003419,31-07-2023,01-08-2023,Same Day,CUST-00581,Aditya,Sharma,Corporate,Tier 1,East,Jharkhand,219362.0,Clothing,Womenswear,6925.28,5.0,0.0,931.37
ORD-003420,30-06-2022,03-07-2022,Standard Class,CUST-00196,Arjun,Nair,Corporate,Tier 1,West,Goa,225261.0,Clothing,Menswear,1160.16,1.0,0.0,75.39
ORD-003421,21-06-2021,28-06-2021,Standard Class,CUST-00356,Reyansh,Reddy,Consumer,Tier 1,East,Odisha,513498.0,Grocery,Snacks,1452.14,4.0,0.2,246.53
ORD-003422,03-12-2023,07-12-2023,Second Class,CUST-00263,Ishaan,Iyer,SMB,Tier 1,South,Tamil Nadu,652340.0,Electronics,Cameras,77506.48,4.0,0.1,14931.21
ORD-003423,2023/07/11,14-07-2023,Standard Class,CUST-00110,Diya,Gupta,SMB,Tier 1,East,Odisha,273964.0,Furniture,Storage,14847.69,2.0,0.1,3235.25
ORD-003424,25-11-2019,28-11-2019,Same Day,CUST-00453,Aditya,Patel,SMB,Village,South,Andhra Pradesh,722192.0,Electronics,Accessories,37006.51,3.0,0.2,1851.47
ORD-003425,21-12-2022,24-12-2022,Standard Class,CUST-00305,Vivaan,Nair,SMB,Tier 2,West,Goa,579063.0,Furniture,Tables,13137.56,5.0,0.2,1486.87
ORD-003426,08-01-2019,15-01-2019,First Class,CUST-00006,Diya,Mukherjee,SMB,Tier 2,South,Kerala,357105.0,Clothing,Footwear,6689.73,5.0,0.1,1005.33
ORD-003427,21-09-2023,28-09-2023,Same Day,CUST-00099,Ishaan,Das,Corporate,Village,West,Madhya Pradesh,472197.0,Clothing,Kidswear,4584.71,4.0,0.2,219.53
ORD-003428,26-08-2022,01-09-2022,Same Day,CUST-00089,Arjun,Reddy,Consumer,Tier 1,North,Haryana,204794.0,Electronics,Mobiles,11526.86,1.0,0.5,1521.91
ORD-003429,13-03-2022,19-03-2022,Standard Class,CUST-00203,Diya,Chatterjee,Corporate,Village,South,Andhra Pradesh,745651.0,Electronics,Accessories,20587.86,2.0,0.15,4359.33
ORD-003430,04-06-2022,10-06-2022,First Class,CUST-00412,Ananya,Joshi,SMB,Tier 1,North,Punjab,407674.0,Furniture,Chairs,14023.43,4.0,0.2,3257.98
ORD-003431,21-12-2019,24-12-2019,Second Class,CUST-00547,Ananya,Iyer,Corporate,Tier 1,West,Gujarat,194598.0,Electronics,Mobiles,29891.59,2.0,0.0,5493.69
ORD-003432,29-06-2023,30-06-2023,First Class,CUST-00374,Saanvi,Iyer,Corporate,Tier 1,North,Uttar Pradesh,346610.0,Furniture,Furnishings,5106.08,1.0,0.3,599.87
ORD-003433,10-11-2021,11-11-2021,Same Day,CUST-00060,Arjun,Sharma,SMB,Tier 2,West,Maharashtra,588292.0,Electronics,Accessories,14908.3,1.0,0.1,2427.09
ORD-003434,11-04-2022,12-04-2022,Standard Class,CUST-00586,Ishaan,Das,Consumer,Village,West,Gujarat,480383.0,Furniture,Tables,26633.75,4.0,0.0,5829.45
ORD-003435,21-12-2020,23-12-2020,First Class,CUST-00247,Isha,Menon,Corporate,Tier 1,West,Madhya Pradesh,642844.0,Grocery,Household,826.23,2.0,0.2,98.99
ORD-003436,03-09-2020,06-09-2020,First Class,CUST-00324,Meera,Sharma,Corporate,Tier 2,North,Delhi,379684.0,Electronics,Accessories,45412.18,5.0,0.2,6407.43
ORD-003437,24-06-2023,25-06-2023,Same Day,CUST-00260,Isha,Joshi,Consumer,Tier 1,North,Punjab,188851.0,Electronics,Cameras,88206.95,5.0,0.05,12205.94
ORD-003438,14-11-2019,18-11-2019,Second Class,CUST-00183,Myra,Menon,Corporate,Tier 2,West,Maharashtra,141583.0,Furniture,Storage,12505.68,2.0,0.1,669.63
ORD-003439,11-08-2021,12-08-2021,Second Class,CUST-00196,Arjun,Nair,Corporate,Tier 1,West,Goa,222478.0,Grocery,Snacks,2088.47,4.0,0.15,177.03
ORD-003440,23-03-2019,24-03-2019,Standard Class,CUST-00264,Diya,Mukherjee,SMB,Tier 2,East,Bihar,182699.0,Electronics,Laptops,13234.37,1.0,0.1,3024.12
ORD-003441,04-06-2019,08-06-2019,Standard Class,CUST-00486,Vihaan,Patel,SMB,Village,North,Uttar Pradesh,411715.0,Clothing,Footwear,5476.71,5.0,0.1,1486.04
ORD-003442,22-10-2023,28-10-2023,First Class,CUST-00472,Myra,Das,SMB,Tier 1,East,Odisha,531257.0,Electronics,Laptops,79892.25,5.0,0.5,12303.55
ORD-003443,19-09-2023,20-09-2023,Standard Class,CUST-00335,Aarav,Verma,Corporate,Tier 1,South,Telangana,286600.0,Clothing,Womenswear,7407.75,4.0,0.0,692.27
ORD-003444,01-11-2021,03-11-2021,Standard Class,CUST-00376,Kavya,Bose,Consumer,Tier 2,East,West Bengal,233700.0,Grocery,Staples,1919.16,3.0,0.1,240.37
ORD-003445,01-12-2019,05-12-2019,First Class,CUST-00370,Rohan,Gupta,Corporate,Tier 1,South,Tamil Nadu,840877.0,Grocery,Snacks,1968.84,4.0,0.15,507.99
ORD-003446,05-12-2020,09-12-2020,Standard Class,CUST-00118,Aditya,Sharma,Corporate,Tier 1,North,Uttar Pradesh,785523.0,Electronics,Laptops,42907.94,3.0,0.15,3560.96
ORD-003447,26-09-2023,27-09-2023,Second Class,CUST-00261,Reyansh,Chatterjee,Consumer,Village,West,Madhya Pradesh,672564.0,Grocery,Staples,728.79,2.0,0.15,165.14
ORD-003448,19-05-2022,20-05-2022,Same Day,CUST-00247,Isha,Menon,Corporate,Tier 1,West,Madhya Pradesh,260747.0,Electronics,Accessories,24261.11,3.0,0.05,3941.07
ORD-003449,23-09-2019,27-09-2019,Same Day,CUST-00469,Vivaan,Reddy,SMB,Tier 1,East,West Bengal,430576.0,Electronics,Laptops,32063.74,2.0,0.5,1043.62
ORD-003450,29-04-2022,01-05-2022,First Class,CUST-00046,Sai,Menon,SMB,Tier 1,West,Madhya Pradesh,772339.0,Electronics,Mobiles,86759.25,5.0,0.0,25202.18
ORD-003451,19-06-2022,25-06-2022,Same Day,CUST-00099,Ishaan,Das,Corporate,Village,West,Madhya Pradesh,492479.0,Grocery,Beverages,832.32,2.0,0.1,59.27
ORD-003452,05-07-2022,06-07-2022,Same Day,CUST-00548,Ananya,Joshi,Consumer,Tier 2,West,Goa,452566.0,Furniture,Chairs,24523.07,4.0,0.3,2886.32
ORD-003453,12-07-2021,15-07-2021,First Class,CUST-00032,Sai,Patel,SMB,Tier 1,North,Haryana,890561.0,Furniture,Furnishings,33120.51,3.0,0.3,5653.73
ORD-003454,06-07-2020,08-07-2020,Second Class,CUST-00576,Sai,Reddy,Corporate,Tier 2,East,Odisha,284209.0,Furniture,Furnishings,7157.18,1.0,0.0,975.19
ORD-003455,24-05-2021,26-05-2021,Standard Class,CUST-00549,Vihaan,Das,SMB,Tier 1,West,Madhya Pradesh,354139.0,Furniture,Tables,4316.06,1.0,0.2,599.77
ORD-003456,30-04-2023,03-05-2023,First Class,CUST-00462,Myra,Chatterjee,SMB,Tier 1,West,Maharashtra,640243.0,Grocery,Beverages,1335.7,5.0,0.1,353.51
ORD-003457,05-03-2021,10-03-2021,Second Class,CUST-00378,Aadhya,Reddy,Corporate,Tier 1,North,Haryana,710198.0,Electronics,Cameras,18043.28,1.0,0.5,1111.87
ORD-003458,06-05-2022,12-05-2022,First Class,CUST-00197,Ishaan,Patel,SMB,Tier 2,West,Madhya Pradesh,140397.0,Grocery,Snacks,1007.86,2.0,0.2,137.6
ORD-003459,31-08-2021,02-09-2021,Same Day,CUST-00299,Aadhya,Rao,Consumer,Tier 1,North,Rajasthan,623620.0,Electronics,Accessories,54186.44,4.0,0.0,6000.8
ORD-003460,28-02-2020,04-03-2020,First Class,CUST-00347,Aditya,Mukherjee,Corporate,Tier 1,East,West Bengal,329553.0,Furniture,Tables,10193.55,2.0,0.15,1609.85
ORD-003461,23-12-2023,25-12-2023,First Class,CUST-00043,Ananya,Singh,SMB,Tier 2,South,Tamil Nadu,729862.0,Electronics,Accessories,10994.63,1.0,0.5,1877.05
ORD-003462,19-09-2019,24-09-2019,Same Day,CUST-00557,Ishaan,Reddy,Corporate,Village,West,Goa,320757.0,Grocery,Beverages,1930.41,3.0,0.1,264.84
ORD-003463,10-07-2021,16-07-2021,Same Day,CUST-00171,Ishaan,Nair,Consumer,Village,East,Bihar,199627.0,Clothing,Footwear,4274.47,2.0,0.15,855.59
ORD-003464,2019/03/30,02-04-2019,Standard Class,CUST-00173,Isha,Joshi,Corporate,Tier 2,East,Odisha,261264.0,Electronics,Laptops,45162.68,3.0,0.3,2524.98
ORD-003465,24-09-2021,28-09-2021,Second Class,CUST-00307,Meera,Rao,Corporate,Village,South,Karnataka,496751.0,Grocery,Staples,876.82,2.0,0.05,159.02
ORD-003466,25-05-2020,26-05-2020,First Class,CUST-00582,Reyansh,Chatterjee,Consumer,Village,North,Uttar Pradesh,,Furniture,Storage,17457.22,2.0,0.2,3356.55
ORD-003467,29-08-2023,31-08-2023,Standard Class,CUST-00147,Anika,Mukherjee,SMB,Tier 1,North,Delhi,531660.0,Furniture,Tables,35281.4,5.0,0.15,7157.21
ORD-003468,16-03-2023,22-03-2023,First Class,CUST-00052,Meera,Verma,SMB,Village,West,Madhya Pradesh,185576.0,Clothing,Footwear,5979.21,4.0,0.0,876.69
ORD-003469,08-12-2021,11-12-2021,Same Day,CUST-00278,Diya,Iyer,Consumer,Tier 1,West,Maharashtra,514752.0,Clothing,Womenswear,3145.09,2.0,0.0,1063.42
ORD-003470,29-09-2020,05-10-2020,Standard Class,CUST-00436,Ananya,Menon,SMB,Tier 1,North,Uttar Pradesh,736003.0,Furniture,Tables,32784.23,5.0,0.3,3925.43
ORD-003471,10-08-2022,13-08-2022,First Class,CUST-00322,Saanvi,Iyer,Corporate,Tier 2,East,Bihar,147771.0,Furniture,Tables,21240.54,4.0,0.05,2026.97
ORD-003472,23-11-2019,28-11-2019,Standard Class,CUST-00547,Ananya,Iyer,Corporate,Tier 1,West,Gujarat,616534.0,Furniture,Chairs,8660.73,1.0,0.15,1066.58
ORD-003473,16-11-2021,22-11-2021,First Class,CUST-00444,Sai,Sharma,Corporate,Tier 1,East,Odisha,312232.0,Grocery,Snacks,869.87,3.0,0.1,127.89
ORD-003474,23-09-2023,28-09-2023,Standard Class,CUST-00027,Rohan,Menon,Corporate,Tier 1,South,Karnataka,848224.0,Clothing,Footwear,3108.35,3.0,0.5,384.04
ORD-003475,14-08-2019,15-08-2019,First Class,CUST-00493,Kavya,Menon,Consumer,Tier 1,East,Bihar,521692.0,Grocery,Snacks,1988.29,4.0,0.5,216.21
ORD-003476,15-04-2019,18-04-2019,Standard Class,CUST-00046,Sai,Menon,SMB,Tier 1,West,Madhya Pradesh,589152.0,Grocery,Beverages,1782.95,4.0,0.0,327.53
ORD-003477,16-12-2021,18-12-2021,Second Class,CUST-00085,Saanvi,Mukherjee,SMB,Tier 2,West,Maharashtra,124678.0,Electronics,Accessories,34785.73,4.0,0.5,4574.38
ORD-003478,13-08-2019,16-08-2019,Standard Class,CUST-00037,Vihaan,Nair,Corporate,Tier 2,North,Uttar Pradesh,682379.0,Furniture,Chairs,15201.38,5.0,0.05,2034.89
ORD-003479,08-07-2019,14-07-2019,First Class,CUST-00010,Aadhya,Patel,Consumer,Tier 2,West,Gujarat,345995.0,Electronics,Mobiles,57514.94,5.0,0.5,6796.07
ORD-003480,12-01-2022,18-01-2022,Same Day,CUST-00547,Ananya,Iyer,Corporate,Tier 1,West,Gujarat,472404.0,Grocery,Staples,805.24,4.0,0.05,224.15
ORD-003481,18-07-2022,25-07-2022,Standard Class,CUST-00393,Vihaan,Patel,Consumer,Tier 1,West,Gujarat,296039.0,Electronics,Mobiles,14465.54,1.0,0.0,1791.92
ORD-003482,05-11-2019,07-11-2019,Standard Class,CUST-00321,Arjun,Rao,Corporate,Tier 1,North,Uttar Pradesh,707431.0,Furniture,Storage,7789.83,1.0,0.2,2128.95
ORD-003483,14-08-2019,15-08-2019,Second Class,CUST-00145,Aadhya,Singh,Consumer,Tier 2,West,Maharashtra,303383.0,Furniture,Storage,10409.85,3.0,0.5,582.05
ORD-003484,02-08-2019,06-08-2019,Standard Class,CUST-00106,Myra,Menon,Corporate,Tier 2,East,Jharkhand,735835.0,Electronics,Cameras,30150.66,2.0,0.5,2370.86
ORD-003485,18-04-2023,25-04-2023,Second Class,CUST-00506,Meera,Sharma,Consumer,Tier 2,East,Jharkhand,816155.0,Clothing,Menswear,3952.52,3.0,0.0,702.32
ORD-003486,18-07-2021,25-07-2021,Same Day,CUST-00176,Isha,Verma,SMB,Tier 2,North,Punjab,104828.0,Electronics,Accessories,56117.83,4.0,0.1,7769.62
ORD-003487,04-12-2020,09-12-2020,First Class,CUST-00046,Sai,Menon,SMB,Tier 1,West,Madhya Pradesh,154721.0,Furniture,Furnishings,21335.76,3.0,0.1,2546.86
ORD-003488,2022/04/20,25-04-2022,Same Day,CUST-00230,Aadhya,Verma,SMB,Tier 1,North,Haryana,517924.0,Furniture,Tables,28451.72,4.0,0.15,4039.77
ORD-003489,05-12-2019,12-12-2019,First Class,CUST-00091,Aadhya,Nair,Corporate,Tier 1,South,Karnataka,852423.0,Furniture,Chairs,21870.7,5.0,0.0,1801.35
ORD-003490,12-07-2021,18-07-2021,Same Day,CUST-00078,Aditya,Menon,Consumer,Tier 1,North,Delhi,312166.0,Clothing,Menswear,2737.3,2.0,0.3,619.62
ORD-003491,27-02-2021,05-03-2021,Same Day,CUST-00175,Saanvi,Patel,Corporate,Village,East,Jharkhand,836847.0,Clothing,Womenswear,6300.09,4.0,0.2,1332.19
ORD-003492,03-09-2022,04-09-2022,Second Class,CUST-00558,Aarav,Singh,SMB,Tier 2,East,West Bengal,344604.0,Furniture,Storage,11483.08,2.0,0.2,1653.79
ORD-003493,03-06-2022,04-06-2022,Standard Class,CUST-00503,Sai,Bose,Consumer,Tier 1,West,Goa,130571.0,Grocery,Household,865.72,2.0,0.05,216.88
ORD-003494,30-07-2022,01-08-2022,First Class,CUST-00312,Myra,Rao,Corporate,Tier 2,East,West Bengal,392148.0,Furniture,Furnishings,36691.43,5.0,0.1,9096.53
ORD-003495,27-07-2022,29-07-2022,Standard Class,CUST-00199,Diya,Nair,SMB,Tier 2,West,Gujarat,845685.0,Grocery,Beverages,2406.43,5.0,0.2,186.81
ORD-003496,18-09-2022,23-09-2022,Same Day,CUST-00014,Saanvi,Mukherjee,Corporate,Tier 2,West,Gujarat,301092.0,Furniture,Tables,37153.72,5.0,0.2,5683.12
ORD-003497,18-09-2020,24-09-2020,Standard Class,CUST-00060,Arjun,Sharma,SMB,Tier 2,West,Maharashtra,209342.0,Electronics,Accessories,31022.44,4.0,0.0,2053.28
ORD-003498,05-09-2021,06-09-2021,Standard Class,CUST-00144,Ananya,Das,SMB,Tier 2,North,Rajasthan,470859.0,Electronics,Laptops,76128.16,4.0,0.1,5919.01
ORD-003499,23-06-2020,25-06-2020,Standard Class,CUST-00233,Diya,Bose,Corporate,Village,East,Odisha,867375.0,Electronics,Mobiles,60328.6,4.0,0.2,15800.09
ORD-003500,23-08-2021,30-08-2021,Standard Class,CUST-00409,Diya,Chatterjee,SMB,Tier 2,South,Karnataka,838504.0,Clothing,Womenswear,3308.98,2.0,0.0,207.87
ORD-003501,11-04-2020,17-04-2020,Same Day,CUST-00003,Aadhya,Chatterjee,Corporate,Tier 1,North,Rajasthan,502837.0,Electronics,Laptops,53673.84,4.0,0.05,7282.46
ORD-003502,03-04-2020,05-04-2020,First Class,CUST-00118,Aditya,Sharma,Corporate,Tier 1,North,Uttar Pradesh,662364.0,Clothing,Menswear,2189.97,2.0,0.1,162.41
ORD-003503,12-06-2021,16-06-2021,Second Class,CUST-00479,Priya,Verma,Consumer,Tier 2,West,Maharashtra,880278.0,Grocery,Beverages,717.31,2.0,0.5,65.52
ORD-003504,16-11-2021,19-11-2021,First Class,CUST-00411,Sai,Bose,SMB,Village,North,Punjab,346707.0,Electronics,Cameras,50386.69,2.0,0.2,-130.42
ORD-003505,24-07-2021,31-07-2021,Second Class,CUST-00028,Krishna,Menon,Corporate,Tier 1,East,Odisha,429761.0,Clothing,Womenswear,1689.89,1.0,0.2,361.71
ORD-003506,18-12-2021,23-12-2021,First Class,CUST-00465,Aditya,Gupta,Corporate,Tier 1,East,West Bengal,609084.0,Clothing,Kidswear,2035.43,2.0,0.1,285.98
ORD-003507,02-05-2020,04-05-2020,First Class,CUST-00551,Aadhya,Sharma,Consumer,Tier 1,South,Telangana,835100.0,Grocery,Household,2170.56,5.0,0.2,390.11
ORD-003508,08-06-2023,09-06-2023,First Class,CUST-00571,Myra,Chatterjee,Consumer,Tier 2,South,Telangana,177625.0,Clothing,Footwear,1391.76,1.0,0.0,331.96
ORD-003509,28-07-2023,29-07-2023,First Class,CUST-00479,Priya,Verma,Consumer,Tier 2,West,Maharashtra,161333.0,Clothing,Menswear,1095.06,2.0,0.5,98.69
ORD-003510,30-11-2022,04-12-2022,Standard Class,CUST-00062,Vihaan,Sharma,SMB,Tier 1,North,Uttar Pradesh,277464.0,Furniture,Furnishings,7029.13,1.0,0.2,759.57
ORD-003511,29-06-2020,02-07-2020,Standard Class,CUST-00465,Aditya,Gupta,Corporate,Tier 1,East,West Bengal,401124.0,Grocery,Household,1287.83,3.0,0.05,213.54
ORD-003512,19-01-2022,21-01-2022,Same Day,CUST-00572,Reyansh,Menon,Corporate,Tier 1,South,Andhra Pradesh,554768.0,Furniture,Storage,7776.06,1.0,0.2,438.05
ORD-003513,28-01-2020,03-02-2020,Second Class,CUST-00507,Vivaan,Chatterjee,Consumer,Tier 2,East,Odisha,730139.0,Clothing,Menswear,2404.49,4.0,0.1,369.17
ORD-003514,02-02-2022,05-02-2022,Standard Class,CUST-00476,Priya,Iyer,Consumer,Village,South,Andhra Pradesh,554852.0,Furniture,Tables,8616.1,3.0,0.5,683.49
ORD-003515,08-04-2023,14-04-2023,Same Day,CUST-00024,Myra,Patel,Corporate,Tier 1,South,Andhra Pradesh,186248.0,Grocery,Beverages,1236.45,5.0,0.15,201.29
ORD-003516,17-04-2021,18-04-2021,Second Class,CUST-00415,Myra,Reddy,Corporate,Village,West,Madhya Pradesh,425853.0,Furniture,Chairs,1656.22,1.0,0.5,179.43
ORD-003517,14-09-2023,20-09-2023,Same Day,CUST-00579,Rohan,Reddy,Corporate,Tier 2,South,Tamil Nadu,127688.0,Furniture,Storage,19277.66,4.0,0.0,4185.43
ORD-003518,10-11-2022,17-11-2022,First Class,CUST-00396,Aarav,Gupta,SMB,Tier 1,South,Andhra Pradesh,317875.0,Clothing,Menswear,1414.07,1.0,0.15,229.68
ORD-003519,20-01-2022,21-01-2022,Standard Class,CUST-00074,Arjun,Mukherjee,SMB,Tier 1,West,Maharashtra,375099.0,Furniture,Storage,14939.2,3.0,0.1,3370.72
ORD-003520,05-03-2019,10-03-2019,Standard Class,CUST-00060,Arjun,Sharma,SMB,Tier 2,West,Maharashtra,291724.0,Furniture,Tables,6040.89,1.0,0.2,850.01
ORD-003521,04-11-2019,05-11-2019,Standard Class,CUST-00255,Reyansh,Menon,Consumer,Tier 1,South,Karnataka,827684.0,Clothing,Kidswear,3934.14,4.0,0.5,265.25
ORD-003522,2023/02/10,11-02-2023,First Class,CUST-00172,Priya,Mukherjee,Corporate,Tier 2,West,Gujarat,809650.0,Clothing,Footwear,2752.25,3.0,0.1,287.9
ORD-003523,02-03-2019,09-03-2019,First Class,CUST-00285,Arjun,Joshi,Corporate,Tier 1,South,Tamil Nadu,116547.0,Grocery,Household,1639.3,4.0,0.5,36.82
ORD-003524,26-12-2023,27-12-2023,Standard Class,CUST-00023,Ishaan,Rao,Consumer,Tier 2,East,Bihar,361959.0,Clothing,Menswear,4512.55,5.0,0.5,306.76
ORD-003525,07-02-2020,14-02-2020,Second Class,CUST-00399,Sai,Sharma,Consumer,Tier 2,West,Madhya Pradesh,356943.0,Grocery,Snacks,1546.16,3.0,0.5,157.98
ORD-003526,01-02-2020,06-02-2020,Same Day,CUST-00022,Anika,Mukherjee,Consumer,Tier 1,West,Gujarat,614547.0,Clothing,Menswear,1590.96,1.0,0.2,308.37
ORD-003527,06-04-2022,11-04-2022,Second Class,CUST-00460,Sai,Das,Consumer,Tier 1,North,Haryana,521321.0,Clothing,Womenswear,877.63,1.0,0.0,87.56
ORD-003528,13-05-2023,20-05-2023,Standard Class,CUST-00364,Rohan,Bose,Corporate,Tier 2,West,Gujarat,272883.0,Clothing,Footwear,1290.45,2.0,0.3,188.94
ORD-003529,16-08-2020,23-08-2020,Same Day,CUST-00349,Priya,Menon,SMB,Tier 1,North,Punjab,214501.0,Grocery,Staples,436.49,1.0,0.3,56.25
ORD-003530,24-08-2022,31-08-2022,Same Day,CUST-00271,Vihaan,Reddy,SMB,Village,East,West Bengal,424896.0,Clothing,Menswear,1867.29,2.0,0.0,352.2
ORD-003531,14-12-2022,21-12-2022,Second Class,CUST-00347,Aditya,Mukherjee,Corporate,Tier 1,East,West Bengal,843673.0,Clothing,Kidswear,1848.79,2.0,0.1,575.98
ORD-003532,05-07-2019,09-07-2019,Same Day,CUST-00273,Reyansh,Reddy,Consumer,Village,North,Delhi,190392.0,Clothing,Kidswear,9278.4,5.0,0.05,1480.96
ORD-003533,2021/07/02,05-07-2021,Standard Class,CUST-00177,Meera,Chatterjee,Corporate,Tier 1,South,Karnataka,171813.0,Electronics,Mobiles,94423.98,5.0,0.5,5191.43
ORD-003534,11-06-2022,17-06-2022,Second Class,CUST-00206,Diya,Patel,Corporate,Tier 2,South,Andhra Pradesh,250560.0,Clothing,Menswear,4312.45,4.0,0.15,822.61
ORD-003535,19-08-2021,25-08-2021,First Class,CUST-00254,Vihaan,Gupta,Corporate,Tier 1,West,Maharashtra,371422.0,Clothing,Footwear,3398.26,5.0,0.05,753.84
ORD-003536,27-03-2023,03-04-2023,Same Day,CUST-00576,Sai,Reddy,Corporate,Tier 2,East,Odisha,547834.0,Furniture,Tables,12061.2,2.0,0.05,2977.88
ORD-003537,21-01-2019,23-01-2019,Standard Class,CUST-00057,Krishna,Das,SMB,Tier 1,West,Maharashtra,802097.0,Grocery,Beverages,1135.53,3.0,0.0,151.05
ORD-003538,14-05-2023,21-05-2023,Same Day,CUST-00508,Anika,Patel,Corporate,Tier 1,West,Goa,318561.0,Clothing,Menswear,4358.23,5.0,0.2,703.41
ORD-003539,27-03-2019,29-03-2019,Second Class,CUST-00355,Vivaan,Iyer,Corporate,Tier 1,West,Maharashtra,443023.0,Clothing,Menswear,8448.59,5.0,0.2,1302.91
ORD-003540,23-11-2022,27-11-2022,Standard Class,CUST-00103,Kavya,Chatterjee,Corporate,Village,South,Tamil Nadu,881402.0,Electronics,Cameras,56766.6,3.0,0.1,7224.06
ORD-003541,29-03-2021,30-03-2021,Same Day,CUST-00202,Vihaan,Sharma,Consumer,Tier 2,North,Haryana,546881.0,Electronics,Mobiles,17858.47,5.0,0.0,4664.26
ORD-003542,15-08-2020,16-08-2020,First Class,CUST-00598,Aadhya,Rao,Corporate,Tier 2,North,Rajasthan,773867.0,Grocery,Snacks,391.47,3.0,0.05,55.52
ORD-003543,17-05-2019,18-05-2019,Second Class,CUST-00478,Vivaan,Das,Consumer,Tier 2,North,Uttar Pradesh,294460.0,Electronics,Cameras,33536.51,5.0,0.0,9445.3
ORD-003544,07-05-2022,10-05-2022,Second Class,CUST-00087,Aadhya,Iyer,SMB,Village,East,Odisha,836683.0,Clothing,Kidswear,8607.55,5.0,0.3,538.67
ORD-003545,26-09-2020,01-10-2020,Second Class,CUST-00317,Priya,Verma,Consumer,Tier 1,South,Telangana,111284.0,Electronics,Mobiles,14449.07,1.0,0.0,3204.48
ORD-003546,25-09-2020,28-09-2020,Same Day,CUST-00071,Kavya,Joshi,SMB,Tier 1,East,Odisha,214153.0,Clothing,Menswear,1058.29,1.0,0.0,213.02
ORD-003547,30-11-2022,06-12-2022,Same Day,CUST-00364,Rohan,Bose,Corporate,Tier 2,West,Gujarat,610460.0,Electronics,Mobiles,43111.62,4.0,0.05,1961.25
ORD-003548,07-12-2021,14-12-2021,Standard Class,CUST-00382,Ananya,Verma,SMB,Tier 1,West,Madhya Pradesh,120680.0,Grocery,Snacks,1216.05,3.0,0.0,247.74
ORD-003549,04-11-2022,10-11-2022,Second Class,CUST-00405,Priya,Verma,SMB,Tier 2,West,Gujarat,716945.0,Grocery,Snacks,222.35,3.0,0.0,27.88
ORD-003550,05-10-2023,10-10-2023,Second Class,CUST-00413,Krishna,Iyer,SMB,Tier 2,North,Delhi,434357.0,Clothing,Menswear,4320.74,5.0,0.0,591.42
ORD-003551,30-09-2022,07-10-2022,Same Day,CUST-00180,Ishaan,Rao,Consumer,Tier 2,North,Haryana,490955.0,Grocery,Staples,1057.96,2.0,0.3,170.53
ORD-003552,28-07-2021,04-08-2021,Second Class,CUST-00126,Aditya,Das,SMB,Village,East,Bihar,790835.0,Furniture,Tables,22993.95,3.0,0.15,2482.56
ORD-003553,11-04-2020,16-04-2020,Same Day,CUST-00107,Priya,Nair,SMB,Tier 1,South,Telangana,187270.0,Electronics,Cameras,23605.35,3.0,0.0,5280.15
ORD-003554,03-02-2020,05-02-2020,Same Day,CUST-00052,Meera,Verma,SMB,Village,West,Madhya Pradesh,344398.0,Grocery,Household,1083.57,2.0,0.1,132.4
ORD-003555,12-03-2022,17-03-2022,Standard Class,CUST-00394,Meera,Das,Corporate,Tier 2,West,Madhya Pradesh,494570.0,Clothing,Womenswear,6287.27,3.0,0.0,1298.2
ORD-003556,07-04-2021,10-04-2021,Second Class,CUST-00035,Reyansh,Rao,Consumer,Tier 1,East,West Bengal,642922.0,Electronics,Laptops,8064.33,1.0,0.15,275.33
ORD-003557,15-09-2020,21-09-2020,Second Class,CUST-00391,Meera,Singh,SMB,Tier 1,North,Haryana,155448.0,Furniture,Storage,11662.9,2.0,0.15,2464.1
ORD-003558,12-11-2021,15-11-2021,Standard Class,CUST-00382,Ananya,Verma,SMB,Tier 1,West,Madhya Pradesh,200712.0,Furniture,Storage,36182.72,5.0,0.2,2126.69
ORD-003559,11-05-2019,18-05-2019,Standard Class,CUST-00025,Reyansh,Sharma,Consumer,Tier 2,North,Uttar Pradesh,391448.0,Grocery,Snacks,437.45,4.0,0.05,111.97
ORD-003560,26-04-2021,01-05-2021,Same Day,CUST-00370,Rohan,Gupta,Corporate,Tier 1,South,Tamil Nadu,138861.0,Electronics,Mobiles,54689.19,3.0,0.0,13705.1
ORD-003561,19-03-2019,26-03-2019,Second Class,CUST-00415,Myra,Reddy,Corporate,Village,West,Madhya Pradesh,419423.0,Furniture,Tables,34779.78,5.0,0.5,3425.06
ORD-003562,05-03-2020,10-03-2020,Standard Class,CUST-00480,Kavya,Bose,Corporate,Tier 2,North,Rajasthan,766925.0,Clothing,Footwear,1496.96,1.0,0.0,334.92
ORD-003563,21-05-2020,27-05-2020,Second Class,CUST-00203,Diya,Chatterjee,Corporate,Village,South,Andhra Pradesh,,Electronics,Accessories,55673.35,3.0,0.05,7574.14
ORD-003564,31-05-2023,02-06-2023,First Class,CUST-00307,Meera,Rao,Corporate,Village,South,Karnataka,399181.0,Furniture,Tables,2957.79,1.0,0.15,198.88
ORD-003565,10-02-2021,15-02-2021,Same Day,CUST-00512,Isha,Joshi,Consumer,Tier 1,West,Madhya Pradesh,537281.0,Furniture,Chairs,13024.41,2.0,0.3,2417.41
ORD-003566,06-05-2022,12-05-2022,Same Day,CUST-00543,Anika,Nair,SMB,Tier 2,North,Delhi,673355.0,Furniture,Storage,5773.39,1.0,0.2,936.32
ORD-003567,15-04-2023,20-04-2023,Second Class,CUST-00597,Ananya,Gupta,Corporate,Tier 2,South,Tamil Nadu,655525.0,Furniture,Tables,9736.55,2.0,0.0,1269.23
ORD-003568,16-07-2021,19-07-2021,Same Day,CUST-00105,Rohan,Rao,SMB,Tier 2,South,Andhra Pradesh,122718.0,Grocery,Snacks,884.87,2.0,0.05,81.9
ORD-003569,20-10-2022,24-10-2022,Same Day,CUST-00103,Kavya,Chatterjee,Corporate,Village,South,Tamil Nadu,670447.0,Clothing,Footwear,3173.13,2.0,0.0,610.18
ORD-003570,09-06-2019,11-06-2019,Same Day,CUST-00146,Reyansh,Gupta,Corporate,Tier 1,North,Delhi,771010.0,Furniture,Storage,5961.68,1.0,0.1,586.37
ORD-003571,02-06-2023,03-06-2023,Second Class,CUST-00418,Kavya,Nair,SMB,Tier 1,North,Haryana,257909.0,Grocery,Beverages,924.5,4.0,0.15,142.99
ORD-003572,24-05-2023,31-05-2023,Standard Class,CUST-00020,Diya,Chatterjee,Consumer,Tier 1,East,West Bengal,200815.0,Electronics,Cameras,48953.27,5.0,0.0,8898.93
ORD-003573,18-07-2023,23-07-2023,Standard Class,CUST-00582,Reyansh,Chatterjee,Consumer,Village,North,Uttar Pradesh,561532.0,Clothing,Footwear,1393.1,1.0,0.05,458.71
ORD-003574,27-06-2020,02-07-2020,Second Class,CUST-00282,Aadhya,Mukherjee,Consumer,Tier 1,West,Madhya Pradesh,241040.0,Clothing,Menswear,3594.17,2.0,0.05,815.1
ORD-003575,28-11-2023,04-12-2023,Same Day,CUST-00161,Aarav,Verma,Consumer,Tier 2,North,Rajasthan,302797.0,Grocery,Household,161.33,1.0,0.15,33.15
ORD-003576,24-06-2019,25-06-2019,First Class,CUST-00474,Kavya,Joshi,Consumer,Tier 1,South,Andhra Pradesh,350615.0,Grocery,Household,570.21,1.0,0.5,51.11
ORD-003577,24-04-2022,30-04-2022,Same Day,CUST-00264,Diya,Mukherjee,SMB,Tier 2,East,Bihar,247082.0,Clothing,Menswear,4315.06,3.0,0.5,666.83
ORD-003578,17-05-2019,19-05-2019,First Class,CUST-00170,Kavya,Patel,Consumer,Tier 1,North,Haryana,323815.0,Grocery,Snacks,966.74,2.0,0.5,84.77
ORD-003579,18-02-2020,19-02-2020,Second Class,CUST-00043,Ananya,Singh,SMB,Tier 2,South,Tamil Nadu,685146.0,Clothing,Womenswear,1935.15,3.0,0.5,270.07
ORD-003580,03-07-2020,10-07-2020,Standard Class,CUST-00274,Kavya,Sharma,SMB,Tier 2,South,Telangana,,Furniture,Chairs,20987.97,2.0,0.3,2901.5
ORD-003581,07-12-2023,12-12-2023,First Class,CUST-00423,Sai,Bose,Consumer,Tier 1,South,Telangana,702586.0,Furniture,Chairs,31645.39,3.0,0.15,5462.86
ORD-003582,20-02-2021,23-02-2021,First Class,CUST-00095,Vivaan,Nair,Consumer,Tier 2,East,West Bengal,501735.0,Clothing,Footwear,1724.4,1.0,0.05,405.23
ORD-003583,05-11-2021,09-11-2021,Standard Class,CUST-00254,Vihaan,Gupta,Corporate,Tier 1,West,Maharashtra,211047.0,Grocery,Staples,1025.34,2.0,0.0,231.21
ORD-003584,03-04-2022,07-04-2022,Standard Class,CUST-00042,Kavya,Das,Corporate,Tier 1,West,Gujarat,343651.0,Grocery,Beverages,886.7,3.0,0.2,45.49
ORD-003585,16-12-2023,21-12-2023,Same Day,CUST-00260,Isha,Joshi,Consumer,Tier 1,North,Punjab,279037.0,Electronics,Mobiles,27466.74,3.0,0.05,4974.27
ORD-003586,28-02-2019,01-03-2019,First Class,CUST-00366,Vihaan,Chatterjee,SMB,Tier 1,North,Haryana,743793.0,Furniture,Chairs,25700.02,5.0,0.3,3211.78
ORD-003587,03-11-2022,05-11-2022,Same Day,CUST-00053,Aditya,Singh,Corporate,Tier 2,South,Karnataka,495321.0,Electronics,Cameras,92323.77,5.0,0.05,11124.7
ORD-003588,21-09-2022,24-09-2022,Second Class,CUST-00522,Ananya,Bose,SMB,Tier 2,North,Delhi,403383.0,Grocery,Staples,1590.62,4.0,0.15,289.49
ORD-003589,30-03-2023,02-04-2023,Second Class,CUST-00596,Arjun,Patel,Consumer,Tier 1,East,Bihar,803368.0,Electronics,Laptops,25217.06,2.0,0.0,1609.27
ORD-003590,27-06-2023,01-07-2023,Same Day,CUST-00153,Myra,Gupta,SMB,Tier 1,East,Odisha,636598.0,Furniture,Storage,23138.58,4.0,0.0,5843.51
ORD-003591,16-06-2022,23-06-2022,Standard Class,CUST-00206,Diya,Patel,Corporate,Tier 2,South,Andhra Pradesh,279748.0,Clothing,Womenswear,1001.94,1.0,0.0,84.42
ORD-003592,04-03-2022,10-03-2022,First Class,CUST-00219,Reyansh,Iyer,Consumer,Tier 1,West,Maharashtra,509778.0,Electronics,Cameras,13982.2,1.0,0.3,-226.86
ORD-003593,29-09-2022,06-10-2022,Second Class,CUST-00306,Krishna,Das,Consumer,Village,East,Odisha,573844.0,Grocery,Household,616.45,1.0,0.0,105.57
ORD-003594,07-10-2021,10-10-2021,Second Class,CUST-00362,Reyansh,Verma,Corporate,Tier 1,West,Madhya Pradesh,643849.0,Clothing,Menswear,3289.24,5.0,0.15,474.77
ORD-003595,15-02-2022,16-02-2022,Standard Class,CUST-00083,Aarav,Gupta,SMB,Tier 2,East,Jharkhand,125705.0,Electronics,Mobiles,70565.91,4.0,0.15,9686.36
ORD-003596,06-11-2023,12-11-2023,Standard Class,CUST-00034,Vihaan,Sharma,SMB,Tier 1,South,Kerala,840475.0,Furniture,Tables,29738.43,5.0,0.0,7371.36
ORD-003597,31-12-2020,06-01-2021,Standard Class,CUST-00477,Arjun,Mukherjee,Consumer,Village,North,Haryana,589268.0,Grocery,Snacks,762.99,2.0,0.1,168.11
ORD-003598,15-06-2021,16-06-2021,Second Class,CUST-00553,Priya,Chatterjee,Corporate,Tier 1,West,Maharashtra,530664.0,Electronics,Cameras,56329.5,4.0,0.5,5257.73
ORD-003599,14-07-2023,19-07-2023,Second Class,CUST-00137,Priya,Patel,SMB,Tier 1,East,Odisha,895714.0,Furniture,Storage,40097.56,4.0,0.5,3955.16
ORD-003600,11-01-2020,13-01-2020,First Class,CUST-00076,Saanvi,Joshi,Consumer,Tier 1,West,Madhya Pradesh,493544.0,Electronics,Accessories,2799.84,1.0,0.2,380.62
ORD-003601,18-08-2021,21-08-2021,First Class,CUST-00004,Rohan,Iyer,SMB,Tier 2,West,Goa,397415.0,Grocery,Snacks,1825.54,4.0,0.3,300.84
ORD-003602,18-10-2021,25-10-2021,Standard Class,CUST-00304,Aadhya,Das,Corporate,Tier 2,East,Odisha,123711.0,Clothing,Footwear,1855.57,2.0,0.0,490.86
ORD-003603,30-08-2023,05-09-2023,Second Class,CUST-00256,Meera,Iyer,Consumer,Village,South,Kerala,229855.0,Electronics,Accessories,13662.94,1.0,0.0,2893.19
ORD-003604,29-01-2019,30-01-2019,Standard Class,CUST-00020,Diya,Chatterjee,Consumer,Tier 1,East,West Bengal,261465.0,Grocery,Staples,2466.88,5.0,0.3,153.66
ORD-003605,23-05-2022,30-05-2022,Same Day,CUST-00054,Myra,Patel,Corporate,Tier 2,West,Maharashtra,290331.0,Clothing,Menswear,9259.91,5.0,0.2,443.18
ORD-003606,15-05-2021,19-05-2021,Standard Class,CUST-00284,Myra,Sharma,SMB,Tier 1,East,Jharkhand,659325.0,Furniture,Furnishings,4762.13,1.0,0.15,611.86
ORD-003607,23-07-2020,24-07-2020,Second Class,CUST-00133,Arjun,Bose,Corporate,Tier 2,South,Telangana,468989.0,Electronics,Laptops,29485.02,3.0,0.2,3382.64
ORD-003608,25-06-2023,30-06-2023,Second Class,CUST-00179,Anika,Patel,Consumer,Tier 2,West,Maharashtra,211347.0,Furniture,Storage,23476.29,5.0,0.0,6180.71
ORD-003609,31-10-2023,03-11-2023,Standard Class,CUST-00308,Kavya,Nair,Consumer,Tier 2,West,Goa,136419.0,Furniture,Tables,14920.59,2.0,0.0,3646.52
ORD-003610,24-02-2019,02-03-2019,Second Class,CUST-00390,Isha,Chatterjee,Corporate,Tier 2,North,Delhi,813660.0,Furniture,Chairs,4321.23,1.0,0.05,501.27
ORD-003611,20-06-2020,21-06-2020,First Class,CUST-00426,Meera,Singh,SMB,Tier 1,South,Telangana,718267.0,Furniture,Tables,19993.39,4.0,0.0,4652.25
ORD-003612,20-03-2019,21-03-2019,Same Day,CUST-00572,Reyansh,Menon,Corporate,Tier 1,South,Andhra Pradesh,599532.0,Electronics,Laptops,35994.31,2.0,0.0,7399.13
ORD-003613,13-01-2019,17-01-2019,Standard Class,CUST-00432,Rohan,Das,SMB,Tier 1,South,Karnataka,456715.0,Electronics,Laptops,37784.22,3.0,0.2,8404.81
ORD-003614,14-01-2022,18-01-2022,Standard Class,CUST-00508,Anika,Patel,Corporate,Tier 1,West,Goa,676922.0,Electronics,Mobiles,9571.93,1.0,0.1,2846.36
ORD-003615,08-02-2020,13-02-2020,Standard Class,CUST-00022,Anika,Mukherjee,Consumer,Tier 1,West,Gujarat,148108.0,Furniture,Chairs,24078.83,4.0,0.3,5418.1
ORD-003616,20-06-2021,24-06-2021,Same Day,CUST-00365,Rohan,Verma,Corporate,Tier 1,South,Tamil Nadu,607645.0,Clothing,Kidswear,851.82,1.0,0.3,103.52
ORD-003617,01-10-2021,02-10-2021,Second Class,CUST-00173,Isha,Joshi,Corporate,Tier 2,East,Odisha,183768.0,Furniture,Tables,8936.71,1.0,0.5,922.83
ORD-003618,19-07-2023,21-07-2023,First Class,CUST-00577,Sai,Nair,Corporate,Tier 1,North,Uttar Pradesh,447796.0,Clothing,Kidswear,3572.38,5.0,0.1,697.45
ORD-003619,30-12-2021,04-01-2022,Standard Class,CUST-00410,Kavya,Verma,Consumer,Tier 1,South,Karnataka,533102.0,Grocery,Beverages,170.78,1.0,0.2,31.93
ORD-003620,09-03-2020,14-03-2020,Standard Class,CUST-00347,Aditya,Mukherjee,Corporate,Tier 1,East,West Bengal,406193.0,Clothing,Footwear,5781.03,5.0,0.5,300.92
ORD-003621,27-09-2021,30-09-2021,First Class,CUST-00269,Arjun,Joshi,SMB,Tier 2,North,Punjab,713262.0,Grocery,Household,985.03,4.0,0.0,180.67
ORD-003622,13-08-2023,16-08-2023,Same Day,CUST-00027,Rohan,Menon,Corporate,Tier 1,South,Karnataka,299734.0,Clothing,Kidswear,3612.02,2.0,0.5,524.7
ORD-003623,11-08-2020,15-08-2020,Same Day,CUST-00157,Saanvi,Gupta,Consumer,Tier 1,North,Rajasthan,521362.0,Furniture,Storage,3110.11,1.0,0.2,722.59
ORD-003624,04-10-2019,08-10-2019,Same Day,CUST-00121,Sai,Rao,SMB,Tier 1,North,Delhi,804481.0,Clothing,Kidswear,4831.48,4.0,0.2,642.55
ORD-003625,03-09-2022,10-09-2022,Second Class,CUST-00565,Meera,Iyer,Corporate,Village,North,Uttar Pradesh,631797.0,Electronics,Mobiles,29788.16,2.0,0.0,6772.57
ORD-003626,26-10-2021,02-11-2021,Second Class,CUST-00542,Diya,Bose,Consumer,Tier 2,North,Delhi,805905.0,Furniture,Storage,37160.54,5.0,0.0,11303.16
ORD-003627,14-04-2021,18-04-2021,Same Day,CUST-00482,Aadhya,Patel,Consumer,Tier 2,West,Maharashtra,856584.0,Furniture,Chairs,47712.84,5.0,0.1,9757.22
ORD-003628,11-06-2021,13-06-2021,Standard Class,CUST-00425,Aadhya,Rao,Corporate,Tier 2,North,Haryana,563303.0,Clothing,Menswear,6110.0,4.0,0.5,510.54
ORD-003629,27-12-2021,28-12-2021,Standard Class,CUST-00499,Reyansh,Bose,Corporate,Tier 2,East,West Bengal,198657.0,Clothing,Footwear,6796.43,5.0,0.2,363.93
ORD-003630,14-02-2021,19-02-2021,Second Class,CUST-00427,Saanvi,Mukherjee,SMB,Tier 1,East,Bihar,717412.0,Grocery,Staples,357.56,5.0,0.3,39.95
ORD-003631,11-10-2021,18-10-2021,Second Class,CUST-00387,Arjun,Mukherjee,Consumer,Village,South,Kerala,808671.0,Clothing,Footwear,450.72,1.0,0.15,115.86
ORD-003632,04-09-2022,06-09-2022,Second Class,CUST-00006,Diya,Mukherjee,SMB,Tier 2,South,Kerala,339941.0,Furniture,Tables,4898.49,2.0,0.0,817.25
ORD-003633,05-08-2021,10-08-2021,Standard Class,CUST-00521,Aadhya,Joshi,SMB,Tier 2,South,Andhra Pradesh,560947.0,Clothing,Footwear,1042.64,1.0,0.5,112.53
ORD-003634,10-07-2021,14-07-2021,Second Class,CUST-00259,Aarav,Singh,Consumer,Tier 2,West,Maharashtra,439312.0,Furniture,Storage,17904.29,3.0,0.15,1763.2
ORD-003635,21-07-2019,22-07-2019,First Class,CUST-00178,Aditya,Singh,SMB,Village,West,Gujarat,896239.0,Grocery,Household,220.82,1.0,0.15,24.08
ORD-003636,19-01-2019,21-01-2019,Same Day,CUST-00269,Arjun,Joshi,SMB,Tier 2,North,Punjab,566894.0,Furniture,Chairs,30608.08,5.0,0.3,5578.05
ORD-003637,22-02-2023,26-02-2023,First Class,CUST-00473,Aditya,Reddy,Consumer,Tier 1,North,Delhi,886823.0,Clothing,Womenswear,7440.89,4.0,0.5,949.97
ORD-003638,13-01-2023,18-01-2023,First Class,CUST-00164,Ananya,Joshi,SMB,Tier 2,South,Telangana,417486.0,Grocery,Staples,964.34,2.0,0.15,148.61
ORD-003639,24-01-2021,26-01-2021,Same Day,CUST-00499,Reyansh,Bose,Corporate,Tier 2,East,West Bengal,330049.0,Clothing,Footwear,5585.86,5.0,0.05,694.54
ORD-003640,01-01-2023,05-01-2023,Same Day,CUST-00529,Reyansh,Patel,Consumer,Village,West,Maharashtra,646117.0,Clothing,Womenswear,3709.5,3.0,0.15,561.27
ORD-003641,30-08-2022,31-08-2022,First Class,CUST-00257,Reyansh,Nair,Corporate,Tier 2,North,Rajasthan,163365.0,Furniture,Chairs,4510.01,1.0,0.5,221.24
ORD-003642,2021/03/03,04-03-2021,First Class,CUST-00137,Priya,Patel,SMB,Tier 1,East,Odisha,,Furniture,Chairs,11853.78,3.0,0.2,2110.14
ORD-003643,28-01-2020,30-01-2020,Same Day,CUST-00545,Ananya,Rao,Consumer,Tier 1,South,Kerala,717784.0,Grocery,Snacks,1393.53,4.0,0.1,381.37
ORD-003644,17-02-2020,23-02-2020,Standard Class,CUST-00319,Anika,Joshi,Consumer,Tier 1,West,Goa,419792.0,Grocery,Staples,917.84,2.0,0.0,222.54
ORD-003645,15-11-2022,19-11-2022,Same Day,CUST-00190,Sai,Mukherjee,Consumer,Tier 1,East,West Bengal,305944.0,Electronics,Mobiles,100774.42,5.0,0.2,13548.93
ORD-003646,02-12-2019,05-12-2019,Standard Class,CUST-00206,Diya,Patel,Corporate,Tier 2,South,Andhra Pradesh,246991.0,Furniture,Chairs,5853.38,1.0,0.0,1698.13
ORD-003647,12-09-2019,18-09-2019,Standard Class,CUST-00488,Priya,Verma,SMB,Tier 1,North,Delhi,717329.0,Grocery,Snacks,1450.61,4.0,0.15,343.18
ORD-003648,17-11-2022,22-11-2022,Standard Class,CUST-00166,Kavya,Verma,SMB,Tier 2,South,Tamil Nadu,123482.0,Clothing,Kidswear,797.19,1.0,0.3,165.38
ORD-003649,03-06-2022,06-06-2022,Second Class,CUST-00241,Kavya,Sharma,Consumer,Tier 1,West,Gujarat,164047.0,Furniture,Furnishings,5316.2,1.0,0.2,1500.66
ORD-003650,02-07-2023,06-07-2023,Standard Class,CUST-00312,Myra,Rao,Corporate,Tier 2,East,West Bengal,591792.0,Clothing,Womenswear,2663.11,4.0,0.15,332.61
ORD-003651,18-05-2021,23-05-2021,First Class,CUST-00263,Ishaan,Iyer,SMB,Tier 1,South,Tamil Nadu,494343.0,Clothing,Kidswear,780.21,1.0,0.15,133.21
ORD-003652,22-09-2021,25-09-2021,Second Class,CUST-00292,Saanvi,Bose,Corporate,Tier 2,South,Andhra Pradesh,524305.0,Grocery,Household,2853.69,5.0,0.0,135.07
ORD-003653,03-10-2021,04-10-2021,Same Day,CUST-00180,Ishaan,Rao,Consumer,Tier 2,North,Haryana,161169.0,Furniture,Storage,15161.39,3.0,0.0,2556.22
ORD-003654,07-11-2023,11-11-2023,Standard Class,CUST-00117,Isha,Nair,SMB,Village,West,Maharashtra,243010.0,Electronics,Laptops,38859.94,2.0,0.2,-499.04
ORD-003655,01-01-2023,07-01-2023,Same Day,CUST-00587,Vihaan,Sharma,Consumer,Tier 1,South,Karnataka,656762.0,Clothing,Kidswear,2762.84,3.0,0.15,30.89
ORD-003656,21-06-2020,28-06-2020,Standard Class,CUST-00267,Saanvi,Gupta,SMB,Tier 2,South,Karnataka,726385.0,Clothing,Kidswear,10605.6,5.0,0.2,466.89
ORD-003657,18-08-2020,23-08-2020,Second Class,CUST-00494,Rohan,Patel,Corporate,Tier 1,West,Madhya Pradesh,727450.0,Clothing,Footwear,1389.19,1.0,0.2,137.04
ORD-003658,21-04-2023,24-04-2023,Same Day,CUST-00512,Isha,Joshi,Consumer,Tier 1,West,Madhya Pradesh,209294.0,Clothing,Footwear,6286.47,4.0,0.2,423.33
ORD-003659,24-03-2023,29-03-2023,Standard Class,CUST-00323,Sai,Menon,SMB,Village,East,West Bengal,149622.0,Furniture,Furnishings,46574.92,5.0,0.15,14708.15
ORD-003660,21-07-2022,23-07-2022,Same Day,CUST-00320,Vivaan,Das,SMB,Village,North,Punjab,418270.0,Furniture,Chairs,20746.73,2.0,0.05,2051.04
ORD-003661,05-03-2019,07-03-2019,Standard Class,CUST-00212,Reyansh,Reddy,Corporate,Tier 1,North,Delhi,273800.0,Furniture,Chairs,10341.24,2.0,0.5,819.93
ORD-003662,18-10-2022,19-10-2022,First Class,CUST-00447,Rohan,Rao,Corporate,Tier 2,West,Madhya Pradesh,,Electronics,Cameras,18400.01,1.0,0.5,2367.84
ORD-003663,07-05-2023,12-05-2023,Same Day,CUST-00454,Priya,Patel,Corporate,Tier 1,West,Goa,585895.0,Grocery,Snacks,427.92,1.0,0.15,41.28
ORD-003664,2021/04/03,04-04-2021,Same Day,CUST-00230,Aadhya,Verma,SMB,Tier 1,North,Haryana,731002.0,Electronics,Mobiles,30002.33,2.0,0.15,6033.51
ORD-003665,01-08-2021,02-08-2021,Same Day,CUST-00221,Rohan,Reddy,Consumer,Tier 2,East,West Bengal,896170.0,Grocery,Snacks,1331.96,5.0,0.3,312.52
ORD-003666,15-03-2022,22-03-2022,Second Class,CUST-00339,Reyansh,Iyer,Consumer,Tier 1,North,Delhi,401687.0,Grocery,Household,2888.6,5.0,0.15,748.76
ORD-003667,18-01-2020,24-01-2020,Same Day,CUST-00035,Reyansh,Rao,Consumer,Tier 1,East,West Bengal,571558.0,Grocery,Household,2462.26,5.0,0.2,297.76
ORD-003668,11-07-2020,13-07-2020,First Class,CUST-00362,Reyansh,Verma,Corporate,Tier 1,West,Madhya Pradesh,364062.0,Electronics,Accessories,43003.3,2.0,0.0,5312.98
ORD-003669,27-01-2020,30-01-2020,Standard Class,CUST-00438,Aditya,Reddy,Consumer,Tier 2,South,Karnataka,446348.0,Electronics,Cameras,36611.92,4.0,0.05,5205.43
ORD-003670,08-06-2023,10-06-2023,Same Day,CUST-00410,Kavya,Verma,Consumer,Tier 1,South,Karnataka,591066.0,Furniture,Chairs,4028.13,1.0,0.05,550.36
ORD-003671,25-05-2021,26-05-2021,Same Day,CUST-00091,Aadhya,Nair,Corporate,Tier 1,South,Karnataka,163252.0,Grocery,Staples,3203.49,4.0,0.05,706.23
ORD-003672,21-12-2019,28-12-2019,Second Class,CUST-00365,Rohan,Verma,Corporate,Tier 1,South,Tamil Nadu,364195.0,Clothing,Kidswear,5743.21,4.0,0.0,1163.98
ORD-003673,02-04-2019,06-04-2019,,CUST-00210,Reyansh,Mukherjee,Consumer,Tier 1,East,Odisha,861494.0,Clothing,Womenswear,1551.72,1.0,0.2,295.94
ORD-003674,07-08-2021,12-08-2021,Same Day,CUST-00045,Reyansh,Verma,Corporate,Tier 2,East,West Bengal,342762.0,Electronics,Laptops,143812.7,5.0,0.1,27100.61
ORD-003675,01-09-2020,02-09-2020,Same Day,CUST-00420,Isha,Mukherjee,Consumer,Tier 1,West,Goa,489468.0,Grocery,Beverages,2239.5,4.0,0.0,407.5
ORD-003676,12-05-2022,18-05-2022,Same Day,CUST-00544,Vivaan,Mukherjee,Consumer,Tier 1,North,Rajasthan,250414.0,Furniture,Storage,7846.87,1.0,0.0,563.06
ORD-003677,24-06-2023,29-06-2023,Same Day,CUST-00052,Meera,Verma,SMB,Village,West,Madhya Pradesh,382996.0,Electronics,Laptops,62814.02,4.0,0.15,7866.87
ORD-003678,06-12-2019,09-12-2019,Second Class,CUST-00114,Aarav,Menon,SMB,Tier 2,South,Tamil Nadu,356468.0,Grocery,Beverages,795.8,4.0,0.05,166.67
ORD-003679,08-10-2023,10-10-2023,Second Class,CUST-00137,Priya,Patel,SMB,Tier 1,East,Odisha,730132.0,Grocery,Snacks,286.59,1.0,0.0,61.9
ORD-003680,01-07-2023,05-07-2023,Standard Class,CUST-00578,Priya,Nair,Corporate,Tier 1,West,Maharashtra,354172.0,Furniture,Chairs,18151.06,2.0,0.1,4907.52
ORD-003681,03-09-2023,10-09-2023,Same Day,CUST-00388,Reyansh,Sharma,Consumer,Tier 2,West,Goa,356442.0,Furniture,Chairs,37522.73,5.0,0.05,5217.11
ORD-003682,25-03-2021,28-03-2021,Same Day,CUST-00500,Priya,Joshi,Corporate,Tier 1,North,Haryana,157769.0,Grocery,Beverages,1351.8,5.0,0.05,202.55
ORD-003683,2023/02/11,16-02-2023,Same Day,CUST-00502,Anika,Sharma,Corporate,Tier 1,West,Goa,293279.0,Grocery,Beverages,1943.22,5.0,0.2,507.46
ORD-003684,28-05-2022,01-06-2022,Second Class,CUST-00172,Priya,Mukherjee,Corporate,Tier 2,West,Gujarat,201905.0,Furniture,Storage,32135.22,4.0,0.0,3568.77
ORD-003685,21-04-2020,26-04-2020,Same Day,CUST-00088,Ananya,Mukherjee,Corporate,Tier 2,West,Gujarat,191892.0,Electronics,Accessories,18957.88,2.0,0.3,2992.06
ORD-003686,03-02-2023,10-02-2023,Standard Class,CUST-00484,Krishna,Bose,SMB,Tier 2,West,Maharashtra,345323.0,Grocery,Staples,1567.04,4.0,0.05,197.4
ORD-003687,02-06-2020,08-06-2020,Same Day,CUST-00420,Isha,Mukherjee,Consumer,Tier 1,West,Goa,234757.0,Electronics,Mobiles,62463.46,5.0,0.3,9200.99
ORD-003688,19-12-2021,25-12-2021,Same Day,CUST-00483,Isha,Singh,Corporate,Tier 2,East,Jharkhand,734323.0,Furniture,Furnishings,16916.75,5.0,0.2,2229.69
ORD-003689,18-12-2019,23-12-2019,Second Class,CUST-00264,Diya,Mukherjee,SMB,Tier 2,East,Bihar,728038.0,Grocery,Household,3395.33,5.0,0.2,672.76
ORD-003690,30-01-2022,04-02-2022,First Class,CUST-00347,Aditya,Mukherjee,Corporate,Tier 1,East,West Bengal,683033.0,Clothing,Kidswear,2337.21,2.0,0.15,364.96
ORD-003691,21-08-2019,22-08-2019,Same Day,CUST-00010,Aadhya,Patel,Consumer,Tier 2,West,Gujarat,598825.0,Clothing,Womenswear,5080.34,4.0,0.05,1182.4
ORD-003692,24-10-2021,28-10-2021,Same Day,CUST-00384,Krishna,Gupta,SMB,Tier 2,East,Odisha,859830.0,Furniture,Chairs,23411.54,4.0,0.2,1375.68
ORD-003693,04-04-2023,06-04-2023,Standard Class,CUST-00107,Priya,Nair,SMB,Tier 1,South,Telangana,577723.0,Clothing,Womenswear,2139.38,2.0,0.1,34.71
ORD-003694,04-07-2022,06-07-2022,First Class,CUST-00566,Rohan,Singh,SMB,Village,North,Punjab,275160.0,Furniture,Chairs,7066.59,1.0,0.0,557.81
ORD-003695,31-01-2021,01-02-2021,Second Class,CUST-00056,Arjun,Verma,SMB,Tier 1,West,Maharashtra,394143.0,Grocery,Beverages,639.58,2.0,0.15,108.12
ORD-003696,30-12-2023,04-01-2024,First Class,CUST-00120,Arjun,Mukherjee,SMB,Village,West,Maharashtra,347426.0,Clothing,Kidswear,2947.87,5.0,0.2,315.8
ORD-003697,19-09-2022,22-09-2022,Standard Class,CUST-00275,Rohan,Singh,Corporate,Tier 1,East,Jharkhand,680681.0,Grocery,Beverages,311.3,1.0,0.5,20.93
ORD-003698,18-09-2022,20-09-2022,Second Class,CUST-00314,Diya,Nair,Consumer,Village,East,Jharkhand,671362.0,Electronics,Accessories,18557.6,3.0,0.3,1384.64
ORD-003699,27-02-2023,05-03-2023,Standard Class,CUST-00495,Saanvi,Gupta,Corporate,Tier 2,West,Madhya Pradesh,462377.0,Grocery,Staples,822.51,2.0,0.2,140.41
ORD-003700,09-06-2021,14-06-2021,Second Class,CUST-00273,Reyansh,Reddy,Consumer,Village,North,Delhi,233307.0,Clothing,Kidswear,3842.08,5.0,0.05,899.87
ORD-003701,19-02-2019,21-02-2019,Standard Class,CUST-00480,Kavya,Bose,Corporate,Tier 2,North,Rajasthan,359060.0,Electronics,Accessories,93458.48,4.0,0.0,24095.39
ORD-003702,05-07-2021,11-07-2021,Same Day,CUST-00073,Sai,Patel,Corporate,Tier 2,North,Punjab,156157.0,Grocery,Household,376.73,1.0,0.0,52.74
ORD-003703,22-09-2022,27-09-2022,First Class,CUST-00271,Vihaan,Reddy,SMB,Village,East,West Bengal,329553.0,Clothing,Womenswear,2946.41,3.0,0.2,243.81
ORD-003704,05-01-2021,09-01-2021,Standard Class,CUST-00023,Ishaan,Rao,Consumer,Tier 2,East,Bihar,226806.0,Electronics,Cameras,70545.45,3.0,0.5,11529.0
ORD-003705,13-12-2020,16-12-2020,Same Day,CUST-00456,Vivaan,Chatterjee,Corporate,Tier 2,North,Rajasthan,,Electronics,Mobiles,16618.59,2.0,0.1,2290.96
ORD-003706,27-12-2021,03-01-2022,First Class,CUST-00387,Arjun,Mukherjee,Consumer,Village,South,Kerala,126363.0,Grocery,Snacks,2413.53,4.0,0.3,106.45
ORD-003707,2019/11/02,08-11-2019,Same Day,CUST-00047,Priya,Joshi,SMB,Tier 2,North,Punjab,664314.0,Grocery,Staples,1536.09,3.0,0.0,288.8
ORD-003708,29-06-2023,03-07-2023,Second Class,CUST-00532,Sai,Menon,Consumer,Village,East,Bihar,378035.0,Clothing,Kidswear,4134.86,3.0,0.0,126.9
ORD-003709,01-10-2023,02-10-2023,Second Class,CUST-00429,Reyansh,Gupta,Corporate,Village,East,Jharkhand,681585.0,Furniture,Storage,20541.43,4.0,0.5,989.5
ORD-003710,15-08-2022,21-08-2022,First Class,CUST-00259,Aarav,Singh,Consumer,Tier 2,West,Maharashtra,662976.0,Furniture,Tables,10507.88,2.0,0.5,700.85
ORD-003711,20-06-2023,21-06-2023,Same Day,CUST-00281,Saanvi,Bose,Consumer,Tier 2,West,Madhya Pradesh,319195.0,Electronics,Mobiles,41727.89,2.0,0.3,5506.05
ORD-003712,2023/05/06,09-05-2023,Same Day,CUST-00206,Diya,Patel,Corporate,Tier 2,South,Andhra Pradesh,762390.0,Clothing,Footwear,2887.46,5.0,0.05,335.91
ORD-003713,16-06-2022,19-06-2022,Standard Class,CUST-00239,Myra,Menon,Corporate,Tier 2,East,Jharkhand,644770.0,Grocery,Staples,1770.58,5.0,0.1,186.57
ORD-003714,23-08-2021,26-08-2021,Second Class,CUST-00463,Diya,Das,Corporate,Tier 1,West,Madhya Pradesh,,Furniture,Tables,4319.16,1.0,0.2,394.68
ORD-003715,02-11-2020,09-11-2020,Same Day,CUST-00079,Ishaan,Das,Corporate,Tier 1,East,Jharkhand,360004.0,Grocery,Beverages,481.81,1.0,0.15,68.67
ORD-003716,11-06-2019,18-06-2019,Standard Class,CUST-00130,Aarav,Patel,SMB,Tier 1,South,Karnataka,691996.0,Clothing,Footwear,2259.54,2.0,0.3,396.45
ORD-003717,22-01-2021,23-01-2021,Second Class,CUST-00302,Sai,Nair,Consumer,Village,South,Kerala,268756.0,Clothing,Kidswear,2658.77,2.0,0.05,125.93
ORD-003718,22-02-2019,27-02-2019,Standard Class,CUST-00511,Myra,Mukherjee,SMB,Village,South,Andhra Pradesh,603917.0,Grocery,Beverages,1157.53,4.0,0.3,45.37
ORD-003719,26-10-2023,28-10-2023,Same Day,CUST-00481,Meera,Chatterjee,Consumer,Tier 1,West,Maharashtra,650969.0,Furniture,Storage,6458.53,5.0,0.2,1033.93
ORD-003720,27-06-2020,03-07-2020,Standard Class,CUST-00260,Isha,Joshi,Consumer,Tier 1,North,Punjab,571364.0,Grocery,Beverages,903.14,3.0,0.05,123.74
ORD-003721,2019/05/14,20-05-2019,First Class,CUST-00565,Meera,Iyer,Corporate,Village,North,Uttar Pradesh,636195.0,Grocery,Household,3063.66,5.0,0.3,194.38
ORD-003722,04-09-2020,09-09-2020,Standard Class,CUST-00260,Isha,Joshi,Consumer,Tier 1,North,Punjab,129075.0,Furniture,Chairs,33357.74,4.0,0.0,4267.56
ORD-003723,19-08-2019,23-08-2019,Same Day,CUST-00262,Kavya,Rao,SMB,Tier 1,South,Andhra Pradesh,344145.0,Electronics,Cameras,45466.92,3.0,0.5,2787.0
ORD-003724,27-05-2019,31-05-2019,Same Day,CUST-00230,Aadhya,Verma,SMB,Tier 1,North,Haryana,746549.0,Electronics,Accessories,56507.8,4.0,0.0,12740.58
ORD-003725,29-05-2022,04-06-2022,Second Class,CUST-00132,Rohan,Reddy,Corporate,Tier 1,West,Goa,419441.0,Grocery,Beverages,2847.53,5.0,0.0,236.45
ORD-003726,19-04-2022,24-04-2022,First Class,CUST-00426,Meera,Singh,SMB,Tier 1,South,Telangana,334821.0,Grocery,Staples,3132.47,5.0,0.0,952.39
ORD-003727,01-01-2022,02-01-2022,Same Day,CUST-00047,Priya,Joshi,SMB,Tier 2,North,Punjab,123842.0,Furniture,Furnishings,18855.28,4.0,0.0,1387.35
ORD-003728,28-05-2023,02-06-2023,Standard Class,CUST-00060,Arjun,Sharma,SMB,Tier 2,West,Maharashtra,759709.0,Clothing,Menswear,1833.96,4.0,0.05,381.36
ORD-003729,28-01-2019,03-02-2019,Same Day,CUST-00483,Isha,Singh,Corporate,Tier 2,East,Jharkhand,737235.0,Clothing,Kidswear,1999.64,3.0,0.2,293.36
ORD-003730,21-11-2021,23-11-2021,First Class,CUST-00380,Anika,Mukherjee,Corporate,Tier 1,North,Punjab,780108.0,Furniture,Chairs,14394.48,5.0,0.3,2646.5
ORD-003731,08-08-2023,10-08-2023,Second Class,CUST-00369,Sai,Patel,SMB,Tier 2,East,Odisha,340993.0,Electronics,Laptops,9555.26,1.0,0.1,790.2
ORD-003732,30-04-2019,01-05-2019,Same Day,CUST-00200,Ananya,Reddy,Corporate,Tier 1,East,Bihar,714252.0,Electronics,Accessories,5786.5,2.0,0.3,872.08
ORD-003733,27-06-2023,28-06-2023,Same Day,CUST-00400,Vihaan,Verma,SMB,Tier 1,West,Goa,134127.0,Furniture,Storage,34248.44,5.0,0.2,3861.43
ORD-003734,08-08-2022,13-08-2022,Second Class,CUST-00101,Ananya,Rao,Consumer,Tier 2,North,Delhi,653438.0,Furniture,Storage,7178.96,1.0,0.3,807.1
ORD-003735,13-01-2023,15-01-2023,First Class,CUST-00104,Diya,Mukherjee,Consumer,Tier 1,West,Maharashtra,803160.0,Electronics,Accessories,10438.26,3.0,0.0,629.68
ORD-003736,29-03-2021,04-04-2021,Standard Class,CUST-00202,Vihaan,Sharma,Consumer,Tier 2,North,Haryana,332412.0,Clothing,Footwear,1299.68,2.0,0.3,180.07
ORD-003737,12-11-2023,13-11-2023,First Class,CUST-00222,Diya,Singh,Consumer,Tier 2,South,Andhra Pradesh,764295.0,Clothing,Menswear,4742.01,5.0,0.15,632.24
ORD-003738,07-12-2019,08-12-2019,Same Day,CUST-00154,Aarav,Chatterjee,Corporate,Tier 1,South,Karnataka,,Furniture,Storage,22904.71,3.0,0.15,2277.85
ORD-003739,26-08-2022,01-09-2022,First Class,CUST-00367,Isha,Patel,Corporate,Village,South,Andhra Pradesh,125685.0,Electronics,Laptops,120773.16,5.0,0.5,1669.44
ORD-003740,29-01-2020,31-01-2020,First Class,CUST-00222,Diya,Singh,Consumer,Tier 2,South,Andhra Pradesh,176574.0,Grocery,Household,497.46,2.0,0.05,97.92
ORD-003741,19-03-2022,25-03-2022,Standard Class,CUST-00268,Myra,Sharma,Consumer,Tier 1,East,Jharkhand,645476.0,Electronics,Cameras,71806.95,4.0,0.05,18598.77
ORD-003742,24-05-2020,29-05-2020,First Class,CUST-00259,Aarav,Singh,Consumer,Tier 2,West,Maharashtra,425957.0,Furniture,Storage,20528.0,3.0,0.5,2336.79
ORD-003743,13-01-2021,18-01-2021,Same Day,CUST-00146,Reyansh,Gupta,Corporate,Tier 1,North,Delhi,323629.0,Clothing,Womenswear,3152.93,2.0,0.1,625.51
ORD-003744,31-12-2019,05-01-2020,Standard Class,CUST-00053,Aditya,Singh,Corporate,Tier 2,South,Karnataka,609543.0,Grocery,Snacks,1738.61,5.0,0.5,161.99
ORD-003745,04-04-2021,11-04-2021,Standard Class,CUST-00554,Aadhya,Mukherjee,Corporate,Tier 1,East,Bihar,671102.0,Clothing,Kidswear,8096.07,5.0,0.0,1675.87
ORD-003746,28-12-2021,01-01-2022,Standard Class,CUST-00341,Vihaan,Patel,SMB,Village,South,Karnataka,706435.0,Electronics,Cameras,11765.27,1.0,0.0,1591.89
ORD-003747,18-05-2019,24-05-2019,Standard Class,CUST-00290,Isha,Verma,Corporate,Tier 1,East,Jharkhand,321711.0,Clothing,Footwear,6798.96,4.0,0.05,1099.3
ORD-003748,03-05-2022,07-05-2022,Same Day,CUST-00321,Arjun,Rao,Corporate,Tier 1,North,Uttar Pradesh,473204.0,Furniture,Furnishings,10529.24,2.0,0.1,1545.37
ORD-003749,28-05-2022,01-06-2022,Standard Class,CUST-00530,Arjun,Bose,Corporate,Tier 2,North,Uttar Pradesh,190124.0,Electronics,Laptops,34138.87,5.0,0.05,6118.47
ORD-003750,09-08-2023,16-08-2023,Same Day,CUST-00293,Sai,Bose,Corporate,Tier 1,East,Jharkhand,414580.0,Furniture,Chairs,14119.12,2.0,0.2,1358.24
ORD-003751,08-03-2020,12-03-2020,Standard Class,CUST-00082,Arjun,Rao,Corporate,Tier 1,West,Gujarat,619956.0,Clothing,Womenswear,2612.23,2.0,0.5,287.1
ORD-003752,26-04-2023,01-05-2023,First Class,CUST-00229,Isha,Menon,SMB,Tier 1,East,Odisha,147857.0,Grocery,Household,734.45,1.0,0.0,177.26
ORD-003753,04-03-2020,09-03-2020,Standard Class,CUST-00345,Rohan,Sharma,Corporate,Tier 2,North,Rajasthan,779836.0,Furniture,Chairs,6358.68,1.0,0.3,1315.06
ORD-003754,10-01-2019,11-01-2019,Standard Class,CUST-00137,Priya,Patel,SMB,Tier 1,East,Odisha,145045.0,Furniture,Tables,3771.36,2.0,0.0,523.53
ORD-003755,18-02-2019,24-02-2019,Standard Class,CUST-00085,Saanvi,Mukherjee,SMB,Tier 2,West,Maharashtra,337785.0,Grocery,Beverages,1782.33,5.0,0.0,317.59
ORD-003756,03-07-2019,06-07-2019,Same Day,CUST-00103,Kavya,Chatterjee,Corporate,Village,South,Tamil Nadu,516386.0,Clothing,Womenswear,1817.93,1.0,0.0,388.12
ORD-003757,05-03-2022,07-03-2022,Same Day,CUST-00541,Vivaan,Reddy,Consumer,Tier 1,West,Madhya Pradesh,491770.0,Clothing,Womenswear,1456.63,1.0,0.15,45.51
ORD-003758,01-02-2020,02-02-2020,Same Day,CUST-00025,Reyansh,Sharma,Consumer,Tier 2,North,Uttar Pradesh,371366.0,Electronics,Accessories,51926.26,5.0,0.05,10909.16
ORD-003759,03-05-2021,09-05-2021,Standard Class,CUST-00282,Aadhya,Mukherjee,Consumer,Tier 1,West,Madhya Pradesh,470371.0,Grocery,Beverages,2267.86,5.0,0.3,208.14
ORD-003760,26-11-2021,27-11-2021,Standard Class,CUST-00174,Meera,Patel,SMB,Tier 2,North,Delhi,528486.0,Clothing,Kidswear,2378.86,2.0,0.5,224.25
ORD-003761,07-11-2020,10-11-2020,First Class,CUST-00476,Priya,Iyer,Consumer,Village,South,Andhra Pradesh,383373.0,Electronics,Mobiles,51354.35,5.0,0.0,-143.53
ORD-003762,21-05-2022,22-05-2022,Same Day,CUST-00311,Aarav,Chatterjee,SMB,Tier 2,West,Maharashtra,135515.0,Furniture,Chairs,7720.1,2.0,0.15,2068.36
ORD-003763,18-07-2022,25-07-2022,Second Class,CUST-00237,Vivaan,Das,Consumer,Tier 1,North,Rajasthan,115775.0,Grocery,Household,1220.27,4.0,0.05,268.68
ORD-003764,25-03-2023,01-04-2023,Same Day,CUST-00594,Krishna,Joshi,SMB,Tier 1,North,Delhi,181331.0,Furniture,Chairs,13276.59,2.0,0.15,3080.34
ORD-003765,05-11-2021,09-11-2021,Second Class,CUST-00183,Myra,Menon,Corporate,Tier 2,West,Maharashtra,834601.0,Electronics,Mobiles,55283.67,3.0,0.15,8558.07
ORD-003766,19-08-2019,23-08-2019,Same Day,CUST-00329,Vihaan,Singh,Consumer,Village,West,Gujarat,228769.0,Electronics,Laptops,14121.59,3.0,0.0,1818.46
ORD-003767,15-11-2022,18-11-2022,Second Class,CUST-00163,Priya,Sharma,SMB,Tier 1,South,Kerala,750849.0,Grocery,Staples,2023.69,4.0,0.0,589.46
ORD-003768,15-05-2020,16-05-2020,First Class,CUST-00301,Kavya,Menon,Consumer,Tier 1,North,Rajasthan,567010.0,Clothing,Footwear,3468.28,2.0,0.0,811.72
ORD-003769,20-11-2021,24-11-2021,First Class,CUST-00464,Aarav,Joshi,Corporate,Tier 1,East,Jharkhand,877581.0,Electronics,Accessories,20566.25,2.0,0.0,5128.45
ORD-003770,30-11-2020,07-12-2020,First Class,CUST-00290,Isha,Verma,Corporate,Tier 1,East,Jharkhand,216103.0,Furniture,Tables,7102.7,1.0,0.2,965.54
ORD-003771,10-07-2023,16-07-2023,Standard Class,CUST-00178,Aditya,Singh,SMB,Village,West,Gujarat,417480.0,Electronics,Laptops,41289.8,3.0,0.3,2639.94
ORD-003772,16-01-2020,22-01-2020,Same Day,CUST-00093,Myra,Nair,Corporate,Tier 2,East,Jharkhand,492640.0,Grocery,Household,342.12,1.0,0.1,20.38
ORD-003773,19-09-2023,22-09-2023,First Class,CUST-00552,Aadhya,Nair,Corporate,Tier 2,East,Bihar,466186.0,Furniture,Tables,11449.62,4.0,0.15,1560.38
ORD-003774,22-07-2019,23-07-2019,Second Class,CUST-00597,Ananya,Gupta,Corporate,Tier 2,South,Tamil Nadu,430032.0,Furniture,Furnishings,11554.86,2.0,0.1,3171.64
ORD-003775,05-11-2021,09-11-2021,Second Class,CUST-00118,Aditya,Sharma,Corporate,Tier 1,North,Uttar Pradesh,311357.0,Electronics,Laptops,35021.41,4.0,0.05,12095.18
ORD-003776,18-01-2023,25-01-2023,Second Class,CUST-00544,Vivaan,Mukherjee,Consumer,Tier 1,North,Rajasthan,182321.0,Furniture,Furnishings,11740.07,2.0,0.1,3551.88
ORD-003777,01-11-2023,06-11-2023,Standard Class,CUST-00434,Anika,Das,Consumer,Tier 1,North,Rajasthan,835173.0,Grocery,Household,1811.78,3.0,0.5,131.92
ORD-003778,27-03-2021,03-04-2021,Second Class,CUST-00440,Rohan,Das,SMB,Tier 1,North,Rajasthan,785625.0,Clothing,Womenswear,5015.45,4.0,0.5,473.56
ORD-003779,30-01-2023,02-02-2023,First Class,CUST-00424,Rohan,Bose,Consumer,Tier 1,East,Bihar,342747.0,Electronics,Mobiles,83472.6,5.0,0.1,12693.88
ORD-003780,27-01-2021,29-01-2021,Second Class,CUST-00234,Aditya,Verma,SMB,Tier 2,South,Telangana,745198.0,Electronics,Cameras,69275.86,5.0,0.2,10249.99
ORD-003781,12-09-2022,18-09-2022,Same Day,CUST-00334,Aditya,Nair,SMB,Tier 2,East,Bihar,355444.0,Grocery,Snacks,1250.43,3.0,0.3,227.28
ORD-003782,21-04-2021,26-04-2021,Same Day,CUST-00428,Myra,Patel,Corporate,Tier 2,North,Rajasthan,355707.0,Electronics,Cameras,33375.85,4.0,0.0,3751.05
ORD-003783,02-10-2019,06-10-2019,Standard Class,CUST-00061,Kavya,Menon,SMB,Tier 2,East,Odisha,,Furniture,Storage,9119.45,2.0,0.5,1040.22
ORD-003784,01-08-2021,08-08-2021,First Class,CUST-00519,Myra,Reddy,SMB,Tier 2,West,Gujarat,204409.0,Furniture,Chairs,6210.31,4.0,0.15,1774.92
ORD-003785,2019/01/18,24-01-2019,First Class,CUST-00392,Aditya,Singh,Corporate,Village,North,Delhi,260985.0,Grocery,Household,1911.47,3.0,0.1,380.79
ORD-003786,22-08-2022,23-08-2022,Second Class,CUST-00171,Ishaan,Nair,Consumer,Village,East,Bihar,459083.0,Furniture,Storage,30300.01,5.0,0.15,4123.02
ORD-003787,01-02-2022,06-02-2022,First Class,CUST-00122,Aarav,Mukherjee,Corporate,Tier 1,West,Madhya Pradesh,477673.0,Grocery,Beverages,1454.22,3.0,0.2,156.77
ORD-003788,24-04-2019,29-04-2019,First Class,CUST-00296,Aadhya,Menon,SMB,Tier 2,South,Telangana,301074.0,Grocery,Staples,961.34,3.0,0.3,120.22
ORD-003789,14-12-2022,16-12-2022,Second Class,CUST-00221,Rohan,Reddy,Consumer,Tier 2,East,West Bengal,228363.0,Furniture,Furnishings,4775.58,2.0,0.3,772.24
ORD-003790,28-09-2019,04-10-2019,Same Day,CUST-00157,Saanvi,Gupta,Consumer,Tier 1,North,Rajasthan,871073.0,Grocery,Staples,694.51,3.0,0.05,169.28
ORD-003791,06-10-2020,11-10-2020,Standard Class,CUST-00063,Ishaan,Verma,Corporate,Tier 1,West,Maharashtra,595460.0,Furniture,Tables,18755.8,3.0,0.2,2556.76
ORD-003792,17-03-2019,21-03-2019,Same Day,CUST-00017,Diya,Patel,Corporate,Tier 1,East,West Bengal,408674.0,Furniture,Tables,4228.92,1.0,0.2,546.4
ORD-003793,30-07-2022,02-08-2022,First Class,CUST-00486,Vihaan,Patel,SMB,Village,North,Uttar Pradesh,104000.0,Electronics,Mobiles,28595.96,2.0,0.1,3813.05
ORD-003794,19-01-2022,23-01-2022,Second Class,CUST-00528,Kavya,Patel,Corporate,Tier 2,North,Punjab,331980.0,Furniture,Storage,5165.91,1.0,0.5,539.35
ORD-003795,24-03-2023,31-03-2023,First Class,CUST-00257,Reyansh,Nair,Corporate,Tier 2,North,Rajasthan,331260.0,Clothing,Kidswear,6940.73,4.0,0.1,882.98
ORD-003796,28-10-2021,01-11-2021,Same Day,CUST-00010,Aadhya,Patel,Consumer,Tier 2,West,Gujarat,874424.0,Furniture,Storage,10088.44,3.0,0.0,1528.77
ORD-003797,30-05-2019,31-05-2019,Standard Class,CUST-00499,Reyansh,Bose,Corporate,Tier 2,East,West Bengal,748397.0,Clothing,Footwear,1299.05,1.0,0.0,112.69
ORD-003798,03-09-2020,08-09-2020,Second Class,CUST-00010,Aadhya,Patel,Consumer,Tier 2,West,Gujarat,183898.0,Electronics,Laptops,82481.68,5.0,0.0,10975.75
ORD-003799,19-03-2022,21-03-2022,Second Class,CUST-00128,Vihaan,Verma,SMB,Tier 2,East,Jharkhand,744352.0,Grocery,Household,1496.58,4.0,0.2,227.5
ORD-003800,02-04-2022,07-04-2022,,CUST-00202,Vihaan,Sharma,Consumer,Tier 2,North,Haryana,865600.0,Clothing,Footwear,2290.85,2.0,0.05,484.12
ORD-003801,10-05-2023,15-05-2023,Second Class,CUST-00278,Diya,Iyer,Consumer,Tier 1,West,Maharashtra,860623.0,Grocery,Staples,1825.09,4.0,0.1,150.6
ORD-003802,08-02-2022,09-02-2022,Standard Class,CUST-00377,Kavya,Das,Consumer,Village,North,Punjab,585327.0,Electronics,Accessories,5750.06,1.0,0.2,418.74
ORD-003803,03-06-2021,06-06-2021,First Class,CUST-00103,Kavya,Chatterjee,Corporate,Village,South,Tamil Nadu,733145.0,Clothing,Womenswear,2777.7,2.0,0.15,189.6
ORD-003804,20-11-2022,23-11-2022,Standard Class,CUST-00280,Priya,Bose,Corporate,Tier 1,East,Bihar,722872.0,Clothing,Footwear,735.13,3.0,0.05,54.78
ORD-003805,23-01-2020,30-01-2020,Standard Class,CUST-00005,Ananya,Patel,Corporate,Tier 1,North,Delhi,657889.0,Furniture,Tables,6086.32,1.0,0.1,987.98
ORD-003806,14-06-2021,16-06-2021,Second Class,CUST-00515,Sai,Rao,Corporate,Tier 1,East,West Bengal,487918.0,Furniture,Chairs,30045.87,4.0,0.05,3307.16
ORD-003807,13-01-2021,20-01-2021,First Class,CUST-00232,Vihaan,Verma,SMB,Tier 1,South,Karnataka,174661.0,Clothing,Footwear,4156.99,2.0,0.0,565.19
ORD-003808,01-12-2023,03-12-2023,Standard Class,CUST-00375,Isha,Bose,SMB,Tier 2,South,Karnataka,643054.0,Clothing,Womenswear,1002.51,1.0,0.3,70.8
ORD-003809,26-05-2019,31-05-2019,Standard Class,CUST-00413,Krishna,Iyer,SMB,Tier 2,North,Delhi,385288.0,Furniture,Storage,14390.08,5.0,0.5,994.92
ORD-003810,03-06-2021,04-06-2021,First Class,CUST-00026,Aadhya,Menon,Consumer,Tier 1,West,Goa,274946.0,Electronics,Mobiles,70417.25,3.0,0.15,5171.56
ORD-003811,02-06-2023,07-06-2023,Same Day,CUST-00254,Vihaan,Gupta,Corporate,Tier 1,West,Maharashtra,221812.0,Furniture,Storage,16359.9,2.0,0.05,3923.43
ORD-003812,13-02-2023,14-02-2023,Same Day,CUST-00132,Rohan,Reddy,Corporate,Tier 1,West,Goa,262488.0,Grocery,Beverages,2040.9,5.0,0.15,342.66
ORD-003813,27-09-2022,04-10-2022,Second Class,CUST-00370,Rohan,Gupta,Corporate,Tier 1,South,Tamil Nadu,465872.0,Grocery,Household,2367.92,4.0,0.3,520.63
ORD-003814,21-11-2023,28-11-2023,Standard Class,CUST-00285,Arjun,Joshi,Corporate,Tier 1,South,Tamil Nadu,372657.0,Grocery,Staples,1609.22,4.0,0.5,230.64
ORD-003815,13-04-2019,20-04-2019,First Class,CUST-00237,Vivaan,Das,Consumer,Tier 1,North,Rajasthan,236700.0,Clothing,Footwear,5051.13,5.0,0.15,475.26
ORD-003816,27-11-2022,03-12-2022,Same Day,CUST-00339,Reyansh,Iyer,Consumer,Tier 1,North,Delhi,810325.0,Furniture,Storage,19621.11,5.0,0.05,3369.39
ORD-003817,23-04-2023,27-04-2023,Second Class,CUST-00442,Krishna,Reddy,Corporate,Tier 1,South,Tamil Nadu,899926.0,Grocery,Household,403.55,2.0,0.3,74.6
ORD-003818,22-05-2020,24-05-2020,First Class,CUST-00232,Vihaan,Verma,SMB,Tier 1,South,Karnataka,515171.0,Furniture,Storage,19134.6,4.0,0.0,2009.28
ORD-003819,05-12-2023,07-12-2023,Second Class,CUST-00472,Myra,Das,SMB,Tier 1,East,Odisha,389924.0,Grocery,Snacks,226.56,1.0,0.2,59.25
ORD-003820,24-02-2019,01-03-2019,Same Day,CUST-00015,Priya,Iyer,SMB,Tier 2,North,Rajasthan,415375.0,Furniture,Furnishings,10164.43,2.0,0.05,1442.72
ORD-003821,19-11-2020,25-11-2020,Second Class,CUST-00227,Ananya,Patel,Corporate,Tier 1,South,Andhra Pradesh,870755.0,Clothing,Menswear,3687.86,4.0,0.0,657.84
ORD-003822,25-03-2020,01-04-2020,Standard Class,CUST-00275,Rohan,Singh,Corporate,Tier 1,East,Jharkhand,274495.0,Furniture,Storage,45818.26,4.0,0.05,9638.79
ORD-003823,02-12-2021,07-12-2021,First Class,CUST-00439,Saanvi,Menon,Consumer,Tier 2,North,Haryana,238865.0,Electronics,Mobiles,30823.5,2.0,0.0,1101.63
ORD-003824,22-06-2019,27-06-2019,Standard Class,CUST-00323,Sai,Menon,SMB,Village,East,West Bengal,777524.0,Electronics,Cameras,35694.08,2.0,0.5,2628.41
ORD-003825,08-03-2020,12-03-2020,Standard Class,CUST-00010,Aadhya,Patel,Consumer,Tier 2,West,Gujarat,471545.0,Electronics,Mobiles,72399.24,5.0,0.2,5976.68
ORD-003826,05-04-2020,07-04-2020,First Class,CUST-00276,Ishaan,Gupta,Consumer,Tier 2,North,Rajasthan,764630.0,Grocery,Beverages,321.16,1.0,0.5,27.34
ORD-003827,07-08-2019,08-08-2019,Standard Class,CUST-00017,Diya,Patel,Corporate,Tier 1,East,West Bengal,784629.0,Electronics,Laptops,34277.09,2.0,0.3,3187.64
ORD-003828,2021/11/09,14-11-2021,Same Day,CUST-00039,Ishaan,Gupta,Corporate,Village,East,Odisha,585498.0,Clothing,Footwear,1694.26,5.0,0.3,123.54
ORD-003829,17-06-2021,23-06-2021,First Class,CUST-00411,Sai,Bose,SMB,Village,North,Punjab,576356.0,Clothing,Menswear,6125.11,4.0,0.05,509.71
ORD-003830,07-06-2023,08-06-2023,Standard Class,CUST-00095,Vivaan,Nair,Consumer,Tier 2,East,West Bengal,435916.0,Electronics,Accessories,54418.2,2.0,0.0,6909.81
ORD-003831,24-06-2021,27-06-2021,First Class,CUST-00378,Aadhya,Reddy,Corporate,Tier 1,North,Haryana,771636.0,Electronics,Cameras,12005.59,1.0,0.05,1779.55
ORD-003832,07-03-2019,09-03-2019,Same Day,CUST-00496,Vivaan,Das,Consumer,Tier 2,East,Jharkhand,898827.0,Clothing,Footwear,1827.96,2.0,0.3,195.17
ORD-003833,30-06-2022,03-07-2022,Standard Class,CUST-00042,Kavya,Das,Corporate,Tier 1,West,Gujarat,109539.0,Grocery,Staples,475.2,1.0,0.3,20.78
ORD-003834,13-11-2022,18-11-2022,Second Class,CUST-00246,Aadhya,Rao,Corporate,Tier 2,South,Telangana,731773.0,Electronics,Accessories,8428.2,1.0,0.0,1578.9
ORD-003835,06-11-2020,13-11-2020,Same Day,CUST-00571,Myra,Chatterjee,Consumer,Tier 2,South,Telangana,297215.0,Clothing,Menswear,4786.03,4.0,0.2,978.47
ORD-003836,2021/10/12,14-10-2021,Same Day,CUST-00150,Anika,Menon,Consumer,Tier 1,North,Uttar Pradesh,395917.0,Clothing,Womenswear,1561.32,1.0,0.0,408.38
ORD-003837,11-10-2020,15-10-2020,Same Day,CUST-00484,Krishna,Bose,SMB,Tier 2,West,Maharashtra,710543.0,Electronics,Mobiles,30456.31,3.0,0.0,6993.41
ORD-003838,28-03-2023,02-04-2023,Same Day,CUST-00061,Kavya,Menon,SMB,Tier 2,East,Odisha,744719.0,Grocery,Snacks,588.3,1.0,0.1,90.4
ORD-003839,16-10-2020,23-10-2020,Standard Class,CUST-00490,Myra,Rao,SMB,Tier 1,South,Andhra Pradesh,235723.0,Furniture,Tables,23640.34,5.0,0.15,2963.82
ORD-003840,06-09-2022,08-09-2022,Second Class,CUST-00336,Aadhya,Nair,SMB,Tier 2,North,Haryana,476274.0,Electronics,Mobiles,58016.3,4.0,0.0,1502.26
ORD-003841,12-04-2022,14-04-2022,Second Class,CUST-00506,Meera,Sharma,Consumer,Tier 2,East,Jharkhand,108281.0,Electronics,Laptops,45171.53,2.0,0.0,9465.42
ORD-003842,01-05-2022,02-05-2022,Same Day,CUST-00068,Diya,Chatterjee,SMB,Tier 2,South,Telangana,347077.0,Furniture,Tables,5239.5,1.0,0.3,645.0
ORD-003843,24-06-2021,29-06-2021,Standard Class,CUST-00436,Ananya,Menon,SMB,Tier 1,North,Uttar Pradesh,314507.0,Electronics,Mobiles,76777.81,5.0,0.2,7363.11
ORD-003844,17-02-2023,23-02-2023,Same Day,CUST-00114,Aarav,Menon,SMB,Tier 2,South,Tamil Nadu,165526.0,Clothing,Womenswear,269.74,3.0,0.5,11.12
ORD-003845,16-08-2020,17-08-2020,Second Class,CUST-00517,Priya,Verma,SMB,Tier 1,South,Karnataka,854378.0,Grocery,Household,1221.66,5.0,0.0,306.4
ORD-003846,13-01-2019,16-01-2019,First Class,CUST-00572,Reyansh,Menon,Corporate,Tier 1,South,Andhra Pradesh,370843.0,Grocery,Staples,692.0,1.0,0.1,69.81
ORD-003847,2022/03/04,08-03-2022,Same Day,CUST-00533,Aarav,Bose,Consumer,Village,East,Odisha,268414.0,Clothing,Menswear,5702.42,5.0,0.05,756.45
ORD-003848,23-03-2020,25-03-2020,Standard Class,CUST-00447,Rohan,Rao,Corporate,Tier 2,West,Madhya Pradesh,126912.0,Clothing,Footwear,2809.12,4.0,0.5,360.47
ORD-003849,19-03-2023,23-03-2023,Second Class,CUST-00226,Saanvi,Das,SMB,Tier 1,North,Uttar Pradesh,887166.0,Grocery,Beverages,2159.8,4.0,0.3,-21.03
ORD-003850,18-12-2021,19-12-2021,Same Day,CUST-00164,Ananya,Joshi,SMB,Tier 2,South,Telangana,847800.0,Furniture,Tables,23897.09,4.0,0.15,2560.41
ORD-003851,18-07-2023,23-07-2023,First Class,CUST-00246,Aadhya,Rao,Corporate,Tier 2,South,Telangana,392754.0,Furniture,Furnishings,16304.93,2.0,0.1,5291.12
ORD-003852,15-05-2020,22-05-2020,Same Day,CUST-00125,Ishaan,Sharma,Corporate,Tier 2,North,Delhi,850280.0,Electronics,Mobiles,43349.9,4.0,0.3,5106.07
ORD-003853,23-12-2019,24-12-2019,Standard Class,CUST-00579,Rohan,Reddy,Corporate,Tier 2,South,Tamil Nadu,617776.0,Electronics,Laptops,46577.81,4.0,0.15,4365.51
ORD-003854,08-09-2020,10-09-2020,First Class,CUST-00069,Saanvi,Sharma,Corporate,Tier 2,North,Punjab,721776.0,Electronics,Accessories,21258.26,1.0,0.05,2773.81
ORD-003855,19-11-2021,21-11-2021,Standard Class,CUST-00350,Aarav,Das,SMB,Tier 1,West,Goa,662381.0,Furniture,Furnishings,16343.22,4.0,0.3,1747.81
ORD-003856,10-04-2020,11-04-2020,Standard Class,CUST-00008,Anika,Chatterjee,Consumer,Tier 1,South,Telangana,271158.0,Furniture,Chairs,37608.1,4.0,0.5,369.2
ORD-003857,10-07-2023,13-07-2023,Same Day,CUST-00163,Priya,Sharma,SMB,Tier 1,South,Kerala,824010.0,Electronics,Laptops,33262.7,4.0,0.1,3430.21
ORD-003858,14-06-2019,17-06-2019,Second Class,CUST-00062,Vihaan,Sharma,SMB,Tier 1,North,Uttar Pradesh,811736.0,Furniture,Tables,14977.99,3.0,0.2,1696.18
ORD-003859,29-07-2019,05-08-2019,First Class,CUST-00123,Sai,Mukherjee,Consumer,Village,North,Uttar Pradesh,590641.0,Furniture,Chairs,40228.55,5.0,0.2,7348.01
ORD-003860,10-01-2023,11-01-2023,First Class,CUST-00269,Arjun,Joshi,SMB,Tier 2,North,Punjab,360885.0,Furniture,Chairs,36947.87,5.0,0.5,1020.39
ORD-003861,29-09-2021,03-10-2021,Same Day,CUST-00498,Ananya,Chatterjee,Consumer,Tier 1,West,Maharashtra,245519.0,Clothing,Womenswear,1678.66,1.0,0.15,401.84
ORD-003862,16-09-2022,23-09-2022,Standard Class,CUST-00334,Aditya,Nair,SMB,Tier 2,East,Bihar,741793.0,Clothing,Footwear,2543.25,3.0,0.05,479.62
ORD-003863,19-07-2020,20-07-2020,First Class,CUST-00020,Diya,Chatterjee,Consumer,Tier 1,East,West Bengal,490151.0,Clothing,Menswear,3391.42,3.0,0.1,740.57
ORD-003864,21-07-2019,22-07-2019,Standard Class,CUST-00301,Kavya,Menon,Consumer,Tier 1,North,Rajasthan,684837.0,Electronics,Accessories,10263.54,1.0,0.0,1922.71
ORD-003865,17-09-2020,24-09-2020,Same Day,CUST-00430,Isha,Menon,Corporate,Tier 2,East,Odisha,864652.0,Clothing,Kidswear,5090.19,4.0,0.0,981.17
ORD-003866,23-06-2021,25-06-2021,First Class,CUST-00433,Krishna,Rao,Consumer,Tier 1,East,West Bengal,377918.0,Furniture,Tables,29488.14,4.0,0.2,4395.04
ORD-003867,17-10-2023,20-10-2023,Second Class,CUST-00043,Ananya,Singh,SMB,Tier 2,South,Tamil Nadu,436581.0,Grocery,Staples,514.71,2.0,0.3,80.32
ORD-003868,23-06-2022,29-06-2022,First Class,CUST-00358,Anika,Menon,Consumer,Tier 1,West,Maharashtra,827641.0,Electronics,Cameras,99686.88,4.0,0.15,7023.42
ORD-003869,07-12-2022,10-12-2022,Standard Class,CUST-00110,Diya,Gupta,SMB,Tier 1,East,Odisha,342849.0,Electronics,Mobiles,21277.01,2.0,0.0,6160.38
ORD-003870,10-09-2022,14-09-2022,Same Day,CUST-00173,Isha,Joshi,Corporate,Tier 2,East,Odisha,597710.0,Clothing,Menswear,7392.41,5.0,0.0,580.0
ORD-003871,07-09-2022,14-09-2022,Standard Class,CUST-00550,Rohan,Joshi,Corporate,Tier 1,West,Gujarat,867951.0,Clothing,Footwear,4332.17,3.0,0.5,525.73
ORD-003872,24-02-2019,25-02-2019,First Class,CUST-00118,Aditya,Sharma,Corporate,Tier 1,North,Uttar Pradesh,619261.0,Furniture,Furnishings,2454.68,2.0,0.15,384.2
ORD-003873,04-06-2022,08-06-2022,First Class,CUST-00531,Krishna,Bose,SMB,Tier 1,North,Uttar Pradesh,569628.0,Electronics,Mobiles,37073.09,2.0,0.2,7845.64
ORD-003874,19-05-2021,25-05-2021,Standard Class,CUST-00435,Sai,Iyer,Corporate,Village,South,Tamil Nadu,507275.0,Grocery,Snacks,2094.57,5.0,0.2,334.34
ORD-003875,06-06-2019,13-06-2019,Second Class,CUST-00355,Vivaan,Iyer,Corporate,Tier 1,West,Maharashtra,277450.0,Clothing,Footwear,6414.17,4.0,0.0,1549.0
ORD-003876,09-07-2019,11-07-2019,First Class,CUST-00056,Arjun,Verma,SMB,Tier 1,West,Maharashtra,164902.0,Grocery,Snacks,1034.31,5.0,0.15,60.82
ORD-003877,29-10-2019,02-11-2019,Second Class,CUST-00148,Sai,Singh,Consumer,Tier 2,East,Odisha,766030.0,Electronics,Accessories,31744.98,2.0,0.1,3355.02
ORD-003878,10-05-2019,11-05-2019,Second Class,CUST-00214,Ananya,Sharma,Consumer,Tier 2,South,Telangana,686092.0,Furniture,Storage,3375.49,1.0,0.3,396.14
ORD-003879,02-10-2023,06-10-2023,First Class,CUST-00362,Reyansh,Verma,Corporate,Tier 1,West,Madhya Pradesh,824230.0,Grocery,Staples,1274.27,3.0,0.05,257.89
ORD-003880,17-07-2019,23-07-2019,Same Day,CUST-00241,Kavya,Sharma,Consumer,Tier 1,West,Gujarat,360207.0,Furniture,Tables,1776.45,2.0,0.2,180.06
ORD-003881,21-11-2019,22-11-2019,Second Class,CUST-00531,Krishna,Bose,SMB,Tier 1,North,Uttar Pradesh,297073.0,Furniture,Chairs,35301.39,5.0,0.15,1927.37
ORD-003882,18-07-2023,25-07-2023,Same Day,CUST-00259,Aarav,Singh,Consumer,Tier 2,West,Maharashtra,347664.0,Clothing,Menswear,3042.0,2.0,0.0,557.55
ORD-003883,01-07-2022,06-07-2022,First Class,CUST-00373,Myra,Chatterjee,Corporate,Village,South,Telangana,721217.0,Grocery,Snacks,1345.12,5.0,0.0,190.46
ORD-003884,16-07-2021,18-07-2021,Same Day,CUST-00193,Vihaan,Bose,SMB,Tier 1,East,Bihar,302093.0,Grocery,Staples,2139.68,4.0,0.2,258.27
ORD-003885,13-04-2022,16-04-2022,Second Class,CUST-00462,Myra,Chatterjee,SMB,Tier 1,West,Maharashtra,751264.0,Clothing,Kidswear,6288.8,4.0,0.1,1661.48
ORD-003886,27-01-2021,28-01-2021,Standard Class,CUST-00312,Myra,Rao,Corporate,Tier 2,East,West Bengal,823552.0,Electronics,Accessories,25435.87,2.0,0.05,3250.56
ORD-003887,07-01-2022,10-01-2022,Second Class,CUST-00276,Ishaan,Gupta,Consumer,Tier 2,North,Rajasthan,319547.0,Electronics,Cameras,24531.34,4.0,0.0,3420.22
ORD-003888,26-07-2019,29-07-2019,Same Day,CUST-00217,Aadhya,Nair,Consumer,Tier 2,West,Gujarat,637103.0,Grocery,Beverages,2272.03,5.0,0.1,174.88
ORD-003889,25-04-2022,29-04-2022,First Class,CUST-00190,Sai,Mukherjee,Consumer,Tier 1,East,West Bengal,458156.0,Electronics,Mobiles,87619.97,3.0,0.0,24017.83
ORD-003890,16-05-2022,18-05-2022,Second Class,CUST-00221,Rohan,Reddy,Consumer,Tier 2,East,West Bengal,618844.0,Furniture,Chairs,14284.35,2.0,0.1,2111.29
ORD-003891,20-06-2021,27-06-2021,Second Class,CUST-00557,Ishaan,Reddy,Corporate,Village,West,Goa,190812.0,Grocery,Beverages,1335.09,5.0,0.15,327.5
ORD-003892,03-12-2022,08-12-2022,Second Class,CUST-00555,Vihaan,Sharma,SMB,Tier 1,North,Haryana,319282.0,Clothing,Womenswear,7506.18,4.0,0.1,759.13
ORD-003893,30-06-2020,03-07-2020,First Class,CUST-00133,Arjun,Bose,Corporate,Tier 2,South,Telangana,486152.0,Furniture,Tables,5266.64,1.0,0.1,820.84
ORD-003894,28-06-2020,29-06-2020,First Class,CUST-00424,Rohan,Bose,Consumer,Tier 1,East,Bihar,700190.0,Furniture,Tables,10214.84,1.0,0.1,-126.82
ORD-003895,25-08-2019,27-08-2019,Standard Class,CUST-00424,Rohan,Bose,Consumer,Tier 1,East,Bihar,550034.0,Electronics,Mobiles,24084.35,4.0,0.0,2726.87
ORD-003896,09-11-2019,15-11-2019,First Class,CUST-00052,Meera,Verma,SMB,Village,West,Madhya Pradesh,347336.0,Grocery,Snacks,1520.75,3.0,0.05,361.07
ORD-003897,21-12-2021,22-12-2021,Same Day,CUST-00097,Priya,Verma,Corporate,Village,East,Bihar,500224.0,Electronics,Accessories,44993.5,3.0,0.15,5295.33
ORD-003898,03-12-2023,07-12-2023,Same Day,CUST-00421,Aadhya,Bose,SMB,Tier 2,North,Rajasthan,606241.0,Clothing,Kidswear,2302.28,5.0,0.3,75.13
ORD-003899,13-07-2022,18-07-2022,Second Class,CUST-00243,Vihaan,Menon,Corporate,Tier 1,North,Punjab,866100.0,Clothing,Kidswear,7583.81,4.0,0.5,1045.71
ORD-003900,15-09-2019,19-09-2019,First Class,CUST-00531,Krishna,Bose,SMB,Tier 1,North,Uttar Pradesh,240626.0,Furniture,Chairs,27283.2,5.0,0.0,8671.04
ORD-003901,24-12-2020,26-12-2020,First Class,CUST-00142,Isha,Reddy,SMB,Tier 1,South,Telangana,355284.0,Electronics,Mobiles,67307.03,3.0,0.3,13490.89
ORD-003902,11-07-2023,15-07-2023,Second Class,CUST-00152,Meera,Patel,Consumer,Tier 2,West,Goa,843671.0,Clothing,Footwear,2624.58,2.0,0.0,573.69
ORD-003903,22-08-2023,28-08-2023,Standard Class,CUST-00080,Krishna,Bose,Corporate,Village,East,Jharkhand,587423.0,Grocery,Snacks,776.17,2.0,0.0,32.73
ORD-003904,06-04-2023,08-04-2023,First Class,CUST-00579,Rohan,Reddy,Corporate,Tier 2,South,Tamil Nadu,645386.0,Grocery,Household,445.27,1.0,0.15,62.72
ORD-003905,04-04-2019,07-04-2019,Same Day,CUST-00517,Priya,Verma,SMB,Tier 1,South,Karnataka,712803.0,Electronics,Mobiles,49776.26,3.0,0.0,9885.54
ORD-003906,30-04-2022,07-05-2022,Standard Class,CUST-00111,Isha,Bose,Consumer,Tier 1,East,Jharkhand,115979.0,Clothing,Menswear,2223.76,2.0,0.1,740.23
ORD-003907,22-01-2020,29-01-2020,Same Day,CUST-00553,Priya,Chatterjee,Corporate,Tier 1,West,Maharashtra,111439.0,Furniture,Tables,11070.78,2.0,0.2,1086.33
ORD-003908,10-10-2022,14-10-2022,Same Day,CUST-00524,Rohan,Bose,SMB,Tier 1,East,Odisha,863227.0,Grocery,Household,391.26,1.0,0.15,49.91
ORD-003909,30-08-2021,06-09-2021,Standard Class,CUST-00514,Kavya,Bose,Corporate,Tier 2,North,Punjab,487246.0,Furniture,Storage,841.81,1.0,0.0,139.83
ORD-003910,28-11-2023,05-12-2023,Second Class,CUST-00419,Priya,Nair,Consumer,Tier 1,East,West Bengal,731157.0,Clothing,Menswear,808.27,1.0,0.5,70.11
ORD-003911,07-04-2022,13-04-2022,Standard Class,CUST-00232,Vihaan,Verma,SMB,Tier 1,South,Karnataka,159014.0,Furniture,Furnishings,2078.54,1.0,0.1,200.63
ORD-003912,01-11-2023,08-11-2023,Same Day,CUST-00019,Vivaan,Chatterjee,Corporate,Tier 2,East,Bihar,390732.0,Clothing,Footwear,9069.42,5.0,0.1,2518.05
ORD-003913,15-01-2022,21-01-2022,First Class,CUST-00064,Krishna,Verma,Corporate,Village,East,Bihar,323897.0,Furniture,Tables,7142.92,1.0,0.3,905.52
ORD-003914,07-05-2021,09-05-2021,First Class,CUST-00219,Reyansh,Iyer,Consumer,Tier 1,West,Maharashtra,399596.0,Grocery,Snacks,1370.11,4.0,0.0,250.58
ORD-003915,10-12-2022,13-12-2022,First Class,CUST-00199,Diya,Nair,SMB,Tier 2,West,Gujarat,821824.0,Furniture,Furnishings,17520.21,4.0,0.05,8757.41
ORD-003916,15-02-2022,18-02-2022,Same Day,CUST-00302,Sai,Nair,Consumer,Village,South,Kerala,806224.0,Electronics,Mobiles,18905.25,1.0,0.0,2952.99
ORD-003917,23-09-2019,29-09-2019,Second Class,CUST-00519,Myra,Reddy,SMB,Tier 2,West,Gujarat,263993.0,Electronics,Laptops,5250.53,2.0,0.15,1221.89
ORD-003918,10-06-2022,14-06-2022,Same Day,CUST-00317,Priya,Verma,Consumer,Tier 1,South,Telangana,514338.0,Electronics,Cameras,4766.71,1.0,0.05,317.19
ORD-003919,03-02-2022,06-02-2022,Standard Class,CUST-00369,Sai,Patel,SMB,Tier 2,East,Odisha,528154.0,Furniture,Chairs,42402.95,5.0,0.0,6835.64
ORD-003920,11-05-2023,12-05-2023,Second Class,CUST-00367,Isha,Patel,Corporate,Village,South,Andhra Pradesh,816750.0,Clothing,Womenswear,3717.91,2.0,0.0,909.45
ORD-003921,14-07-2022,19-07-2022,Second Class,CUST-00169,Reyansh,Iyer,Consumer,Tier 1,North,Uttar Pradesh,514447.0,Furniture,Tables,3105.05,1.0,0.2,288.01
ORD-003922,22-11-2020,24-11-2020,Second Class,CUST-00524,Rohan,Bose,SMB,Tier 1,East,Odisha,291980.0,Clothing,Kidswear,4395.18,5.0,0.3,562.15
ORD-003923,17-04-2022,21-04-2022,Second Class,CUST-00386,Ishaan,Verma,Corporate,Tier 2,North,Delhi,340015.0,Clothing,Footwear,2679.64,3.0,0.1,268.7
ORD-003924,13-10-2021,17-10-2021,,CUST-00324,Meera,Sharma,Corporate,Tier 2,North,Delhi,194513.0,Grocery,Household,537.85,2.0,0.3,75.72
ORD-003925,08-08-2020,13-08-2020,First Class,CUST-00400,Vihaan,Verma,SMB,Tier 1,West,Goa,156414.0,Grocery,Staples,402.96,1.0,0.0,121.44
ORD-003926,13-08-2019,18-08-2019,Second Class,CUST-00490,Myra,Rao,SMB,Tier 1,South,Andhra Pradesh,,Electronics,Cameras,18105.65,1.0,0.2,2028.21
ORD-003927,24-09-2021,30-09-2021,Same Day,CUST-00116,Kavya,Das,Consumer,Village,South,Andhra Pradesh,729435.0,Electronics,Accessories,43999.75,2.0,0.5,5658.32
ORD-003928,12-05-2023,13-05-2023,Standard Class,CUST-00114,Aarav,Menon,SMB,Tier 2,South,Tamil Nadu,894707.0,Grocery,Staples,1721.51,3.0,0.1,330.92
ORD-003929,14-03-2019,19-03-2019,Second Class,CUST-00422,Aditya,Singh,Corporate,Tier 1,North,Haryana,702325.0,Grocery,Beverages,2023.13,4.0,0.05,18.42
ORD-003930,16-11-2023,19-11-2023,Same Day,CUST-00379,Diya,Chatterjee,SMB,Tier 1,South,Andhra Pradesh,798241.0,Furniture,Chairs,23122.36,5.0,0.3,3073.36
ORD-003931,2021/07/30,03-08-2021,Standard Class,CUST-00535,Isha,Mukherjee,Consumer,Village,South,Andhra Pradesh,343693.0,Furniture,Tables,30462.13,5.0,0.05,5591.97
ORD-003932,13-02-2019,15-02-2019,Standard Class,CUST-00584,Myra,Chatterjee,SMB,Village,East,Bihar,823666.0,Furniture,Furnishings,4104.76,1.0,0.2,1207.8
ORD-003933,30-07-2022,03-08-2022,Same Day,CUST-00412,Ananya,Joshi,SMB,Tier 1,North,Punjab,895982.0,Furniture,Storage,10585.47,5.0,0.0,2167.03
ORD-003934,13-02-2020,16-02-2020,First Class,CUST-00230,Aadhya,Verma,SMB,Tier 1,North,Haryana,352841.0,Clothing,Kidswear,6570.01,4.0,0.15,1208.14
ORD-003935,26-02-2022,05-03-2022,Second Class,CUST-00151,Ananya,Gupta,Corporate,Tier 2,West,Maharashtra,354789.0,Furniture,Tables,30562.06,4.0,0.5,3578.12
ORD-003936,31-07-2023,07-08-2023,Standard Class,CUST-00596,Arjun,Patel,Consumer,Tier 1,East,Bihar,367639.0,Clothing,Kidswear,6172.29,5.0,0.2,748.59
ORD-003937,26-04-2023,27-04-2023,Same Day,CUST-00005,Ananya,Patel,Corporate,Tier 1,North,Delhi,202130.0,Grocery,Staples,860.93,2.0,0.15,147.36
ORD-003938,08-03-2023,12-03-2023,Same Day,CUST-00370,Rohan,Gupta,Corporate,Tier 1,South,Tamil Nadu,850204.0,Electronics,Accessories,10417.3,3.0,0.5,815.81
ORD-003939,27-04-2023,29-04-2023,Standard Class,CUST-00440,Rohan,Das,SMB,Tier 1,North,Rajasthan,728671.0,Furniture,Furnishings,30865.39,5.0,0.05,6177.44
ORD-003940,11-04-2019,17-04-2019,Same Day,CUST-00352,Rohan,Singh,Consumer,Tier 2,South,Tamil Nadu,664407.0,Grocery,Snacks,1193.6,3.0,0.5,83.52
ORD-003941,02-12-2023,04-12-2023,Same Day,CUST-00256,Meera,Iyer,Consumer,Village,South,Kerala,466958.0,Grocery,Beverages,703.2,2.0,0.05,103.57
ORD-003942,22-10-2020,25-10-2020,Second Class,CUST-00162,Saanvi,Das,Corporate,Tier 2,South,Kerala,243635.0,Grocery,Staples,448.1,1.0,0.5,54.42
ORD-003943,08-09-2021,13-09-2021,Same Day,CUST-00145,Aadhya,Singh,Consumer,Tier 2,West,Maharashtra,568287.0,Furniture,Chairs,5505.21,1.0,0.0,1117.88
ORD-003944,06-12-2023,11-12-2023,Second Class,CUST-00422,Aditya,Singh,Corporate,Tier 1,North,Haryana,883177.0,Clothing,Footwear,4532.06,4.0,0.5,368.58
ORD-003945,23-04-2023,27-04-2023,Same Day,CUST-00065,Ananya,Nair,SMB,Tier 2,West,Gujarat,698101.0,Clothing,Kidswear,2343.17,2.0,0.05,597.98
ORD-003946,08-11-2021,14-11-2021,Same Day,CUST-00235,Vihaan,Nair,SMB,Tier 1,North,Haryana,446512.0,Furniture,Chairs,23925.8,3.0,0.3,2633.41
ORD-003947,10-11-2023,13-11-2023,Standard Class,CUST-00346,Priya,Rao,Consumer,Tier 2,South,Telangana,526610.0,Clothing,Kidswear,1288.04,1.0,0.2,218.81
ORD-003948,28-04-2021,01-05-2021,Second Class,CUST-00237,Vivaan,Das,Consumer,Tier 1,North,Rajasthan,602981.0,Electronics,Mobiles,11532.67,3.0,0.3,1962.66
ORD-003949,26-12-2023,30-12-2023,Standard Class,CUST-00485,Sai,Menon,Consumer,Tier 2,East,Jharkhand,857893.0,Furniture,Tables,5887.71,1.0,0.0,627.6
ORD-003950,13-01-2023,20-01-2023,Second Class,CUST-00470,Myra,Patel,Corporate,Tier 1,North,Punjab,888264.0,Furniture,Chairs,16058.79,2.0,0.15,2884.94
ORD-003951,02-05-2021,07-05-2021,Standard Class,CUST-00070,Saanvi,Patel,Consumer,Tier 2,South,Telangana,730464.0,Furniture,Chairs,22411.63,5.0,0.1,3169.54
ORD-003952,31-12-2021,01-01-2022,Same Day,CUST-00114,Aarav,Menon,SMB,Tier 2,South,Tamil Nadu,779180.0,Clothing,Menswear,2818.74,4.0,0.15,393.75
ORD-003953,10-05-2023,14-05-2023,First Class,CUST-00058,Vihaan,Bose,SMB,Tier 2,South,Andhra Pradesh,105734.0,Clothing,Kidswear,3953.02,2.0,0.5,318.95
ORD-003954,24-02-2021,25-02-2021,Same Day,CUST-00425,Aadhya,Rao,Corporate,Tier 2,North,Haryana,329427.0,Electronics,Accessories,11323.71,1.0,0.0,1343.12
ORD-003955,30-09-2020,02-10-2020,Second Class,CUST-00136,Rohan,Bose,Consumer,Tier 1,West,Gujarat,842391.0,Electronics,Laptops,79107.54,4.0,0.5,3725.22
ORD-003956,27-05-2022,30-05-2022,Standard Class,CUST-00136,Rohan,Bose,Consumer,Tier 1,West,Gujarat,471341.0,Clothing,Kidswear,1507.56,1.0,0.5,132.93
ORD-003957,14-09-2020,17-09-2020,First Class,CUST-00236,Diya,Gupta,Corporate,Tier 1,West,Madhya Pradesh,117619.0,Furniture,Storage,3835.11,1.0,0.2,719.83
ORD-003958,19-08-2020,22-08-2020,Second Class,CUST-00491,Arjun,Chatterjee,Consumer,Tier 2,South,Tamil Nadu,762485.0,Electronics,Cameras,51052.28,4.0,0.0,8761.84
ORD-003959,31-10-2021,01-11-2021,Same Day,CUST-00085,Saanvi,Mukherjee,SMB,Tier 2,West,Maharashtra,563987.0,Furniture,Storage,6104.52,1.0,0.1,1443.03
ORD-003960,09-02-2023,15-02-2023,First Class,CUST-00389,Ishaan,Menon,Corporate,Tier 1,North,Uttar Pradesh,609423.0,Clothing,Footwear,1609.4,3.0,0.15,300.96
ORD-003961,14-06-2023,17-06-2023,First Class,CUST-00407,Myra,Singh,Corporate,Tier 1,South,Andhra Pradesh,818123.0,Furniture,Furnishings,1141.18,1.0,0.5,104.19
ORD-003962,21-04-2023,23-04-2023,First Class,CUST-00531,Krishna,Bose,SMB,Tier 1,North,Uttar Pradesh,210901.0,Clothing,Footwear,3727.03,5.0,0.2,533.12
ORD-003963,22-12-2020,24-12-2020,First Class,CUST-00529,Reyansh,Patel,Consumer,Village,West,Maharashtra,235749.0,Grocery,Household,641.72,3.0,0.3,132.94
ORD-003964,26-06-2023,02-07-2023,Same Day,CUST-00551,Aadhya,Sharma,Consumer,Tier 1,South,Telangana,700939.0,Clothing,Footwear,2617.29,2.0,0.2,549.05
ORD-003965,17-01-2023,19-01-2023,Second Class,CUST-00465,Aditya,Gupta,Corporate,Tier 1,East,West Bengal,707663.0,Grocery,Beverages,1958.08,4.0,0.5,196.49
ORD-003966,06-01-2023,11-01-2023,Standard Class,CUST-00062,Vihaan,Sharma,SMB,Tier 1,North,Uttar Pradesh,667241.0,Furniture,Chairs,34164.71,5.0,0.5,3182.78
ORD-003967,01-10-2019,04-10-2019,Second Class,CUST-00533,Aarav,Bose,Consumer,Village,East,Odisha,348904.0,Electronics,Cameras,90725.42,4.0,0.05,19359.32
ORD-003968,18-07-2020,21-07-2020,Second Class,CUST-00586,Ishaan,Das,Consumer,Village,West,Gujarat,588934.0,Clothing,Footwear,1650.19,5.0,0.0,17.09
ORD-003969,23-03-2020,29-03-2020,Second Class,CUST-00325,Aditya,Bose,Consumer,Tier 1,South,Tamil Nadu,146651.0,Clothing,Kidswear,1275.71,1.0,0.3,40.13
ORD-003970,12-05-2023,19-05-2023,Same Day,CUST-00530,Arjun,Bose,Corporate,Tier 2,North,Uttar Pradesh,562903.0,Furniture,Tables,31634.44,3.0,0.0,6486.94
ORD-003971,13-11-2021,20-11-2021,First Class,CUST-00255,Reyansh,Menon,Consumer,Tier 1,South,Karnataka,299298.0,Clothing,Kidswear,3549.66,4.0,0.0,763.0
ORD-003972,20-08-2023,27-08-2023,Same Day,CUST-00419,Priya,Nair,Consumer,Tier 1,East,West Bengal,326226.0,Electronics,Laptops,29340.21,2.0,0.0,8897.36
ORD-003973,15-07-2019,22-07-2019,Same Day,CUST-00006,Diya,Mukherjee,SMB,Tier 2,South,Kerala,624064.0,Electronics,Mobiles,9004.97,1.0,0.0,1087.03
ORD-003974,01-08-2020,07-08-2020,Second Class,CUST-00372,Vihaan,Bose,Corporate,Tier 2,West,Maharashtra,471172.0,Electronics,Accessories,34065.3,5.0,0.0,7965.28
ORD-003975,25-05-2023,29-05-2023,Second Class,CUST-00388,Reyansh,Sharma,Consumer,Tier 2,West,Goa,341710.0,Electronics,Mobiles,33040.12,3.0,0.2,6917.69
ORD-003976,03-09-2021,07-09-2021,Standard Class,CUST-00146,Reyansh,Gupta,Corporate,Tier 1,North,Delhi,523848.0,Grocery,Staples,1921.84,5.0,0.2,328.27
ORD-003977,07-03-2019,11-03-2019,Second Class,CUST-00169,Reyansh,Iyer,Consumer,Tier 1,North,Uttar Pradesh,169116.0,Grocery,Household,1275.42,2.0,0.2,344.7
ORD-003978,17-01-2023,20-01-2023,Second Class,CUST-00503,Sai,Bose,Consumer,Tier 1,West,Goa,858268.0,Electronics,Accessories,13906.35,1.0,0.05,1699.35
ORD-003979,09-01-2019,10-01-2019,Second Class,CUST-00325,Aditya,Bose,Consumer,Tier 1,South,Tamil Nadu,592722.0,Clothing,Footwear,4815.6,3.0,0.2,17.99
ORD-003980,06-02-2022,07-02-2022,Standard Class,CUST-00236,Diya,Gupta,Corporate,Tier 1,West,Madhya Pradesh,764489.0,Electronics,Mobiles,80252.31,4.0,0.2,14209.17
ORD-003981,14-08-2019,19-08-2019,Second Class,CUST-00232,Vihaan,Verma,SMB,Tier 1,South,Karnataka,555256.0,Clothing,Kidswear,1074.64,1.0,0.0,267.18
ORD-003982,16-01-2019,17-01-2019,Same Day,CUST-00171,Ishaan,Nair,Consumer,Village,East,Bihar,737889.0,Furniture,Storage,29241.75,4.0,0.05,8749.89
ORD-003983,25-06-2021,30-06-2021,Same Day,CUST-00003,Aadhya,Chatterjee,Corporate,Tier 1,North,Rajasthan,767259.0,Clothing,Footwear,2622.24,2.0,0.3,387.74
ORD-003984,24-06-2019,30-06-2019,First Class,CUST-00116,Kavya,Das,Consumer,Village,South,Andhra Pradesh,551175.0,Clothing,Kidswear,2126.47,1.0,0.2,-3.14
ORD-003985,01-08-2019,03-08-2019,Second Class,CUST-00424,Rohan,Bose,Consumer,Tier 1,East,Bihar,440608.0,Grocery,Staples,1603.43,4.0,0.05,230.21
ORD-003986,01-12-2020,06-12-2020,Standard Class,CUST-00451,Aadhya,Reddy,Consumer,Village,West,Maharashtra,644011.0,Grocery,Household,1906.13,5.0,0.3,175.88
ORD-003987,07-02-2020,10-02-2020,Standard Class,CUST-00294,Isha,Gupta,SMB,Tier 2,East,Odisha,115182.0,Clothing,Kidswear,1817.09,2.0,0.1,287.26
ORD-003988,19-06-2023,21-06-2023,Standard Class,CUST-00196,Arjun,Nair,Corporate,Tier 1,West,Goa,724414.0,Grocery,Staples,663.18,1.0,0.15,90.7
ORD-003989,09-02-2020,15-02-2020,Same Day,CUST-00503,Sai,Bose,Consumer,Tier 1,West,Goa,141894.0,Clothing,Kidswear,6923.48,4.0,0.15,1039.66
ORD-003990,16-12-2023,20-12-2023,Same Day,CUST-00560,Meera,Chatterjee,Consumer,Tier 2,North,Rajasthan,494549.0,Grocery,Snacks,2028.24,4.0,0.15,362.7
ORD-003991,29-05-2021,05-06-2021,First Class,CUST-00522,Ananya,Bose,SMB,Tier 2,North,Delhi,742372.0,Furniture,Furnishings,7724.47,2.0,0.0,1904.25
ORD-003992,18-07-2020,21-07-2020,Standard Class,CUST-00476,Priya,Iyer,Consumer,Village,South,Andhra Pradesh,833020.0,Clothing,Footwear,3554.36,3.0,0.0,551.55
ORD-003993,28-09-2020,04-10-2020,First Class,CUST-00333,Aadhya,Mukherjee,Corporate,Village,North,Delhi,310599.0,Clothing,Kidswear,4503.68,4.0,0.05,-106.3
ORD-003994,18-04-2020,19-04-2020,First Class,CUST-00088,Ananya,Mukherjee,Corporate,Tier 2,West,Gujarat,137632.0,Clothing,Womenswear,3135.01,2.0,0.1,671.48
ORD-003995,16-09-2022,20-09-2022,First Class,CUST-00148,Sai,Singh,Consumer,Tier 2,East,Odisha,649986.0,Furniture,Chairs,17682.56,2.0,0.15,2871.69
ORD-003996,07-03-2020,08-03-2020,Same Day,CUST-00130,Aarav,Patel,SMB,Tier 1,South,Karnataka,313022.0,Clothing,Kidswear,10704.75,5.0,0.3,1970.88
ORD-003997,13-05-2021,18-05-2021,Second Class,CUST-00292,Saanvi,Bose,Corporate,Tier 2,South,Andhra Pradesh,405338.0,Grocery,Household,1945.17,5.0,0.2,192.5
ORD-003998,29-09-2020,05-10-2020,Second Class,CUST-00455,Arjun,Iyer,Consumer,Village,North,Uttar Pradesh,169469.0,Grocery,Beverages,1048.04,3.0,0.2,212.68
ORD-003999,12-05-2019,15-05-2019,Standard Class,CUST-00316,Reyansh,Iyer,SMB,Tier 2,North,Delhi,773747.0,Electronics,Mobiles,26813.36,2.0,0.3,4263.11
ORD-004000,17-06-2021,21-06-2021,Same Day,CUST-00461,Isha,Reddy,SMB,Tier 1,West,Goa,716794.0,Clothing,Footwear,1307.53,1.0,0.3,140.61
ORD-000201,06-10-2019,09-10-2019,First Class,CUST-00040,Aarav,Patel,Corporate,Tier 1,South,Kerala,311028.0,Furniture,Furnishings,4632.28,1.0,0.05,931.24
ORD-001079,02-10-2022,06-10-2022,Second Class,CUST-00151,Ananya,Gupta,Corporate,Tier 2,West,Maharashtra,514968.0,Clothing,Kidswear,2597.02,4.0,0.05,450.32
ORD-000611,20-12-2020,26-12-2020,,CUST-00344,Aadhya,Chatterjee,Corporate,Tier 2,South,Andhra Pradesh,776434.0,Clothing,Kidswear,3963.28,5.0,0.0,403.51
ORD-002160,17-06-2021,19-06-2021,Second Class,CUST-00553,Priya,Chatterjee,Corporate,Tier 1,West,Maharashtra,457308.0,Clothing,Menswear,1023.55,1.0,0.15,262.92
ORD-001170,10-05-2019,11-05-2019,Same Day,CUST-00008,Anika,Chatterjee,Consumer,Tier 1,South,Telangana,638139.0,Grocery,Snacks,932.48,2.0,0.1,121.03
ORD-002449,26-08-2022,30-08-2022,Same Day,CUST-00488,Priya,Verma,SMB,Tier 1,North,Delhi,100346.0,Furniture,Furnishings,6508.27,1.0,0.0,1332.43
ORD-002939,15-04-2021,18-04-2021,Standard Class,CUST-00559,Aadhya,Bose,Consumer,Tier 2,West,Maharashtra,869457.0,Clothing,Menswear,4069.45,5.0,0.2,858.91
ORD-000814,28-08-2021,29-08-2021,First Class,CUST-00419,Priya,Nair,Consumer,Tier 1,East,West Bengal,233874.0,Furniture,Chairs,47691.27,5.0,0.2,7383.18
ORD-001269,27-07-2019,02-08-2019,First Class,CUST-00112,Meera,Nair,SMB,Tier 1,West,Goa,139181.0,Grocery,Staples,957.15,4.0,0.0,47.16
ORD-000871,20-08-2023,27-08-2023,Standard Class,CUST-00421,Aadhya,Bose,SMB,Tier 2,North,Rajasthan,567781.0,Grocery,Snacks,392.54,1.0,0.5,48.32
ORD-000103,13-07-2023,18-07-2023,Standard Class,CUST-00058,Vihaan,Bose,SMB,Tier 2,South,Andhra Pradesh,587045.0,Grocery,Staples,247.37,2.0,0.0,39.18
ORD-003257,24-02-2020,01-03-2020,Standard Class,CUST-00481,Meera,Chatterjee,Consumer,Tier 1,West,Maharashtra,482164.0,Electronics,Cameras,102673.44,5.0,0.3,18132.19
ORD-001099,23-05-2020,24-05-2020,Second Class,CUST-00093,Myra,Nair,Corporate,Tier 2,East,Jharkhand,242835.0,Grocery,Beverages,924.46,3.0,0.0,255.05
ORD-001815,13-04-2023,16-04-2023,Second Class,CUST-00469,Vivaan,Reddy,SMB,Tier 1,East,West Bengal,831094.0,Furniture,Tables,38696.3,5.0,0.3,5863.97
ORD-001420,11-10-2021,13-10-2021,Second Class,CUST-00087,Aadhya,Iyer,SMB,Village,East,Odisha,756109.0,Furniture,Storage,23240.3,4.0,0.15,6532.43
,,,,,,,,,,,,,,,,,
,,,,,,,,,,,,,,,,,
,,,,,,,,,,,,,,,,,
,,,,,,,,,,,,,,,,,
,,,,,,,,,,,,,,,,,
